證券代碼,年月,營收成長率,ROE(A)－稅後
000930 華南永昌證券,202506,-16.75,2.93
000960 富邦證券,202506,-11.8,3.91
000980 元大證券,202506,2.54,3.42
0009A0 永豐金證券,202506,-13.94,2.4
1101 台泥,202506,-9.28,0.25
1102 亞泥,202506,-14.6,1.6
1103 嘉泥,202506,4.1,-1.5
1104 環泥,202506,-5.89,1.67
1108 幸福,202506,-4.64,10.65
1109 信大,202506,-8.13,1.11
1110 東泥,202506,23.79,0.07
1201 味全,202506,-6.45,0.36
1203 味王,202506,-7.31,0.93
1210 大成,202506,-0.49,2.1
1213 大飲,202506,64.78,-1.87
1215 卜蜂,202506,5.31,6.99
1216 統一,202506,4.6,4.36
1217 愛之味,202506,3.39,0.95
1218 泰山,202506,-4.9,1.12
1219 福壽,202506,0.72,-1.71
1220 台榮,202506,-2.03,0.13
1225 福懋油,202506,-1.77,2.82
1227 佳格,202506,-2.87,0.57
1229 聯華,202506,4.22,2.97
1231 聯華食,202506,12.42,3.5
1232 大統益,202506,-4.38,5.8
1233 天仁,202506,0.21,0.96
1234 黑松,202506,8.24,0.76
1235 興泰,202506,68.79,1.59
1236 宏亞,202506,-2.64,-2.06
1240 茂生農經,202506,-7.49,3.63
1256 鮮活果汁-KY,202506,-11.23,3.68
1259 安心,202506,0.41,0.91
1260 富味鄉,202506,-2.41,0.65
1264 德麥,202506,2.9,5.49
1268 漢來美食,202506,7.54,3.24
1269 乾杯,202506,-0.44,-1.06
1271 晨暉生技,202506,-3.86,1.36
1293 利統,202506,23.66,6.2
1294 漢田生技,202506,-10.41,4.74
1295 生合,202506,28.29,5.58
1301 台塑,202506,-11.2,-2.38
1303 南亞,202506,-1.04,-1.22
1304 台聚,202506,-14.01,-5
1305 華夏,202506,-13.58,-4.87
1307 三芳,202506,-0.92,-0.52
1308 亞聚,202506,-10.33,-2.75
1309 台達化,202506,-22.12,-4.09
1310 台苯,202506,-28.74,-2.7
1312 國喬,202506,5.25,-2.96
1313 聯成,202506,-26.5,-0.56
1314 中石化,202506,-42.45,-1.9
1315 達新,202506,10.26,-0.62
1316 上曜,202506,154.39,0.51
1319 東陽,202506,-4.72,1.72
1321 大洋,202506,-28.49,-1.5
1323 永裕,202506,-34.81,-0.18
1324 地球,202506,-6.62,-3.7
1325 恆大,202506,8.93,-1.87
1326 台化,202506,-23.77,-2.38
1336 台翰,202506,1.2,-0.26
1337 再生-KY,202506,-6.42,-2.74
1338 廣華-KY,202506,-7.59,-2.8
1339 昭輝,202506,-6.69,-1.4
1340 勝悅-KY,202506,-46.33,-2.27
1341 富林-KY,202506,-17.26,1.24
1342 八貫,202506,13.92,3.14
1343 旭東環保,202506,-72.57,-12.94
1402 遠東新,202506,-11.01,1
1408 中紡,202506,5.86,
1409 新纖,202506,-15.1,-0.37
1410 南染,202506,-3.56,-0.94
1413 宏洲,202506,22.79,5.11
1414 東和,202506,-11.42,0.3
1416 廣豐,202506,5.78,0.62
1417 嘉裕,202506,-40.12,0.53
1418 東華,202506,-71.04,-3.64
1419 新紡,202506,5.47,2.14
1423 利華,202506,-19.9,1.83
1432 大魯閣,202506,4.78,-2.46
1434 福懋,202506,-4.96,-0.1
1435 中福,202506,-51.08,-1.03
1436 華友聯,202506,-33.61,6.6
1437 勤益控,202506,3.6,-0.45
1438 三地開發,202506,-100,-1
1439 雋揚,202506,212.65,1.44
1440 南紡,202506,-14.61,0.09
1441 大東,202506,-12.07,-6.29
1442 名軒,202506,-75.17,3.24
1443 立益物流,202506,16,-3.21
1444 力麗,202506,-15.71,-2.95
1445 大宇,202506,-23.91,-3.44
1446 宏和,202506,-36.54,5.06
1447 力鵬,202506,-16.04,-4.91
1449 佳和,202506,0.67,-0.72
1451 年興,202506,8.88,-1.24
1452 宏益,202506,-22.08,-1.94
1453 大將,202506,8.75,0.05
1454 台富,202506,-3.27,-4.25
1455 集盛,202506,-36.06,-3.35
1456 怡華,202506,14.79,-0.48
1457 宜進,202506,8.02,-0.01
1459 聯發,202506,-16.94,8.19
1460 宏遠,202506,-12.57,-2.63
1463 強盛新,202506,-30.46,-1.57
1464 得力,202506,1.6,-4.29
1465 偉全,202506,-9.95,-6.9
1466 聚隆,202506,-4.62,-3.65
1467 南緯,202506,11.57,-7.02
1468 昶和,202506,-38.53,-6.99
1470 大統新創,202506,6.45,-1.42
1471 首利,202506,-29.8,-2.56
1472 三洋實業,202506,66.28,4.17
1473 台南,202506,-8.03,-1.25
1474 弘裕,202506,-12.65,-0.29
1475 業旺,202506,-29.69,-5.04
1476 儒鴻,202506,1.3,2.32
1477 聚陽,202506,-0.07,4.71
1480 東盟開發,202506,23.67,-3.94
1503 士電,202506,8.43,2.47
1504 東元,202506,7.42,2.05
1506 正道,202506,12.44,-0.43
1512 瑞利,202506,-2.62,0.29
1513 中興電,202506,15.82,4.92
1514 亞力,202506,16.26,3.19
1515 力山,202506,-18.59,-2.32
1516 川飛,202506,-92.61,-1.32
1517 利奇,202506,-0.7,-3.9
1519 華城,202506,30.73,10.53
1521 大億,202506,-13.83,-1.57
1522 堤維西,202506,-16.66,-3.35
1524 耿鼎,202506,-16.41,-0.94
1525 江申,202506,-21.91,1.23
1526 日馳,202506,-1.74,-2.32
1527 鑽全,202506,-1.81,-1.97
1528 恩德,202506,-21.27,-5.92
1529 樂事綠能,202506,0.78,7.32
1530 亞崴,202506,5.6,-2.05
1531 高林股,202506,-11.34,-2.89
1532 勤美,202506,-53.96,0.6
1533 車王電,202506,42.75,-1.1
1535 中宇,202506,17.19,3.33
1536 和大,202506,-31.29,-5.09
1537 廣隆,202506,-21.27,2.31
1538 正峰,202506,9.4,19.71
1539 巨庭,202506,14.12,-2.75
1540 喬福,202506,-20.44,-2.13
1541 錩泰,202506,35,-1.27
1557 金豐機器,202506,-7.01,3.08
1558 伸興,202506,5.69,1.17
1560 中砂,202506,22.16,3.84
1563 巧新,202506,-8.46,-0.73
1565 精華,202506,6.14,0.46
1568 倉佑,202506,-0.93,0
1569 濱川,202506,13.08,-10.43
1570 力肯,202506,-38.75,0.01
1580 新麥,202506,1.48,5.42
1582 信錦,202506,-14.98,1.74
1583 程泰,202506,-18.42,-2.46
1584 精剛,202506,-19.44,-1.12
1585 鎧鉅,202506,4.51,
1586 和勤,202506,-7.04,-0.59
1587 吉茂,202506,23.73,0.32
1589 永冠-KY,202506,19.82,-1.28
1590 亞德客-KY,202506,6.23,4.5
1591 駿吉-KY,202506,-49.24,-5.73
1593 祺驊,202506,17.05,1.85
1594 日高,202506,9.17,-2.4
1595 川寶,202506,-11.07,-2.07
1597 直得,202506,8.67,0.05
1598 岱宇,202506,-13.15,-4.38
1599 宏佳騰,202506,12.76,-2.6
1602 太電,202506,15.61,3.66
1603 華電,202506,24.85,2.15
1604 聲寶,202506,0.01,1.68
1605 華新,202506,-3.9,0.25
1608 華榮,202506,-5.8,2.64
1609 大亞,202506,5.2,5.73
1611 中電,202506,-7.54,-1.03
1612 宏泰,202506,22.45,3.88
1613 台一,202506,22.25,13.01
1614 三洋電,202506,-2.56,1.21
1615 大山,202506,-4.87,6.23
1616 億泰,202506,18.63,8.9
1617 榮星,202506,-10.7,-2.81
1618 合機,202506,59.13,3.33
1623 大東電,202506,,8.53
1626 艾美特-KY,202506,-7.37,5.02
1702 南僑,202506,-1.79,0.58
1707 葡萄王,202506,-6.86,3.66
1708 東鹼,202506,-10.55,0.38
1709 和益,202506,-26.33,0.64
1710 東聯,202506,-10.47,-1.72
1711 永光,202506,-9.75,-0.97
1712 興農,202506,1.36,3.78
1713 國化,202506,-33.39,2.39
1714 和桐,202506,14.92,2.2
1716 永信藥品,202506,13.58,11
1717 長興,202506,-10.07,1.38
1718 中纖,202506,-2.55,1.65
1720 生達,202506,3.85,2.94
1721 三晃,202506,-36.64,-6.53
1722 台肥,202506,3.18,0.79
1723 中碳,202506,-29.42,1.95
1725 元禎,202506,5.83,-0.2
1726 永記,202506,10.92,1.85
1727 中華化,202506,-3.14,0.4
1730 花仙子,202506,-6.29,3.04
1731 美吾華,202506,6.96,2.49
1732 毛寶,202506,16.29,-0.65
1733 五鼎,202506,16.43,1.62
1734 杏輝,202506,5.67,1.84
1735 日勝化,202506,-17.17,-1.09
1736 喬山,202506,19.38,0.97
1737 臺鹽,202506,6.65,1.34
1742 台蠟,202506,-61.91,-4.02
1752 南光,202506,5.74,2.2
1760 寶齡富錦,202506,-0.52,2.1
1762 中化生,202506,-25.4,-2.03
1773 勝一,202506,8.08,4.72
1776 展宇,202506,-12.23,-1.11
1777 生泰,202506,-5.3,0.69
1780 立弘,202506,11.21,-3.75
1781 合世,202506,-40.77,-10.92
1783 和康生,202506,20,4.08
1784 訊聯,202506,3.96,0.02
1785 光洋科,202506,25.34,-2.18
1786 科妍,202506,-0.51,-0.93
1788 杏昌,202506,-2.45,3.3
1789 神隆,202506,-1.95,0.33
1795 美時,202506,0.09,3.5
1796 金穎生技,202506,44.83,0.11
1799 易威,202506,-11.09,-7.12
1802 台玻,202506,-5.94,-1.89
1805 寶徠,202506,364.59,-0.6
1806 冠軍,202506,10.82,0.21
1808 潤隆,202506,-99.28,-0.65
1809 中釉,202506,0.89,0.25
1810 和成,202506,-1.04,0.44
1813 寶利徠,202506,-0.04,-7.45
1815 富喬,202506,31.82,-0.43
1817 凱撒衛,202506,-7.08,3
1819 豐鼎,202506,45.32,-4.66
1903 士紙,202506,2.17,-0.72
1904 正隆,202506,0.78,-0.23
1905 華紙,202506,-12.39,-1.58
1906 寶隆,202506,0.55,-2.09
1907 永豐餘,202506,-7.84,0.02
1909 榮成,202506,-11.2,-2.14
2002 中鋼,202506,-10.02,-0.7
2006 東和鋼鐵,202506,1.55,3.56
2007 燁興,202506,-21.19,-6.41
2008 高興昌,202506,37.18,1.85
2009 第一銅,202506,-11.69,-0.97
2010 春源,202506,2.73,3.23
2012 春雨,202506,2.35,0.69
2013 中鋼構,202506,21.66,2.71
2014 中鴻,202506,-34.31,-6.12
2015 豐興,202506,-7.33,3.16
2017 官田鋼,202506,-19.9,0.06
2020 美亞,202506,-26.19,2.89
2022 聚亨,202506,2.84,0.24
2023 燁輝,202506,-8.96,-4.01
2024 志聯,202506,-15.11,-0.96
2025 千興,202506,-17.91,-10.31
2027 大成鋼,202506,5.3,1.69
2028 威致,202506,-9.57,1.01
2029 盛餘,202506,10.41,-0.03
2030 彰源,202506,-25.89,-1.39
2031 新光鋼,202506,25.44,8.72
2032 新鋼,202506,2.8,-0.53
2033 佳大,202506,21.74,0.4
2034 允強,202506,-5.99,-3.08
2035 唐榮,202506,-15.32,-14.62
2038 海光,202506,7.67,-0.78
2049 上銀,202506,-4.16,0.28
2056 璋釔,202506,-4.68,-1.21
2059 川湖,202506,68.03,2.72
2061 風青,202506,-9.52,-8.83
2062 橋椿,202506,-25.7,0.33
2063 世鎧,202506,-22.68,0.98
2064 晉椿,202506,-17,-8.16
2065 世豐,202506,-18.96,-4.36
2066 世德,202506,-8.45,-2.95
2067 嘉鋼,202506,10.56,-13.14
2069 運錩,202506,-6.43,1.25
2070 精湛,202506,-17.29,0.28
2071 震南鐵,202506,18.15,3.72
2072 世紀風電,202506,28.21,2.52
2073 雄順,202506,-7.69,-0.45
2101 南港,202506,2.29,-2.34
2102 泰豐,202506,3.82,-16.35
2103 台橡,202506,2.05,-0.16
2104 國際中橡,202506,-12.14,-0.7
2105 正新,202506,-5.58,1.11
2106 建大,202506,-1.83,-0.45
2107 厚生,202506,-35.46,1.1
2108 南帝,202506,-14.19,0.47
2109 華豐,202506,-6.09,0.98
2114 鑫永銓,202506,9.23,2.91
2115 六暉-KY,202506,-8.01,2.21
2201 裕隆,202506,-21.81,0.91
2204 中華,202506,-27.34,1.87
2206 三陽工業,202506,-4.8,3.77
2207 和泰車,202506,-5.7,4.59
2208 台船,202506,151.21,-22.8
2211 長榮鋼,202506,8.54,4.5
2221 大甲,202506,14.54,2
2227 裕日車,202506,-37.97,-0.93
2228 劍麟,202506,2.42,1.75
2230 泰茂,202506,5.74,-1.71
2231 為升,202506,-16.45,-4.78
2233 宇隆,202506,-10.97,2.09
2235 謚源,202506,8.39,-1.31
2236 百達-KY,202506,442.78,-1.79
2237 華德動能,202506,,4.28
2239 英利-KY,202506,-12.69,0.7
2241 艾姆勒,202506,-14.09,-1.28
2243 宏旭-KY,202506,-19.98,9.84
2245 詠勝昌*,202506,3.33,6.03
2246 凱勝綠能,202506,-55.48,-6.29
2247 汎德永業,202506,-6.42,4.02
2248 華勝-KY,202506,-14.32,2.76
2249 湧盛,202506,,1.32
2250 IKKA-KY,202506,-3.9,1.67
2252 為昇科,202506,-17.88,-20.86
2254 巨鎧精密-創,202506,-31.29,0.28
2255 凱銳光電,202506,34,-18.93
2256 歐特明,202506,-4.08,-20.75
2258 鴻華先進-創,202506,-67.09,-4.02
2301 光寶科,202506,21.44,3.7
2302 麗正,202506,6.44,0.66
2303 聯電,202506,3.45,2.43
2305 全友,202506,13.67,-1.21
2308 台達電,202506,19.91,5.47
2312 金寶,202506,-6.64,1
2313 華通,202506,7.8,1.97
2314 台揚,202506,-36.06,-21.69
2316 楠梓電,202506,4.11,7.31
2317 鴻海,202506,15.67,2.85
2321 東訊,202506,17.33,0.63
2323 中環,202506,-8.25,3.49
2324 仁寶,202506,-23.93,0.66
2327 國巨*,202506,4.31,3.23
2328 廣宇,202506,5.26,1.67
2329 華泰,202506,29.64,3.48
2330 台積電,202506,38.65,8.62
2331 精英,202506,7.7,-0.49
2332 友訊,202506,-15.31,-1.16
2337 旺宏,202506,5.33,-2.95
2338 光罩,202506,-20.42,-13.98
2340 台亞,202506,6.48,-5.39
2342 茂矽,202506,10.73,-2.41
2344 華邦電,202506,-2.17,-1.7
2345 智邦,202506,148.25,12.69
2347 聯強,202506,-6.88,1.98
2348 海悅,202506,-8.08,1.73
2349 錸德,202506,19.13,-1.34
2351 順德,202506,-6.81,-0.52
2352 佳世達,202506,7.23,0.61
2353 宏碁,202506,-0.9,1.69
2354 鴻準,202506,205.41,0.52
2355 敬鵬,202506,-1.86,0.58
2356 英業達,202506,21.03,3.33
2357 華碩,202506,29.74,3.61
2359 所羅門,202506,37.05,-2.96
2360 致茂,202506,17.05,8.26
2362 藍天,202506,-15.3,-0.56
2363 矽統,202506,1168.73,3.65
2364 倫飛,202506,26.35,1.72
2365 昆盈,202506,-11.72,-0.33
2367 燿華,202506,-16.01,0.46
2368 金像電,202506,44.71,8.28
2369 菱生,202506,-0.27,-2.71
2371 大同,202506,2.66,0.57
2373 震旦行,202506,-9.49,3.26
2374 佳能,202506,52.05,1.15
2375 凱美,202506,1.73,0.22
2376 技嘉,202506,38.33,6
2377 微星,202506,31.38,2.69
2379 瑞昱,202506,4.04,8.82
2380 虹光,202506,18.78,35.78
2382 廣達,202506,62.64,8.62
2383 台光電,202506,45.69,9.98
2384 勝華,202506,-68.89,
2385 群光,202506,-0.73,5.13
2387 精元,202506,-22.56,-0.05
2388 威盛,202506,-28.2,-2.89
2390 云辰,202506,-8.25,-2.31
2392 正崴,202506,-0.37,-16.04
2393 億光,202506,-8.75,1.62
2395 研華,202506,21.8,4.13
2397 友通,202506,29.44,2.51
2399 映泰,202506,-14.23,-2.81
2401 凌陽,202506,-4.58,0.48
2402 毅嘉,202506,17.51,3.26
2404 漢唐,202506,30.02,11.94
2405 輔信,202506,-4.45,-1.65
2406 國碩,202506,-44.2,-7.34
2408 南亞科,202506,6.1,-2.58
2409 友達,202506,-6.85,1.21
2412 中華電,202506,4.83,2.69
2413 環科,202506,7,-7.45
2414 精技,202506,33.87,3.03
2415 錩新,202506,5.18,1.74
2417 圓剛,202506,0.29,-3.14
2419 仲琦,202506,-1.89,-0.55
2420 新巨,202506,3.1,2.91
2421 建準,202506,26.83,4.75
2423 固緯,202506,8.69,2.93
2424 隴華,202506,59.67,-8.94
2425 承啟,202506,244.05,-6.51
2426 鼎元,202506,2.66,-0.53
2427 三商電,202506,147.57,1.99
2428 興勤,202506,5.4,2.71
2429 銘旺科,202506,28.42,-5.08
2430 燦坤,202506,-4.53,0
2431 聯昌,202506,22.13,-1.72
2432 倚天酷碁-創,202506,19.98,1.46
2433 互盛電,202506,-3.74,2.34
2434 統懋,202506,-16.56,-4.04
2436 偉詮電,202506,24.5,0.48
2438 翔耀,202506,40.4,-3.58
2439 美律,202506,0.31,0.61
2440 太空梭,202506,-22.37,-2.43
2441 超豐,202506,8.41,2.11
2442 新美齊,202506,116.59,1.2
2443 昶虹,202506,,-14.22
2444 兆勁,202506,-5.62,-10.24
2449 京元電子,202506,94.21,4.74
2450 神腦,202506,-1.61,1.36
2451 創見,202506,38.53,2.37
2453 凌群,202506,10.34,2.92
2454 聯發科,202506,18.15,7.19
2455 全新,202506,-18.45,1.15
2457 飛宏,202506,-7.09,-3.53
2458 義隆,202506,-3.8,3.23
2459 敦吉,202506,-7.31,2.76
2460 建通,202506,-11.44,-5.8
2461 光群雷,202506,-8.46,-2.84
2462 良得電,202506,1.87,-3.61
2464 盟立,202506,-6.17,-2.4
2465 麗臺,202506,2.32,5.2
2466 冠西電,202506,-23.18,-7.97
2467 志聖,202506,11.91,4.95
2468 華經,202506,11.07,1.3
2471 資通,202506,15.17,0.57
2472 立隆電,202506,6.41,2.67
2474 可成,202506,8.82,-0.63
2476 鉅祥,202506,9.89,0.49
2477 美隆電,202506,-8.7,2.92
2478 大毅,202506,12.22,1.29
2480 敦陽科,202506,21.97,6.83
2481 強茂,202506,3.64,2.04
2482 連宇,202506,-11.66,-4.31
2483 百容,202506,-6.88,4.01
2484 希華,202506,25.34,-0.48
2485 兆赫,202506,-32.81,-4.16
2486 一詮,202506,19.38,-0.39
2488 漢平,202506,2.67,3.2
2489 瑞軒,202506,8.94,-0.02
2491 吉祥全,202506,-14.83,5.34
2492 華新科,202506,7.46,-0.45
2493 揚博,202506,0.96,1.79
2495 普安,202506,-16.26,-3.79
2496 卓越,202506,4.66,2.03
2497 怡利電,202506,-6.84,-0.77
2498 宏達電,202506,-9.33,-2.96
2501 國建,202506,43.29,4.59
2504 國產,202506,6.98,3.89
2505 國揚,202506,89.44,0.58
2506 太設,202506,-41.96,-0.79
2509 全坤建,202506,-89.19,-0.91
2511 太子,202506,-2.23,0.58
2514 龍邦,202506,-4.03,0.86
2515 中工,202506,-10.7,0.66
2516 新建,202506,10.98,1
2520 冠德,202506,-48.38,1.57
2524 京城,202506,-32.33,0.04
2527 宏璟,202506,-99.02,-0.23
2528 皇普,202506,376009.96,4.33
2530 華建,202506,93.4,9.58
2534 宏盛,202506,651.66,2.58
2535 達欣工,202506,46.88,4.3
2536 宏普,202506,1444.85,3.19
2537 聯上發,202506,-85.82,-0.49
2538 基泰,202506,-89.88,-2.17
2539 櫻花建,202506,207.2,2.3
2540 愛山林,202506,74.63,3.67
2542 興富發,202506,-51.99,0.64
2543 皇昌,202506,-33.95,3.57
2545 皇翔,202506,11.2,6.71
2546 根基,202506,52.41,4.99
2547 日勝生,202506,-21.41,-0.08
2548 華固,202506,16.17,1.87
2596 綠意,202506,456.36,2.82
2597 潤弘,202506,14.87,8.85
2599 樂揚,202506,29.06,-0.5
2601 益航,202506,-15.8,-1.81
2603 長榮,202506,-18.66,1.96
2605 新興,202506,-5.79,0.7
2606 裕民,202506,-13.25,1.75
2607 榮運,202506,-19.43,2.06
2608 嘉里大榮,202506,5.88,2.51
2609 陽明,202506,-26.48,0.31
2610 華航,202506,2.12,4.44
2611 志信,202506,3.43,1.32
2612 中航,202506,8.13,2.82
2613 中櫃,202506,4.26,1.11
2614 東森,202506,-3.5,3.03
2615 萬海,202506,-8.67,0.42
2616 山隆,202506,-32.94,-5.38
2617 台航,202506,-9.43,1.02
2618 長榮航,202506,-0.12,5.36
2630 亞航,202506,9.47,2.48
2633 台灣高鐵,202506,1.8,2.27
2634 漢翔,202506,-7.53,-1.27
2636 台驊控股,202506,-17.01,3.5
2637 慧洋-KY,202506,-31.18,0.97
2640 大車隊,202506,3.17,6.52
2641 正德,202506,39.66,2.89
2642 宅配通,202506,-2.68,0.54
2643 捷迅,202506,68.95,0.25
2644 中信造船,202506,2.81,0.29
2645 長榮航太,202506,17.22,2.2
2646 星宇航空,202506,29.17,0.03
2701 萬企,202506,-20.09,0.88
2702 華園,202506,-6.39,-5.2
2704 國賓,202506,3.4,0.95
2705 六福,202506,8.15,-0.37
2706 第一店,202506,4.37,1.01
2707 晶華,202506,13.81,9.02
2712 遠雄來,202506,306.98,-1.47
2718 全心投控,202506,2170.05,13.89
2719 燦星旅,202506,-9,-4.25
2722 夏都,202506,-8.69,-0.71
2723 美食-KY,202506,-1.28,1.12
2724 藝舍-KY,202506,-21.7,-0.75
2726 雅茗-KY,202506,13.42,-5.96
2727 王品,202506,2.25,6.91
2729 瓦城,202506,-3.45,2.95
2731 雄獅,202506,4.93,8.15
2732 六角,202506,0.91,-1.31
2733 維格餅家,202506,-17.93,-10.35
2734 易飛網,202506,107.81,-2.37
2736 富野,202506,49.28,-3.34
2739 寒舍,202506,4.28,2.64
2740 華軒,202506,-39,-24.67
2741 老四川,202506,-5.16,0.77
2743 山富,202506,-4.09,-4.55
2745 五福,202506,5.93,3.72
2748 雲品,202506,3.06,-0.95
2750 桃禧,202506,16.05,-0.76
2751 王座,202506,18.82,4.7
2752 豆府,202506,11.76,7.1
2753 八方雲集,202506,10.12,4.97
2754 亞洲藏壽司,202506,21.29,2.52
2755 揚秦,202506,21.84,6.11
2756 聯發國際,202506,84.29,3.24
2758 路易莎咖啡,202506,,2.59
2760 巨宇翔,202506,50.05,-8.74
2761 橘焱胡同,202506,16.66,-2.9
2762 世界健身-KY,202506,10.03,2.68
2801 彰銀,202506,12.67,2.45
2807 渣打銀行,202506,-11.94,1.68
2809 京城銀,202506,-16.91,1.67
2812 台中銀,202506,-5.32,2.42
2816 旺旺保,202506,-1.38,2.66
2820 華票,202506,98.41,2.2
2823 凱基人壽,202506,-23.53,-3.11
2832 台產,202506,-7.42,1.81
2833 台壽,202506,-19.97,1.06
2834 臺企銀,202506,9.65,2.58
2836 高雄銀,202506,11.63,1.29
2837 凱基銀行,202506,7.4,2.24
2838 聯邦銀,202506,-0.27,1.77
2845 遠東銀,202506,-6.77,1.27
2848 華南保,202506,2.44,5.33
2849 安泰銀,202506,-1.59,0.94
2850 新產,202506,4.27,5.25
2851 中再保,202506,-27.57,0.93
2852 第一保,202506,-6.67,2.52
2855 統一證,202506,-35.8,1.7
2856 元富證,202506,-38.26,1.61
2867 三商壽,202506,-136.94,-2.5
2880 華南金,202506,-6.14,2.85
2881 富邦金,202506,-95.53,1.15
2882 國泰金,202506,-65.63,1.64
2883 凱基金,202506,-103.02,-1.14
2884 玉山金,202506,16.27,3.11
2885 元大金,202506,-15.11,2.75
2886 兆豐金,202506,-2.35,2.76
2887 台新新光金,202506,-6.5,2.48
2889 國票金,202506,-29.39,0.45
2890 永豐金,202506,4.69,2.6
2891 中信金,202506,12.9,3.26
2892 第一金,202506,5.64,2.5
2893 新光銀行,202506,1.74,2.68
2897 王道銀行,202506,1.93,1.45
2901 欣欣,202506,2.38,0.68
2903 遠百,202506,-3.95,1.29
2904 匯僑,202506,3.16,1.83
2905 三商,202506,31.77,-1.56
2906 高林,202506,-14.16,0.93
2908 特力,202506,-14.47,-1.35
2910 統領,202506,-35.54,0.78
2911 麗嬰房,202506,-15.14,-24.62
2912 統一超,202506,5.48,7.27
2913 農林,202506,22.25,-0.26
2915 潤泰全,202506,-1.74,1
2916 滿心,202506,2.69,4.09
2920 海景,202506,-4.82,-1.75
2923 鼎固-KY,202506,0.5,-1.25
2924 宏太-KY,202506,-79.56,-2.71
2926 誠品生活,202506,0.72,0.51
2929 淘帝-KY,202506,-8.77,-0.66
2937 集雅社,202506,12.24,2.57
2938 床的世界,202506,-18.02,0.19
2939 永邑-KY,202506,-0.31,-16.42
2940 歐都納,202506,-6.6,0.02
2941 米斯特,202506,18.64,3.89
2942 京站,202506,-0.75,8.13
2945 三商家購,202506,4.55,1.34
2947 振宇五金,202506,5.69,1.58
2948 寶陞,202506,6.82,1.77
2949 欣新網,202506,23.48,2.29
3002 歐格,202506,12.43,1.83
3003 健和興,202506,1.82,-1.13
3004 豐達科,202506,13.98,2.39
3005 神基,202506,13.35,6
3006 晶豪科,202506,-8.14,-7.62
3008 大立光,202506,6.26,0.58
3010 華立,202506,-4.39,2.15
3011 今皓,202506,-31.65,-0.73
3013 晟銘電,202506,0.84,2.45
3014 聯陽,202506,18.96,6.4
3015 全漢,202506,27.29,0.28
3016 嘉晶,202506,-8.91,-0.87
3017 奇鋐,202506,79.54,12.67
3018 隆銘綠能,202506,-65.25,-6.8
3019 亞光,202506,23.04,5.47
3021 鴻名,202506,-4.74,0.58
3022 威強電,202506,1.74,-2.69
3023 信邦,202506,-6.86,4.96
3024 憶聲,202506,16.87,0.83
3025 星通,202506,-23.85,-0.36
3026 禾伸堂,202506,1.01,2.45
3027 盛達,202506,67.46,-2.07
3028 增你強,202506,6.25,0.51
3029 零壹,202506,41.89,5.4
3030 德律,202506,37.69,6.14
3031 佰鴻,202506,-19.14,3.86
3032 偉訓,202506,40.01,-16.25
3033 威健,202506,26.28,-1.63
3034 聯詠,202506,3.65,5.63
3035 智原,202506,70.32,0.27
3036 文曄,202506,6.51,3.02
3037 欣興,202506,16.46,0.27
3038 全台,202506,-16.85,-1.37
3040 遠見,202506,-1.8,-0.44
3041 揚智,202506,-37.75,-5.15
3042 晶技,202506,15.19,2.33
3043 科風,202506,10.37,-4.33
3044 健鼎,202506,13.32,4.98
3045 台灣大,202506,-0.57,3.96
3046 建碁,202506,-8.48,4.26
3047 訊舟,202506,-54.11,-4.59
3048 益登,202506,10.1,-0.05
3049 精金,202506,10.19,-2.38
3050 鈺德,202506,3.7,-1.2
3051 力特,202506,6.35,-0.94
3052 夆典,202506,53.23,1.9
3054 立萬利,202506,37.1,0.23
3055 蔚華科,202506,25.83,-5.53
3056 富華新,202506,228.37,0.14
3057 喬鼎,202506,12.35,-10.48
3058 立德,202506,-4.19,4.59
3059 華晶科,202506,30.4,1.55
3060 銘異,202506,3.09,-3.07
3062 建漢,202506,52.53,-3.42
3064 泰偉,202506,2.15,-16.16
3066 李洲,202506,-7.46,-7.8
3067 全域,202506,269.27,-6.69
3071 協禧,202506,-9,2.06
3073 天方能源,202506,69.42,-0.7
3078 僑威,202506,46.23,5.71
3081 聯亞,202506,102.9,2.53
3083 網龍,202506,-33.6,-0.67
3085 新零售,202506,25.5,-2.12
3086 華義*,202506,7.74,-5.55
3088 艾訊,202506,-0.07,-0.6
3090 日電貿,202506,43.24,2
3092 鴻碩,202506,-21.65,-12.47
3093 港建*,202506,139.68,3.29
3094 聯傑,202506,12.12,-0.34
3095 及成,202506,5.25,-11.99
3097 拍檔,202506,11.19,3.25
3105 穩懋,202506,-23.8,-1.31
3114 好德,202506,25.23,-1.14
3115 富榮綱,202506,41.48,-2.92
3117 年程,202506,10.48,-49.48
3118 進階,202506,3.26,2.62
3122 笙泉,202506,-14.28,-5.28
3128 昇銳,202506,3.9,-0.72
3130 一零四,202506,7.56,9.17
3131 弘塑,202506,69.52,4.8
3135 凌航,202506,54.28,-0.69
3138 耀登,202506,-0.05,-1.5
3141 晶宏,202506,10.87,-2.1
3147 大綜,202506,35.32,1.28
3149 正達,202506,0.23,-7.07
3150 鈺寶-創,202506,-25.43,-0.47
3152 璟德,202506,-11.75,10.05
3158 嘉實,202506,11.98,6.92
3162 精確,202506,90.51,2.39
3163 波若威,202506,17.2,-0.23
3164 景岳,202506,19.1,-0.77
3167 大量,202506,159.2,6.35
3168 眾福科,202506,1.99,2.38
3169 亞信,202506,-3.17,2.39
3171 炎洲流通,202506,3.12,5.24
3176 基亞,202506,1.88,-2.11
3178 公準,202506,-13.6,-2.68
3184 微邦,202506,2.26,3.09
3188 鑫龍騰,202506,-51.18,0.97
3189 景碩,202506,31,1.4
3191 雲嘉南,202506,-0.31,-10.37
3205 佰研,202506,-4.75,-2.11
3206 志豐,202506,-12.95,1.65
3207 耀勝,202506,2.87,1.57
3209 全科,202506,-18.09,-3.28
3211 順達,202506,-17.69,6.64
3213 茂訊,202506,5.76,0.86
3217 優群,202506,32.99,4.68
3218 大學光,202506,-1.59,1.22
3219 倚強科,202506,26.57,4.59
3221 台嘉碩,202506,0.38,-1.77
3224 三顧,202506,11.72,-4.21
3226 龍鋒,202506,-30.77,-5.09
3227 原相,202506,11.51,3.33
3228 金麗科,202506,-49.71,-7.09
3229 晟鈦,202506,-1.63,-5.71
3230 錦明,202506,-22.72,-4.43
3231 緯創,202506,129.51,6.79
3232 昱捷,202506,-42.27,-1.95
3234 光環,202506,4.93,-7.18
3236 千如,202506,15.51,-1.36
3252 海灣,202506,-3.07,0.07
3257 虹冠電,202506,34.17,4.53
3259 鑫創,202506,-13.4,-9.05
3260 威剛,202506,27.62,4.66
3264 欣銓,202506,3.52,3.1
3265 台星科,202506,14.76,1.54
3266 昇陽,202506,56.37,0.58
3268 海德威,202506,1.87,-8.96
3272 東碩,202506,17.58,-6.28
3276 宇環,202506,-46.19,-1.17
3284 太普高,202506,-35.4,0.21
3285 微端,202506,-25.17,-1.63
3287 廣寰科,202506,25.35,-3.24
3288 點晶,202506,-10.04,1.61
3289 宜特,202506,14.34,2.87
3290 東浦,202506,6.94,0.4
3293 鈊象,202506,22.32,20.23
3294 英濟,202506,-11.04,-3.17
3296 勝德,202506,14.86,4.55
3297 杭特,202506,13.85,2.15
3303 岱稜,202506,-0.32,3.31
3305 昇貿,202506,23.55,0.42
3306 鼎天,202506,8.24,3.07
3308 聯德,202506,-95.16,-5.39
3310 佳穎,202506,16.17,0.65
3311 閎暉,202506,-0.18,0.01
3312 弘憶股,202506,14.41,-8.29
3313 斐成,202506,-97.03,-1.56
3317 尼克森,202506,18.24,1.54
3321 同泰,202506,-0.6,-15.83
3322 建舜電,202506,2.62,-4.65
3323 加百裕,202506,-6.12,-3.12
3324 雙鴻,202506,23.9,1.76
3325 旭品,202506,-7.98,-3.11
3332 幸康,202506,23.76,3.1
3338 泰碩,202506,-3.61,2.17
3339 泰谷,202506,53.74,-8.41
3342 飛虹科,202506,-4.49,-14.09
3346 麗清,202506,-11.13,-3.06
3349 寶德,202506,26.54,-7.63
3354 律勝,202506,-33.79,-4.5
3356 奇偶,202506,-14.38,6.2
3357 臺慶科,202506,17.62,4.38
3360 尚立,202506,7.39,-2.29
3362 先進光,202506,3.65,-5.66
3363 上詮,202506,65,0.67
3369 鐵研,202506,30.12,-2.44
3372 典範,202506,14.87,-4.72
3373 熱映,202506,-5.24,-2.74
3374 精材,202506,-6.41,0.71
3376 新日興,202506,-15.52,-0.52
3379 彬台,202506,18.38,0.11
3380 明泰,202506,0.17,-1.08
3388 崇越電,202506,0.08,1.6
3390 旭軟,202506,-24.8,-4.62
3402 漢科,202506,-9.01,8.39
3406 玉晶光,202506,-4.24,1.05
3413 京鼎,202506,39.83,2.55
3416 融程電,202506,11.73,3.02
3419 譁裕,202506,17.61,-7.54
3426 台興,202506,-11.89,2.67
3430 奇鈦科,202506,-0.93,0.13
3432 台端,202506,340.56,-3.55
3434 哲固,202506,-13.42,-2.4
3437 榮創,202506,-22.21,-4.95
3438 類比科,202506,11.82,-0.45
3441 聯一光,202506,25.91,-3.06
3443 創意,202506,-9.16,6.77
3444 利機,202506,7.03,1.85
3447 展達,202506,46.57,-1.98
3450 聯鈞,202506,8.45,1.84
3454 晶睿,202506,22.63,-2
3455 由田,202506,-3.39,-3.57
3465 進泰電子,202506,64.58,-4.88
3466 德晉,202506,-36.66,0.23
3467 台灣精材,202506,-7.05,0.14
3473 智通聯網,202506,-77.56,-10.68
3479 安勤,202506,9.4,3.18
3481 群創,202506,-1.11,-0.3
3483 力致,202506,15.1,3.14
3484 崧騰,202506,13.15,2.83
3485 敘豐,202506,,-0.39
3489 森寶,202506,-48.75,-0.18
3490 單井,202506,-22.15,1.92
3491 昇達科,202506,-20.71,2.83
3492 長盛,202506,9.86,2.35
3494 誠研,202506,6.5,-2.81
3498 陽程,202506,161.52,0.96
3499 環天科,202506,1.44,-5.86
3501 維熹,202506,-7.77,1.13
3504 揚明光,202506,10.49,0.13
3508 位速,202506,54.68,-10.42
3511 矽瑪,202506,15.58,-2.5
3512 皇龍,202506,-62.22,-0.68
3515 華擎,202506,130.04,5.03
3516 亞帝歐,202506,-22.71,-0.48
3518 柏騰,202506,-9.94,0.27
3520 華盈,202506,25.89,-1.45
3521 台鋼建設,202506,430.34,1.5
3522 御嵿,202506,53.23,-13.18
3523 迎輝,202506,-70.69,-7.85
3526 凡甲,202506,20.33,8.52
3527 聚積,202506,-30.24,-1.86
3528 安馳,202506,41.94,-12.48
3529 力旺,202506,4.87,11.64
3530 晶相光,202506,7.44,-1.47
3531 先益,202506,-2.57,-4.12
3532 台勝科,202506,-7.2,-0.6
3533 嘉澤,202506,13.05,2.07
3535 晶彩科,202506,-87.21,-9
3537 堡達,202506,8.98,-5.73
3540 曜越,202506,30.65,-2.32
3541 西柏,202506,44.68,-8.21
3543 州巧,202506,4.03,-2.12
3545 敦泰,202506,2.49,0.77
3546 宇峻,202506,-10.06,-1.78
3548 兆利,202506,18.5,-0.88
3550 聯穎,202506,5.04,-1.35
3551 世禾,202506,11.41,2.84
3552 同致,202506,-3.99,0.2
3555 博士旺,202506,278.54,-4.92
3556 禾瑞亞,202506,4.1,2.09
3557 嘉威,202506,-39.68,-4.33
3558 神準,202506,57.54,1.59
3563 牧德,202506,210.88,4.72
3564 其陽,202506,29.2,1.31
3567 逸昌,202506,-24.25,0.76
3570 大塚,202506,11.77,6.14
3572 宏芯,202506,-30.62,-29.2
3576 聯合再生,202506,-48.54,-3.94
3577 泓格,202506,16.45,2.54
3580 友威科,202506,-53.07,2.34
3581 博磊,202506,-14.18,-1.37
3583 辛耘,202506,22.78,4.33
3585 聯致,202506,22.32,-1.21
3587 閎康,202506,8.27,2.09
3588 通嘉,202506,-9.38,0.09
3591 艾笛森,202506,-8.14,-0.56
3592 瑞鼎,202506,-9.33,2.45
3593 力銘,202506,102.54,-12.29
3594 磐儀,202506,35,-0.61
3595 山太士,202506,127.02,4.23
3596 智易,202506,10.65,4.35
3597 映興,202506,22.63,-1.98
3601 前源,202506,-32.71,-12.9
3603 建祥國際,202506,-6.03,-8.26
3605 宏致,202506,13.55,1.55
3607 谷崧,202506,0.98,-0.28
3609 三一東林,202506,61.03,-17.72
3611 鼎翰,202506,48.94,4.63
3615 安可,202506,4.29,0.1
3616 泓辰,202506,-89.21,-9.47
3617 碩天,202506,-11.57,0.15
3622 洋華,202506,-7.63,1.71
3623 富晶通,202506,10.8,-1.5
3624 光頡,202506,-0.32,-0.03
3625 西勝,202506,8.6,4.1
3628 盈正,202506,13.94,1.8
3629 地心引力,202506,253.33,-16.36
3630 新鉅科,202506,30.36,21.93
3631 晟楠,202506,-27.61,-2.9
3632 研勤,202506,-36.97,-5.7
3633 云光,202506,-6.54,9.84
3645 達邁,202506,8.89,0.61
3646 艾恩特,202506,-21.44,3.52
3652 精聯,202506,-11.06,0.27
3653 健策,202506,52.34,7.67
3659 百辰,202506,1.21,2.64
3661 世芯-KY,202506,-32.67,3.45
3663 鑫科,202506,13.34,-0.44
3664 安瑞-KY,202506,44.05,5.08
3665 貿聯-KY,202506,30.42,5.5
3666 光耀,202506,-27.73,-14.95
3669 圓展,202506,-6.46,-1.23
3672 康聯訊,202506,-61.01,-14.01
3673 TPK-KY,202506,-2.78,1.19
3675 德微,202506,-15.45,-1.76
3678 聯享,202506,56.47,3.69
3679 新至陞,202506,14.04,-2.61
3680 家登,202506,-2.63,0.56
3684 榮昌,202506,26.27,3.08
3685 元創精密,202506,-6.71,-4.83
3686 達能,202506,-10.67,-2.34
3687 歐買尬,202506,6.38,1.87
3688 華立捷,202506,-0.13,-23.04
3689 湧德,202506,27.95,3.54
3691 碩禾,202506,-45.42,-9.08
3693 營邦,202506,-13.12,0.11
3694 海華,202506,28.82,4.92
3701 大眾控,202506,-26.13,1.17
3702 大聯大,202506,20.42,2.9
3703 欣陸,202506,-11.1,0.95
3704 合勤控,202506,-4.95,-3.39
3705 永信,202506,7.57,1.12
3706 神達,202506,103.12,2.53
3707 漢磊,202506,-6.54,-2.14
3708 上緯投控,202506,2.78,-0.37
3709 鑫聯大投控,202506,90.14,5.89
3710 連展投控,202506,-3.71,4.39
3711 日月光投控,202506,7.5,2.36
3712 永崴投控,202506,37.15,-32.05
3713 新晶投控,202506,-2.81,-5.56
3714 富采,202506,-13.11,-1.97
3715 定穎投控,202506,9.47,3.47
3716 中化控股,202506,-4.91,
3717 聯嘉投控,202506,-7.29,-3.63
4102 永日,202506,-27.09,-1.11
4104 佳醫,202506,0.38,2.52
4105 東洋,202506,10,4.37
4106 雃博,202506,3.44,0.96
4107 邦特,202506,2.26,3.45
4108 懷特,202506,-29.67,-1.58
4109 加捷生醫,202506,-29.89,0.01
4111 濟生,202506,30.17,2.67
4113 聯上,202506,-96.92,-0.29
4114 健喬,202506,21,2.13
4115 善德生技,202506,-1.82,-2.61
4116 明基醫,202506,13.5,1.78
4117 普生,202506,-0.49,-58.32
4118 友合生技,202506,-71.59,-38.9
4119 旭富,202506,-5.4,0.42
4120 友華,202506,3.7,-0.59
4121 優盛,202506,2.64,-0.42
4123 晟德,202506,-8.4,-4.1
4126 太醫,202506,0.52,1.09
4127 天良,202506,52.66,-10.25
4128 中天,202506,11.31,-4.06
4129 聯合,202506,18.41,1.25
4130 健亞,202506,-0.57,0.52
4131 浩泰,202506,203.64,3.51
4132 國鼎,202506,15.96,-46.36
4133 亞諾法,202506,-0.21,-2.94
4137 麗豐-KY,202506,-6.42,4.27
4138 曜亞,202506,-17.88,2.64
4139 馬光-KY,202506,0.08,1.56
4142 國光生,202506,36.11,-4.64
4147 中裕,202506,-6.4,-1.5
4148 全宇生技-KY,202506,54.59,1.55
4150 優你康,202506,-35.53,-17.44
4153 鈺緯,202506,5.37,2.65
4154 樂威科-KY,202506,-77.59,-9.62
4155 訊映,202506,-2.74,-3.06
4157 太景*-KY,202506,-91.19,-12.18
4160 訊聯基因,202506,-14.46,0.43
4161 聿新科,202506,-8.23,0.41
4162 智擎,202506,-24.86,0.35
4163 鐿鈦,202506,0.63,0.29
4164 承業醫,202506,12.89,0.61
4166 友霖,202506,-0.45,1.02
4167 松瑞藥,202506,-3.8,-0.47
4168 醣聯,202506,16778.95,-5.12
4169 泰宗,202506,,0.88
4170 鑫品生醫,202506,42.9,0.98
4171 瑞基,202506,26.28,-9.96
4172 因華,202506,101.35,-8.69
4173 久裕,202506,19.36,1.56
4174 浩鼎,202506,-32.91,-17.95
4175 杏一,202506,3.72,1.94
4178 永笙-KY,202506,,-2.89
4183 福永生技,202506,-2.52,-4.45
4186 尖端醫,202506,11.66,-1.53
4188 安克,202506,-50.16,-3.19
4190 佐登-KY,202506,-9.47,-2.78
4191 法德藥,202506,8.74,
4192 杏國,202506,10.35,-4.28
4194 禾生技,202506,-100,-15.99
4195 基米-創,202506,,-1.12
4197 暐世,202506,95.74,1.17
4198 欣大健康,202506,-29.51,-6.37
4205 中華食,202506,3.88,4.93
4207 環泰,202506,-12.39,3.97
4303 信立,202506,390.54,-16.9
4304 勝昱,202506,-17.8,-99.48
4305 世坤,202506,8.08,0.43
4306 炎洲,202506,-38.88,0.1
4401 東隆興,202506,-2.53,0.72
4402 郡都開發,202506,107.02,-0.48
4406 新昕纖,202506,61.41,-6.3
4413 飛寶企業,202506,147.85,-3.8
4414 如興,202506,2.16,-3.9
4416 三圓,202506,1522.9,5.3
4417 金洲,202506,10.12,5.42
4419 皇家美食,202506,41.61,-3.29
4420 光明,202506,43.66,0.66
4426 利勤,202506,-13.15,-12.28
4427 展頌,202506,-8.65,-3.3
4430 耀億,202506,1.39,-2.49
4431 敏成健康,202506,19.08,-2.31
4432 銘旺實,202506,14.22,-5.11
4433 興采,202506,-9.13,-5.38
4438 廣越,202506,16.26,-0.34
4439 冠星-KY,202506,26.27,2.29
4440 宜新實業,202506,-17.08,2.25
4441 振大環球,202506,59.51,0.71
4442 竣邦-KY,202506,48.28,6.4
4502 健信,202506,-32.49,-6.04
4503 金雨,202506,152.92,-0.36
4506 崇友,202506,19.05,4.98
4510 高鋒,202506,-15.04,-4.24
4513 福裕,202506,-31.46,-4.85
4523 永彰,202506,22.48,-44.95
4526 東台,202506,-5.81,13.1
4527 方方土霖,202506,-24.26,0.53
4528 江興鍛,202506,-7.14,-0.58
4529 淳紳,202506,-21.64,-7.26
4530 宏易,202506,7.44,4.28
4532 瑞智,202506,-11.27,2.36
4533 協易機,202506,7.15,-4.14
4534 慶騰,202506,-15.69,-4.99
4535 至興,202506,-7.56,0.62
4536 拓凱,202506,8.31,3.54
4537 旭東,202506,63.33,-8.91
4538 大詠城,202506,42.42,0.01
4540 全球傳動,202506,10.97,1.42
4541 晟田,202506,17.41,-2.42
4542 科嶠,202506,5.89,0.26
4543 萬在,202506,-3.69,-3.29
4544 春日,202506,21.62,2.18
4545 銘鈺,202506,-6.66,-2.45
4546 長亨,202506,26.7,5.64
4549 桓達,202506,-3.08,1.54
4550 長佳,202506,-40.87,0.46
4551 智伸科,202506,-1.56,-1.09
4552 力達-KY,202506,-8.05,0.41
4553 盛復,202506,-0.23,-4.5
4554 橙的,202506,26,-3.61
4555 氣立,202506,7.22,-0.14
4556 旭然,202506,-6.88,1.05
4557 永新-KY,202506,13.47,3.12
4558 寶緯,202506,4.29,-2.64
4559 久裕興,202506,-22.92,-1.33
4560 強信-KY,202506,1.9,2.05
4561 健椿,202506,-33.06,-0.97
4562 穎漢,202506,20.65,-5.74
4563 百德,202506,-9.14,-2.73
4564 元翎,202506,3.74,-3.62
4565 宏偉,202506,6.18,10.06
4566 時碩工業,202506,-1.73,-2.61
4568 科際精密,202506,-7.76,-1.02
4569 六方科-KY,202506,32.99,-2.07
4570 傑生,202506,-25.09,1.06
4571 鈞興-KY,202506,-9.53,3.18
4572 駐龍,202506,-17.83,-0.18
4573 高明鐵,202506,-9.78,-11.01
4575 銓寶,202506,-13.67,0.69
4576 大銀微系統,202506,17.09,0.57
4577 達航科技,202506,24.19,0.07
4580 捷流閥業,202506,-1.93,2.59
4581 光隆精密-KY,202506,0.27,3.81
4582 聚恆,202506,,2.51
4583 台灣精銳,202506,-2.27,0.98
4584 君帆,202506,-1.48,1.95
4585 達明,202506,-9.52,-1.62
4587 寶元數控,202506,1.63,-28.71
4588 玖鼎電力,202506,-18.2,3.33
4589 碩陽電機,202506,-22.85,0.32
4590 富田-創,202506,,-0.64
4609 唐鋒,202506,-7.36,-11.54
4702 中美實,202506,-75.23,-2.34
4706 大恭,202506,-19.28,-2.19
4707 磐亞,202506,-26.65,0.53
4711 永純,202506,-5.07,-0.02
4712 福格創新,202506,,-14.93
4714 永捷,202506,101.82,-7.93
4716 大立,202506,-4.19,-7.77
4720 德淵,202506,-4.16,-0.01
4721 美琪瑪,202506,72.4,4.7
4722 國精化,202506,-12.05,0.06
4724 宣捷幹細胞,202506,92.14,-1.59
4726 永昕,202506,0.97,-7.49
4728 雙美,202506,1.42,13.17
4729 熒茂,202506,3.94,-0.13
4730 通用,202506,1.52,0.64
4732 彥臣,202506,-33.66,-4.94
4735 豪展,202506,-0.36,2.04
4736 泰博,202506,-3.64,5.45
4737 華廣,202506,-0.65,-0.81
4738 大同精化,202506,20.17,6.74
4739 康普,202506,31.42,-0.17
4741 泓瀚,202506,-19.61,-0.74
4743 合一,202506,-15.16,-7.49
4744 皇將,202506,22.01,1.6
4745 合富-KY,202506,-24.51,-0.62
4746 台耀,202506,2.33,-1.5
4747 強生,202506,-8.12,1.14
4749 新應材,202506,34.37,3.35
4754 國碳科,202506,-2.01,4.05
4755 三福化,202506,3.48,0.68
4760 勤凱,202506,17.61,1.73
4763 材料*-KY,202506,20.79,9.8
4764 雙鍵,202506,6.12,0.03
4765 磐采,202506,-16.81,-4.08
4766 南寶,202506,0.38,4.34
4767 誠泰科技,202506,-15.93,-0.27
4768 晶呈科技,202506,-31.79,-0.3
4770 上品,202506,-17.39,2.91
4771 望隼,202506,19.54,4.16
4772 台特化,202506,39.96,3.77
4773 高福,202506,1.88,2.82
4804 大略-KY,202506,13.12,20.15
4806 桂田文創,202506,126.38,-2.03
4807 日成-KY,202506,29.49,-4.12
4903 聯光通,202506,68.5,1.86
4904 遠傳,202506,1.02,3.74
4905 台聯電,202506,28.89,-1.92
4906 正文,202506,-44.86,-3.56
4907 富宇,202506,-83.75,1.13
4908 前鼎,202506,-16.96,0.63
4909 新復興,202506,-91.17,-6.95
4911 德英,202506,34.41,4.52
4912 聯德控股-KY,202506,-11.6,1.17
4915 致伸,202506,-5.05,3.82
4916 事欣科,202506,-14.3,0.05
4919 新唐,202506,-5.01,-4.5
4923 力士,202506,2.97,-14.21
4924 欣厚-KY,202506,7.05,-2.14
4925 智微,202506,-38.58,-18.99
4927 泰鼎-KY,202506,-8.01,-4.56
4930 燦星網,202506,-35.84,-0.06
4931 新盛力,202506,-9.5,-3.06
4933 友輝,202506,7.99,-2.06
4934 太極,202506,-90.35,-5.14
4935 茂林-KY,202506,-20.41,0.07
4938 和碩,202506,5.37,0.48
4939 亞電,202506,-12.03,-5.78
4942 嘉彰,202506,-0.96,0.52
4943 康控-KY,202506,11.57,-65.02
4945 陞達科技,202506,61.96,-0.94
4946 辣椒,202506,753.88,12.99
4949 有成精密,202506,5.92,1.6
4950 金耘國際,202506,3388.82,1.5
4951 精拓科,202506,1.23,5.04
4952 凌通,202506,-15.93,2.57
4953 緯軟,202506,7.89,3.48
4956 光鋐,202506,3.06,-4.72
4958 臻鼎-KY,202506,17.87,0.98
4960 誠美材,202506,-15.84,-9.15
4961 天鈺,202506,1.06,2.28
4966 譜瑞-KY,202506,5.22,3.35
4967 十銓,202506,-38.93,0.28
4968 立積,202506,-3.72,-1.13
4971 IET-KY,202506,54.14,1.77
4972 湯石照明,202506,-24.95,-2.4
4973 廣穎,202506,-9,-2.08
4974 亞泰,202506,-12.85,2.28
4976 佳凌,202506,-10.69,-4.1
4977 眾達-KY,202506,32.7,8.36
4979 華星光,202506,35.72,2.78
4980 佐臻,202506,-3.5,-3.54
4987 科誠,202506,8.17,2.66
4989 榮科,202506,-19.16,-14.79
4991 環宇-KY,202506,4.64,0.48
4994 傳奇,202506,-24.74,2.35
4995 晶達,202506,-9.74,0.07
4999 鑫禾,202506,2.07,-2.29
5007 三星,202506,-15.91,1.68
5009 榮剛,202506,-9.05,1.27
5011 久陽,202506,34.52,-3.41
5013 強新,202506,-1.79,1.34
5014 建錩,202506,-10.49,-11.45
5015 華祺,202506,10.61,-6.57
5016 松和,202506,7.37,0.82
5201 凱衛,202506,55.74,-2.58
5202 力新,202506,22.13,-2.55
5203 訊連,202506,12.83,-0.66
5205 中茂,202506,-51.54,-3.57
5206 坤悅,202506,154.08,14.65
5209 新鼎,202506,-25.91,18.15
5210 寶碩,202506,17.52,0.98
5211 蒙恬,202506,23.23,-2.21
5212 凌網,202506,-13.38,-3.09
5213 亞昕,202506,870.42,0.98
5215 科嘉-KY,202506,-10.23,-0.96
5216 優燈,202506,12.2,1.13
5220 萬達光電,202506,7.03,-1.61
5222 全訊,202506,-41.49,1.52
5223 安力-KY,202506,32.57,0.16
5225 東科-KY,202506,-17.14,7.94
5227 立凱-KY,202506,-44.97,-23.23
5228 鈺鎧,202506,23.56,-2.61
5230 雷笛克光學,202506,-14.8,-2.85
5234 達興材料,202506,11.95,5.24
5236 凌陽創新,202506,19.37,5.53
5240 建騰,202506,7.23,-7.26
5243 乙盛-KY,202506,-4.25,2.59
5244 弘凱,202506,-1.14,-0.8
5245 智晶,202506,-2.21,-6.86
5246 勵威,202506,25.01,-7.95
5248 景傳,202506,-19.39,0.59
5251 天鉞電,202506,3.52,-3.54
5254 欣訊科技,202506,18.33,6.16
5258 虹堡,202506,1.45,0.2
5262 立達,202506,-29.28,0.41
5263 智崴,202506,19.6,-6.49
5267 龍翩,202506,-45.61,0.17
5269 祥碩,202506,61.08,3.47
5271 紘通,202506,19.84,-10
5272 笙科,202506,26.86,-1.8
5274 信驊,202506,65.67,12.92
5276 達輝-KY,202506,7.56,2.12
5278 尚凡*,202506,29.55,6.98
5283 禾聯碩,202506,10,4.24
5284 jpp-KY,202506,79.27,3.89
5285 界霖,202506,6.79,0.1
5287 數字,202506,6.01,9.04
5288 豐祥-KY,202506,-17.13,1.8
5289 宜鼎,202506,38.27,2.26
5291 邑昇,202506,9.85,-0.03
5292 華懋,202506,46.37,5.73
5295 懷藝,202506,21.43,9.14
5297 廣化,202506,1.45,-2.03
5299 杰力,202506,-7.75,-0.25
5301 寶得利,202506,-49.15,-6.4
5302 太欣,202506,15.84,-1.1
5306 桂盟,202506,-7.6,2.17
5309 系統電,202506,10.58,-0.15
5310 天剛,202506,48.06,1.34
5312 寶島科,202506,0.56,1.37
5314 世紀*,202506,415.73,32.87
5315 光聯,202506,30.23,2.26
5321 美而快,202506,-21.71,0.71
5324 士開,202506,44.81,-0.6
5328 華容,202506,10.59,0.29
5340 建榮,202506,29.65,0.98
5344 立衛,202506,1.41,-2.84
5345 馥鴻,202506,23.12,-2.92
5346 力晶,202506,36.92,-2.31
5347 世界,202506,5.73,2.96
5348 正能量智能,202506,-3.07,-3.71
5351 鈺創,202506,-26.83,-6.27
5353 台林,202506,-1.63,-0.16
5355 佳總,202506,-4.62,-7.8
5356 協益,202506,-11.39,-2.39
5364 力麗店,202506,4.69,-2.05
5371 中光電,202506,-1.11,0.23
5381 合正,202506,-7.38,1.35
5386 青雲,202506,159.69,6.7
5387 茂德,202506,-34.95,-22.06
5388 中磊,202506,-10.91,2.25
5392 能率,202506,-10.9,-0.78
5398 慕康生醫,202506,16.94,3.43
5403 中菲,202506,10.33,6.17
5410 國眾,202506,-10.78,4.33
5425 台半,202506,31.58,1.79
5426 振發,202506,19.61,-0.78
5432 新門,202506,10.84,1.73
5434 崇越,202506,23.17,5.4
5438 東友,202506,31.72,-0.15
5439 高技,202506,128.29,6.67
5443 均豪,202506,46.09,3.49
5450 南良,202506,-9.28,-1.04
5452 佶優,202506,-16.8,0.8
5455 昇益,202506,311501.25,18.59
5457 宣德,202506,12.45,0.58
5460 同協,202506,-23.44,-1.9
5464 霖宏,202506,-20.4,-19.93
5465 富驊,202506,48.35,0.58
5468 凱鈺,202506,-16.71,-2.31
5469 瀚宇博,202506,49.64,2.12
5471 松翰,202506,-1.66,0.16
5474 聰泰,202506,26.15,2.4
5475 德宏,202506,20.84,-1.81
5478 智冠,202506,-5.81,4.18
5481 新華,202506,2.89,-2.19
5483 中美晶,202506,1.68,1.56
5484 慧友,202506,-34.16,-6.26
5487 通泰,202506,-8.27,-2.6
5488 松普,202506,-17.2,1.58
5489 彩富,202506,-8.46,0.48
5490 同亨,202506,-6.71,0.82
5493 三聯,202506,26.94,1.81
5498 凱崴,202506,6.4,-0.54
5508 永信建,202506,-86.49,1.64
5511 德昌,202506,23.48,3.31
5512 力麒,202506,38.13,0.18
5514 三豐,202506,1.47,-0.42
5515 建國,202506,25.65,1.01
5516 雙喜,202506,-18.7,2.75
5519 隆大,202506,-44.64,0.97
5520 力泰,202506,-1.99,6.24
5521 工信,202506,61.21,1.39
5522 遠雄,202506,-93.92,-0.61
5523 豐謙,202506,-54.56,-0.13
5525 順天,202506,-93.15,-0.21
5529 鉅陞,202506,-42.11,-2
5530 龍巖,202506,24.61,0.26
5531 鄉林,202506,-14.99,-2.91
5533 皇鼎,202506,84.52,0.74
5534 長虹,202506,-71.96,0.27
5536 聖暉*,202506,42.41,6.85
5538 東明-KY,202506,-2.13,2.07
5541 廣朋實業,202506,-17.38,-1.67
5543 桓鼎-KY,202506,-9.77,-6.6
5546 永固-KY,202506,-7.01,-0.67
5547 久舜,202506,8.57,8.12
5548 安倉,202506,20.65,1.59
5601 台聯櫃,202506,-0.8,0.52
5603 陸海,202506,-37.54,-0.37
5604 中連,202506,1.39,1.13
5607 遠雄港,202506,17.89,2.8
5608 四維航,202506,-8.24,2.33
5609 中菲行,202506,10.76,6.6
5701 劍湖山,202506,4.63,-5.05
5703 亞都,202506,12.93,-0.22
5704 老爺知,202506,-28.61,-1.84
5706 鳳凰,202506,5.93,3.7
5828 富邦保,202506,2.57,5.5
5831 D新光人壽,202506,-98.98,-12.18
5833 元大證金,202506,7.58,1.28
5834 兆豐保險,202506,6.62,2.47
5835 國泰世華,202506,8.13,3.66
5836 台北富邦銀,202506,10.9,2.92
5838 華銀,202506,-5.91,2.49
5839 中華開發資本,202506,-28.58,0.38
5840 國票,202506,16.52,1.47
5841 中信銀,202506,12.1,3.42
5842 兆豐票券,202506,35.27,1.62
5843 兆豐銀行,202506,-1.78,2.33
5844 一銀,202506,11.38,2.49
5846 國壽,202506,-29.46,0.1
5847 玉山銀,202506,20.34,3.02
5848 台新銀,202506,12.08,2.39
5849 永豐銀行,202506,10.3,2.62
5852 元大銀,202506,9.17,1.9
5854 合庫,202506,8.72,2.01
5859 遠壽,202506,-82.46,-4.45
5863 瑞興銀,202506,-8.82,0.08
5864 致和證,202506,-40.84,4.38
5865 富邦人壽,202506,-56.81,-0.54
5868 臺灣金控,202506,-80.85,-0.18
5871 中租-KY,202506,-4.51,2.84
5876 上海商銀,202506,9.7,1.2
5878 台名,202506,11.24,6.56
5880 合庫金,202506,11.73,1.92
5901 中友,202506,6.99,1.61
5902 德記,202506,-3.71,5.05
5903 全家,202506,4.94,4.04
5904 寶雅,202506,7.4,10.01
5905 南仁湖,202506,-5.63,-1.55
5906 台南-KY,202506,-13.85,2.69
5907 大洋-KY,202506,-16.88,-4.8
6005 群益證,202506,2.41,2.76
6008 凱基證,202506,-11.92,2.95
6015 宏遠證,202506,-43.01,-0.23
6016 康和證,202506,-42.72,1
6020 大展證,202506,-77.51,0.54
6021 美好證,202506,-26.97,2.72
6023 元大期,202506,-16.83,3.75
6024 群益期,202506,36.2,3.29
6026 福邦證,202506,-71.73,-0.4
6027 德信,202506,-100.14,-3.8
6028 公勝保經,202506,,3.44
6035 悠遊卡,202506,-4.05,11.71
6101 寬魚國際,202506,48.97,-3.36
6103 合邦,202506,30.18,-11.7
6104 創惟,202506,49.45,6.06
6108 競國,202506,-23.17,-1.87
6109 亞元,202506,2.99,-4.98
6111 光聚晶電,202506,-2.27,1.75
6112 邁達特,202506,32.64,0.78
6113 亞矽,202506,-6.81,-1.87
6114 久威,202506,5.87,-8.87
6115 鎰勝,202506,-7.46,0.62
6116 彩晶,202506,37.89,-2.79
6117 迎廣,202506,10.54,1.77
6118 建達,202506,17.55,0.63
6120 達運,202506,-17.28,-0.64
6121 新普,202506,3.3,3.33
6122 擎邦,202506,2.5,4.71
6123 上奇,202506,-9.5,3.5
6124 業強,202506,56.9,-5.39
6125 廣運,202506,-6.42,-2.08
6126 信音,202506,7.9,1.08
6127 九豪,202506,7.64,-2.14
6128 上福,202506,-2.92,1.19
6129 普誠,202506,4.42,-2.68
6130 上亞科技,202506,-35.88,-3.07
6133 金橋,202506,-1.25,-0.03
6134 萬旭,202506,9.2,-1.36
6136 富爾特,202506,30.42,0.26
6138 茂達,202506,24.62,5.37
6139 亞翔,202506,-20,4.39
6140 訊達,202506,60.71,-10.48
6141 柏承,202506,-19.71,-15.03
6142 友勁,202506,96.52,-2.18
6143 振曜,202506,3.83,0.97
6144 得利影,202506,-13.45,-1.74
6146 耕興,202506,-3.63,4.63
6147 頎邦,202506,4.29,0.9
6148 驊宏資,202506,41.54,2.37
6150 撼訊,202506,97.87,2.85
6151 晉倫,202506,-5.09,2.35
6152 百一,202506,-57.46,-10.61
6153 嘉聯益,202506,-25.43,-6.93
6154 順發,202506,11.03,-0.29
6155 鈞寶,202506,8.31,-3.6
6156 松上,202506,23.57,-1.16
6158 禾昌,202506,-7.52,2.93
6160 欣技,202506,25.65,-1.86
6161 捷波,202506,-10,2.58
6163 華電網,202506,-22.19,-3.01
6164 華興,202506,-9.42,-1.19
6165 浪凡,202506,8.86,5.62
6166 凌華,202506,16.06,-0.38
6167 久正,202506,56.88,-0.27
6168 宏齊,202506,10.49,-0.86
6169 昱泉,202506,21.82,-6.91
6170 統振,202506,13.21,4.31
6171 大城地產,202506,6530.08,12.1
6173 信昌電,202506,14.31,0.59
6174 安碁,202506,51.78,-0.84
6175 立敦,202506,-3.03,2.54
6176 瑞儀,202506,5.17,2.52
6177 達麗,202506,-88.73,-0.41
6179 亞通,202506,69.89,2.06
6180 橘子,202506,-23.7,-2.32
6182 合晶,202506,11.08,0.18
6183 關貿,202506,9.54,4.99
6184 大豐電,202506,1.23,2.94
6185 幃翔,202506,49.8,-0.33
6186 新潤,202506,55.99,13.93
6187 萬潤,202506,19.83,6.17
6188 廣明,202506,19.32,2.33
6189 豐藝,202506,-21.76,-1.47
6190 萬泰科,202506,3.79,2.09
6191 精成科,202506,70.02,3.23
6192 巨路,202506,0.29,2.95
6194 育富,202506,7.96,0.33
6195 詩肯,202506,-0.79,0.56
6196 帆宣,202506,-20.79,2.92
6197 佳必琪,202506,10.76,6.51
6198 瑞築,202506,-93.97,-0.04
6199 天品,202506,21.36,-1.29
6201 亞弘電,202506,7.28,3.22
6202 盛群,202506,26,0.74
6203 海韻電,202506,21.9,-2.83
6204 艾華,202506,9.5,1.15
6205 詮欣,202506,-8.62,0.58
6206 飛捷,202506,12.82,4.03
6207 雷科,202506,-15.75,-0.24
6208 日揚,202506,-7.32,2.14
6209 今國光,202506,19.14,0.6
6210 慶生,202506,11.71,-9.23
6212 理銘,202506,49221.19,1.74
6213 聯茂,202506,16.87,2.15
6214 精誠,202506,13.84,3.79
6215 和椿,202506,73.95,1.63
6216 居易,202506,-43.96,-1.79
6217 中探針,202506,19.01,-2.93
6218 豪勉,202506,36.02,-1.29
6219 富旺,202506,-99.92,-6.42
6220 岳豐,202506,-18.73,-0.42
6221 晉泰,202506,19.49,3.85
6222 立軒,202506,18.05,-0.58
6223 旺矽,202506,37.6,6.35
6224 聚鼎,202506,12.69,0.99
6225 天瀚,202506,15.87,2.15
6226 光鼎,202506,-4.56,-1.34
6227 茂綸,202506,68,-0.73
6228 全譜,202506,-31.65,-6.41
6229 研通,202506,-4.99,-2.21
6230 尼得科超眾,202506,10.29,2.34
6231 系微,202506,0.4,4.95
6233 旺玖,202506,-5.19,-0.6
6234 高僑,202506,-11.54,-3.11
6235 華孚,202506,1.75,4.75
6236 中湛,202506,-44.98,0
6237 驊訊,202506,14.05,-3.95
6239 力成,202506,-7.79,1.83
6240 松崗,202506,27.95,-3.77
6241 鑫永洋,202506,12.57,-6.49
6242 立康,202506,8.97,3.03
6243 迅杰,202506,-0.63,-3.7
6244 茂迪,202506,-15.71,0.13
6245 立端,202506,-1.98,1.82
6246 臺龍,202506,15.32,4.36
6248 沛波,202506,-10.7,1.44
6257 矽格,202506,5.06,1.75
6259 百徽,202506,37.07,-0.48
6261 久元,202506,-16.23,0.62
6263 普萊德,202506,-3.44,8.39
6264 富裔,202506,-81.83,-3.43
6265 方土昶,202506,8.97,-9.14
6266 泰詠,202506,1.51,2.48
6269 台郡,202506,-27.34,-1.94
6270 倍微,202506,7.27,0.39
6271 同欣電,202506,-3.33,0.28
6272 驊陞,202506,36.24,3.91
6274 台燿,202506,18.86,4.96
6275 元山,202506,19.37,3.68
6276 安鈦克,202506,22.24,-5.03
6277 宏正,202506,-6.6,1.37
6278 台表科,202506,9.43,2.26
6279 胡連,202506,8.73,1.11
6281 全國電,202506,-2.2,4.2
6282 康舒,202506,-7.55,-2.44
6283 淳安,202506,-4.37,-3.36
6284 佳邦,202506,10.87,-0.69
6285 啟碁,202506,-10.49,1.54
6287 元隆,202506,2.29,
6288 聯嘉,202506,-7.29,-3.5
6290 良維,202506,36.15,2.7
6291 沛亨,202506,9.35,0.81
6292 迅德,202506,-21.01,-1.59
6294 智基,202506,-7.15,10.48
6403 群登,202506,-13.51,-10.23
6405 悅城,202506,-99.43,-1.53
6407 相互,202506,-3.81,1.67
6409 旭隼,202506,-12.33,16.28
6411 晶焱,202506,-12.24,0.94
6412 群電,202506,2.61,3.51
6414 樺漢,202506,-4.48,4.24
6415 矽力*-KY,202506,-1.11,1.83
6416 瑞祺電通,202506,-5.6,1.37
6417 韋僑,202506,7.04,1.67
6418 詠昇,202506,-4.65,3.96
6419 京晨科,202506,-52.79,-8.01
6423 億而得,202506,0.06,-1.03
6425 易發,202506,-26.95,-5.1
6426 統新,202506,46.13,-5.2
6428 淘米,202506,-8.31,5.21
6431 光麗-KY,202506,-3.95,-7.74
6432 今展科,202506,3.78,-3.17
6434 達輝光電,202506,-7.45,-1.71
6435 大中,202506,28.13,2.41
6438 迅得,202506,30.56,2.6
6441 廣錠,202506,-35.8,-10.37
6442 光聖,202506,101.74,5.51
6443 元晶,202506,-73.4,-3.6
6446 藥華藥,202506,56.19,2.89
6449 鈺邦,202506,39.06,1.98
6451 訊芯-KY,202506,48.29,-0.95
6456 GIS-KY,202506,17.14,0.14
6461 益得,202506,1585.56,-3.57
6462 神盾,202506,26.52,-6.17
6464 台數科,202506,1.36,1.84
6465 威潤,202506,12.47,-3.69
6467 泰合,202506,,-10.02
6469 大樹,202506,13.16,4.47
6470 宇智,202506,14.94,-5.37
6472 保瑞,202506,10.2,3.07
6473 美賣*,202506,-59.68,-11.07
6474 華豫寧,202506,-10.98,2.92
6475 智賦科,202506,70.1,6.2
6477 安集,202506,-7.27,0.89
6479 瑞寶基因,202506,37.83,-8.56
6482 弘煜科,202506,7.51,0.98
6483 原創生醫,202506,,-20.44
6485 點序,202506,3.94,-0.61
6486 互動,202506,-24.08,2.79
6488 環球晶,202506,4.45,1.91
6491 晶碩,202506,-0.7,2.97
6492 生華科,202506,0,-6.01
6493 雷虎生,202506,60.91,-0.9
6494 九齊,202506,-26.43,-5.02
6496 科懋,202506,-5.12,-5.19
6498 久禾光,202506,22.31,3.88
6499 益安,202506,73.76,-15.16
6504 南六,202506,-4.9,-6.87
6505 台塑化,202506,-14.69,-2.54
6506 雙邦,202506,-1.11,0.67
6508 惠光,202506,19.06,-1.03
6509 聚和,202506,4.08,2.46
6510 精測,202506,68.19,2.59
6512 啟發電,202506,-3.54,-2.35
6515 穎崴,202506,21.23,3.79
6516 勤崴國際,202506,34.25,1.66
6517 保勝光學,202506,34.54,-2.78
6518 康科特,202506,3.57,4.17
6523 達爾膚,202506,-8.21,-0.21
6525 捷敏-KY,202506,16.96,3.47
6526 達發,202506,12.73,3.82
6527 明達醫,202506,21.3,4.02
6530 創威,202506,18.39,2.63
6531 愛普*,202506,40.63,-4.98
6532 瑞耘,202506,-7.17,-0.02
6533 晶心科,202506,0.39,-6.21
6534 正瀚-創,202506,4.93,1.41
6535 順藥,202506,-74.4,-8.68
6536 碩豐,202506,1.03,2.74
6538 倉和,202506,-43.79,0.86
6539 麗彤,202506,55.9,-2.26
6541 泰福-KY,202506,175.28,-6.53
6542 隆中,202506,-2.15,-1.1
6543 普惠醫工,202506,-1.9,3.57
6545 擎力,202506,24.84,-17.54
6546 正基,202506,0.59,-0.92
6547 高端疫苗,202506,-17.32,-2.69
6548 長科*,202506,10.01,1.08
6549 景凱,202506,,-14.31
6550 北極星藥業-KY,202506,-73.78,-16.47
6552 易華電,202506,-33.25,-4.94
6555 榮炭,202506,265.27,-8.62
6556 勝品,202506,-32.76,2.04
6558 興能高,202506,0.52,-3.18
6559 研晶,202506,27.62,-2.69
6560 欣普羅,202506,290.01,-8.52
6561 是方,202506,25.71,10.75
6562 聯亞藥,202506,12.57,-5.56
6563 映智,202506,468.9,-15.28
6564 安特羅,202506,11.4,-26.35
6565 物聯,202506,43,7.98
6568 宏觀,202506,11.77,0.33
6569 醫揚,202506,19.42,1.56
6570 維田,202506,4.66,1.28
6572 博錸,202506,75.12,-12.42
6573 虹揚-KY,202506,-14.36,-7.36
6574 霈方,202506,0.5,4.37
6576 逸達,202506,18.54,-28.64
6577 勁豐,202506,-12.97,2.07
6578 達邦蛋白,202506,-7.29,-1.39
6579 研揚,202506,9.53,0.02
6580 台睿,202506,2731.7,-12.24
6581 鋼聯,202506,-9.09,5.18
6582 申豐,202506,-48.18,-1.13
6583 友松,202506,-42.08,-9.08
6584 南俊國際,202506,20.19,0.37
6585 鼎基,202506,-30.41,0.16
6586 醣基,202506,-34.2,-4.39
6588 東典光電,202506,54.84,-4.06
6589 台康生技,202506,-6.41,-4.28
6590 普鴻,202506,24.93,5.75
6591 動力-KY,202506,50.68,2.28
6592 和潤企業,202506,-21.95,2.32
6593 台灣銘板,202506,-49.05,-3.2
6595 光禹國際,202506,-13.77,1.18
6596 寬宏藝術,202506,13.25,7.99
6597 立誠,202506,-25.08,-3.39
6598 ABC-KY,202506,14.03,-8.64
6599 普達系統,202506,39.64,3.87
6603 富強鑫,202506,1.1,-0.13
6604 儒億,202506,,0.54
6605 帝寶,202506,-1.59,0.38
6606 建德工業,202506,11.15,1.37
6609 瀧澤科,202506,-9.19,-2.91
6610 安成生技,202506,,-16.16
6612 奈米醫材,202506,45.56,-1.5
6613 朋億*,202506,-13.64,3.84
6614 資拓宏宇,202506,1.85,6.16
6615 慧智,202506,-17.85,-0.06
6616 特昇-KY,202506,-29.37,-3.98
6617 共信-KY,202506,2.91,-0.79
6618 永虹先進,202506,859.38,-9.92
6620 漢達,202506,252.15,7.53
6621 華宇藥,202506,-5.68,-8.88
6622 百聿數碼,202506,-58.82,-3.64
6624 萬年清,202506,-19.2,-0.56
6625 必應,202506,85.12,10.71
6629 泰金-KY,202506,-13.53,-3.03
6634 欣耀,202506,,-5.58
6637 醫影,202506,209.98,7.71
6638 沅聖,202506,-28.88,-14.25
6639 源大環能,202506,-23.33,-2.47
6640 均華,202506,74.26,7.1
6641 基士德-KY,202506,-7.35,-0.55
6642 富致,202506,9.23,0.92
6643 M31,202506,4.5,-2.23
6645 金萬林-創,202506,3.65,-6.56
6648 斯其大,202506,-46.86,-3.25
6649 台生材,202506,58.43,-0.99
6650 帝圖,202506,-38.14,1.91
6651 全宇昕,202506,21.98,1.38
6652 雅祥生醫,202506,,-6.4
6654 天正國際,202506,40.22,-4.97
6655 科定,202506,2.49,2.84
6657 華安,202506,26.63,-4.5
6658 聯策,202506,49.18,-0.26
6659 天明,202506,4.42,0.24
6661 威健生技,202506,18.56,-0.22
6662 樂斯科,202506,-23.84,3.04
6664 群翊,202506,1.07,2.52
6665 康聯生醫,202506,-8.24,-0.37
6666 羅麗芬-KY,202506,-0.77,3.78
6667 信紘科,202506,108.14,8.92
6668 中揚光,202506,48.2,-0.35
6669 緯穎,202506,184.9,12.77
6670 復盛應用,202506,6.99,1.9
6671 三能-KY,202506,-0.94,1.91
6672 騰輝電子-KY,202506,-1.47,2.73
6673 和詮,202506,-37.4,-16.18
6674 鋐寶科技,202506,-29.1,-3.14
6676 祥翊,202506,-54.73,-15.74
6677 瑩碩生技,202506,-2.92,-1.89
6679 鈺太,202506,-15.19,-1.8
6680 鑫創電子,202506,-32.04,-5.28
6682 華旭先進,202506,115.31,-14.37
6683 雍智科技,202506,39.3,1.3
6684 安格,202506,-19,-1.72
6689 伊雲谷,202506,3.47,0.06
6690 安碁資訊,202506,12.81,2.56
6691 洋基工程,202506,71.41,12.24
6692 進能服,202506,-19.44,0.59
6693 廣閎科,202506,30.29,-6.04
6695 芯鼎,202506,50.85,-4.62
6696 仁新,202506,,-20.34
6697 東捷資訊,202506,19.95,4.63
6698 旭暉應材,202506,40.16,-2.34
6699 奇邑,202506,149.13,-7.86
6703 軒郁,202506,-16.54,7.07
6704 國璽幹細胞,202506,18.7,-5.43
6705 振躍精密,202506,3.09,4.79
6706 惠特,202506,47.81,-6.35
6707 富基電通,202506,-31.38,2.46
6708 天擎,202506,46.72,-0.42
6709 昱厚生技,202506,,-16.22
6712 長聖,202506,23.85,7.51
6715 嘉基,202506,-12,0.71
6716 應廣,202506,-8.54,1.19
6717 智慧光,202506,-63.54,-11.13
6719 力智,202506,33.14,0.31
6720 久昌,202506,-15.6,0.64
6721 信實,202506,6.79,3.97
6722 輝創,202506,-2.77,3.86
6723 傑智環境,202506,107.47,14.86
6725 矽科宏晟,202506,18.57,2.65
6727 亞泰金屬,202506,5.9,1.9
6728 上洋,202506,55.86,5.08
6729 機光科技,202506,47.29,2.44
6730 常廣,202506,4.69,2.7
6732 昇佳電子,202506,7.62,1.57
6733 博晟生醫,202506,41.46,-3.25
6734 安盛生,202506,69.21,
6735 美達科技,202506,-37.6,-2.93
6737 秀育,202506,-40.29,5.8
6738 鼎恒,202506,-39.14,-70.61
6739 竹陞科技,202506,78.96,9.48
6741 91APP*-KY,202506,9.91,3.23
6742 澤米,202506,-0.76,-5.84
6743 安普新,202506,-31.34,-0.57
6744 豐技生技,202506,10.14,3.74
6747 亨泰光,202506,-3.04,-3.32
6748 亞果生醫,202506,-36.73,-7.3
6750 泰創工程,202506,76.12,9.72
6751 智聯服務,202506,11.28,2.48
6752 叡揚,202506,19.15,6.51
6753 龍德造船,202506,-11.78,1.44
6754 匯僑設計,202506,-28.21,1.56
6755 連鋐科技,202506,17.42,1.95
6756 威鋒電子,202506,-14.2,0.63
6757 台灣虎航,202506,-3.6,9.14
6758 冠亞,202506,14.93,3.31
6761 穩得,202506,2.92,3.02
6762 達亞,202506,41.74,0.08
6763 綠界科技*,202506,12.19,3.59
6764 亞洲教育,202506,-15.14,6.09
6767 台微醫,202506,8.83,-1.3
6768 志強-KY,202506,6.84,2.34
6770 力積電,202506,1.39,-3.87
6771 平和環保-創,202506,1.73,3.13
6772 錫安,202506,,-10.27
6775 穎台科技,202506,4.39,-39.81
6776 展碁國際,202506,6.46,3.14
6780 學習王,202506,0.3,3.87
6781 AES-KY,202506,82.67,5.56
6782 視陽,202506,18.89,5.15
6784 天凱科技,202506,6.48,-2.94
6785 昱展新藥,202506,,-1.02
6786 芯測,202506,535.53,-21.88
6787 晶瑞光,202506,18.06,-11.72
6788 華景電,202506,30.12,7.42
6789 采鈺,202506,-9.56,1.52
6790 永豐實,202506,0.34,3.29
6791 虎門科技,202506,18.25,5.15
6792 詠業,202506,13.97,1.9
6793 天力離岸,202506,-59.93,-8.69
6794 向榮生技,202506,134.04,-4.12
6796 晉弘,202506,26.18,-4.12
6797 圓點奈米,202506,-27.59,-12.78
6798 展逸,202506,-20.76,-10.75
6799 來頡,202506,1.64,-0.73
6803 崑鼎,202506,17.03,5.25
6804 明係,202506,-32.24,-5.07
6805 富世達,202506,52.44,6.13
6806 森崴能源,202506,60.38,-38.15
6807 峰源-KY,202506,-10.67,1.41
6808 三鼎生技,202506,135.53,4.47
6810 新穎生醫,202506,-38.02,-12.83
6811 宏碁資訊,202506,7.15,6.86
6812 梭特,202506,76.4,5.52
6813 富動科,202506,-57.84,-72.4
6814 路迦生醫,202506,-9.76,-13.96
6815 晶鑽生醫,202506,-18.09,1.51
6816 捷智商訊,202506,10.39,4.1
6817 溫士頓,202506,8.88,16.29
6818 連騰,202506,25.93,2.99
6819 眾智,202506,-0.91,-4.83
6820 連訊,202506,45.22,2.58
6821 聯寶,202506,33.38,0.4
6823 濾能,202506,-1.86,1.37
6825 和暢科技,202506,69.67,7.09
6826 和淞,202506,7.49,14.57
6827 巨生醫,202506,-100,-39.69
6829 千附精密,202506,-3.31,0.63
6830 汎銓,202506,6.98,-0.49
6831 邁科,202506,98.51,1.68
6832 金鼎科,202506,1.41,7.95
6833 太康精密,202506,4.08,-8.88
6834 天二科技,202506,15.42,-3.35
6835 圓裕,202506,9.07,-1.7
6837 富利康科技,202506,-54.39,-7.29
6838 台新藥,202506,-10.59,4.18
6839 開陽能源,202506,4.27,3.19
6840 東研信超,202506,9.37,0.86
6841 長佳智能,202506,0.29,1.22
6842 瑞宇,202506,-7.72,3.19
6843 進典,202506,0.09,1.48
6844 諾貝兒,202506,0.79,-0.27
6846 綠茵,202506,9.24,2.25
6847 普瑞博,202506,19.87,-8.57
6848 拉法醫,202506,-3.05,4.38
6849 奇鼎科技,202506,-23.19,-15.44
6850 光鼎生技,202506,38.29,0.83
6854 錼創科技-KY創,202506,-36.69,-9.65
6855 數泓科,202506,16.93,-2.25
6856 鑫傳,202506,48.89,1.33
6857 宏碁智醫,202506,19.63,-8.1
6858 愛比科技,202506,-9.02,-8.21
6859 伯特光,202506,52.79,-1.7
6861 睿生光電,202506,8.02,2.29
6862 三集瑞-KY,202506,30.46,0
6863 永道-KY,202506,-21.12,-0.54
6864 元樟生技,202506,-15.94,-21.46
6865 偉康科技,202506,-1.66,2.68
6867 坦德科技,202506,-12.86,-6.62
6868 采威國際,202506,-4.5,-0.38
6869 雲豹能源,202506,155.53,8.43
6870 騰雲,202506,13.01,1.54
6872 浩宇生醫,202506,-29.67,-6.05
6873 泓德能源,202506,48.48,0.85
6874 倍力,202506,-34.23,4.11
6875 國邑*,202506,64.31,-7.53
6876 朗齊生醫*,202506,-100,-27.06
6877 鏵友益,202506,-12.34,0.85
6878 歐付寶,202506,-3.41,-6.47
6879 大江基因,202506,-13.86,0.07
6881 潤德,202506,33.4,8.38
6882 甲尚,202506,-14.38,-8.83
6883 微電能源,202506,-16.65,-8.35
6884 海柏特,202506,-10.81,3.23
6885 全福生技,202506,,-6.27
6886 遠東生技,202506,11.3,4.93
6887 寶綠特-KY,202506,-20.1,1.82
6890 來億-KY,202506,15.91,3.83
6891 樂迦再生,202506,,-6.17
6892 台寶生醫,202506,12.27,-12.13
6894 衛司特,202506,63.15,4.03
6895 宏碩系統,202506,112.26,2.34
6898 程曦資訊,202506,,6.89
6899 創為精密,202506,30.65,0.86
6901 鑽石投資,202506,,-4.64
6902 GOGOLOOK,202506,20.79,-1.44
6903 巨漢,202506,-30.77,3.9
6904 伯鑫,202506,-15.11,0.16
6906 現觀科,202506,2.94,-1.04
6907 雅特力-KY,202506,0.89,2.57
6908 宏碁遊戲-創,202506,,2.28
6909 創控,202506,-10.31,-3.26
6910 德鴻,202506,45.41,5.21
6911 群運,202506,17.18,2.79
6912 益鈞環科*,202506,-37.95,-18.73
6913 鴻呈,202506,24.85,2.5
6914 阜爾運通,202506,20.92,4.3
6915 美強光,202506,-27.85,-2.92
6916 華凌,202506,-1.62,-5.8
6917 竟天,202506,-13.51,-12.31
6918 愛派司,202506,14.47,4.24
6919 康霈*,202506,55.61,-2.63
6920 恆勁科技,202506,19.45,-18.03
6921 嘉雨思-創,202506,165.18,-1.78
6922 宸曜,202506,18.95,1.55
6923 中台,202506,-49.92,1.92
6924 榮惠-KY創,202506,-0.74,1.69
6925 意藍,202506,9.73,4.18
6926 聖安生醫,202506,,-4.49
6927 聯合聚晶,202506,40.49,-3.38
6928 攸泰科技,202506,-6.4,-0.39
6929 佑全,202506,-0.85,-0.6
6931 青松健康,202506,15.27,2.09
6932 水星生醫*,202506,-100,-14.13
6933 AMAX-KY,202506,29.17,6.37
6934 心誠鎂,202506,,-16.27
6935 王子製藥,202506,31.85,2.43
6936 永鴻生技,202506,-0.09,1.25
6937 天虹,202506,3.38,0.56
6938 藍新資訊,202506,15.73,11.01
6939 啟弘生技,202506,-5.03,-3.29
6940 格斯科技*,202506,242.22,-10.21
6944 兆聯實業,202506,53.4,9
6945 圓祥生技,202506,,-8.07
6946 三地能源,202506,18.05,0.05
6947 台鎔科技,202506,,2.55
6949 沛爾生醫-創,202506,17.07,-7.05
6951 青新-創,202506,19.18,5.51
6952 大武山,202506,-31.88,-0.91
6953 家碩,202506,-4.57,3.38
6955 邦睿生技-創,202506,46.05,3.97
6957 裕慶-KY,202506,-4.37,1.76
6958 日盛台駿,202506,-2.83,-2.18
6959 兆捷科技,202506,45.96,-4.3
6960 南山產物,202506,19.74,4.33
6961 旅天下,202506,,0.66
6962 奕力-KY,202506,-24.63,0.07
6963 品元,202506,21.77,1.8
6965 中傑-KY,202506,-25.78,1.61
6967 汎瑋材料,202506,-5.22,2.59
6968 萬達寵物,202506,14.82,2.26
6969 成信實業*-創,202506,91.12,-2.62
6971 惠民實業,202506,17.92,2.98
6972 博瑞達應材,202506,3.81,0.39
6973 永立榮,202506,92.71,-3.02
6976 育世博-KY,202506,-40.51,-5.78
6977 聯純,202506,436.98,19.65
6979 勝釩,202506,16.66,13.31
6980 鐳洋科技,202506,29.41,-3.77
6982 大井泵浦,202506,-5.65,0.12
6983 華洋精機,202506,,1.18
6984 ACpay,202506,63.99,4.57
6986 和迅,202506,,7.26
6987 寶晶能源*,202506,19.35,3.6
6988 威力暘-創,202506,-8.97,-1.93
6990 華鉬,202506,-11.72,1.27
6994 富威電力,202506,-23.29,0.97
6995 野獸國,202506,5,-2.88
6996 力領科技,202506,-20.81,4.3
6997 博弘,202506,2.19,2.89
6999 瀚醫生技,202506,15.89,3.99
7402 邑錡,202506,8.85,-3.07
7419 達勝,202506,59.99,-5.58
7427 華上生醫,202506,18.22,-7.48
7443 凡事康,202506,-2.35,2.25
7455 樺緯物聯,202506,0.34,6.55
7507 環拓科技,202506,-4.26,-2.57
7516 清淨海,202506,21.79,5
7530 鋒魁科技,202506,-16.88,-10.6
7547 碩網,202506,14.05,2.73
7551 知識科技,202506,-25.37,-11.16
7556 意德士,202506,24.25,4.74
7558 群利,202506,37.32,-1.6
7561 光晟生技,202506,33.04,4.47
7562 博來科技,202506,28.14,10.83
7566 亞果遊艇,202506,27.83,0.31
7570 紫金堂,202506,-60.85,-7.76
7575 安美得,202506,3.12,1.76
7578 利百景,202506,-1.52,0.18
7583 國際海洋,202506,,6.25
7584 樂意,202506,-12.15,-3.02
7590 怡和國際,202506,159.04,2.3
7595 世基生醫,202506,68.23,-12.54
7607 通用幹細胞*,202506,104.32,-81.93
7610 聯友金屬-創,202506,-11.71,4.84
7631 聚賢研發-創,202506,-10.23,3.08
7642 昶瑞機電,202506,11.3,2.2
7660 元勛,202506,70.44,0.08
7669 碩正科技,202506,242.13,46.75
7689 大鵬科CLMX,202506,,7.45
7702 前端風電,202506,638.9,3.07
7703 銳澤,202506,45.53,5.06
7704 明遠精密,202506,-10.67,0.86
7705 三商餐飲,202506,2.33,1.46
7706 宏碁創達,202506,5.6,4.39
7707 益芯科,202506,,-5.46
7708 全家餐飲,202506,12.88,4.23
7709 榮田,202506,-27.46,-0.87
7710 東擎科技,202506,12.55,9.37
7711 永擎,202506,267.91,14.65
7712 博盛半導體,202506,-4.1,1.18
7713 威力德生醫,202506,8.1,4.71
7714 創泓科技,202506,33.14,6.48
7715 裕山,202506,-11.18,3.39
7716 昱臺國際,202506,0.77,1.61
7717 萊德光電-KY,202506,60.92,6.96
7718 友鋮,202506,3.15,-0.89
7719 碳基,202506,-49.85,-24.61
7721 微程式,202506,-37.65,0.84
7722 LINEPAY,202506,26.24,0.66
7723 築間,202506,-13.64,-4.97
7724 諾亞克,202506,-9.57,-1.06
7725 列特博,202506,-10.23,-6.81
7726 暄達,202506,-17.37,-3.33
7728 光焱科技,202506,-21.04,0.34
7729 仲恩生醫,202506,,-25.41
7730 暉盛-創,202506,63.09,1.69
7731 火星生技*,202506,44.17,-16.35
7732 金興精密,202506,-6.37,0.03
7734 印能科技,202506,30.79,2.62
7736 虎山,202506,32.27,0.59
7737 凱鈿,202506,-2.05,-28.99
7738 東聯互動,202506,32.5,9.05
7740 熙特爾-創,202506,472.63,8.06
7742 天弘化,202506,-34.42,-14.55
7743 金利食安,202506,17.22,-0.54
7744 崴寶,202506,47.19,7.32
7745 紅陽,202506,-21.22,-5.13
7747 昕奇雲端,202506,6.92,4.72
7748 鑫囍創業,202506,60.98,-6.6
7749 意騰-KY,202506,94.74,4.08
7750 新代,202506,20.61,12.41
7751 竑騰,202506,64.49,9.07
7752 世紀樺欣,202506,405.04,7.51
7753 星亞,202506,26.79,6.33
7754 安基生技,202506,-91.05,-27.16
7756 多那之國際,202506,-0.92,4.14
7757 金色三麥,202506,0.19,6.59
7758 睿騰能源,202506,171.29,10.47
7759 視航生醫,202506,,-22.49
7760 享溫馨,202506,,-0.55
7761 三大未來,202506,162.02,4.54
7762 吉晟生,202506,50.64,1.1
7763 崇舜,202506,,5.02
7764 聖州,202506,3.6,2.92
7765 中華資安,202506,29.72,10.31
7767 仁大資訊,202506,3.86,3.02
7768 頌勝科技,202506,,0.77
7769 鴻勁,202506,128.66,15.69
7770 君曜,202506,28.29,-1.58
7771 綠基,202506,43.54,10.33
7772 耀穎,202506,,-0.24
7773 富禾生醫,202506,134.94,-3.67
7776 奧孟亞,202506,462.57,-15.78
7777 能率亞洲,202506,,4.92
7779 鍇睿國際,202506,2.58,-16.54
7780 大研生醫*,202506,60.46,3.34
7781 昕力資*,202506,17.5,-15.33
7782 光速火箭,202506,-0.98,-0.74
7783 佳運,202506,-6.18,5.39
7784 安邦生技*,202506,,-27.77
7785 北祥科服,202506,9.41,2.63
7786 東方風能,202506,51.8,9.03
7788 松川精密,202506,10.86,-2
7789 開展,202506,3.12,2.13
7790 思必瑞特,202506,39.02,4.07
7791 皇家可口,202506,2.91,3.31
7792 安葆,202506,43,3.5
7794 宏碁智新,202506,,5.67
7795 長廣,202506,-34.41,3.2
7796 擷發科,202506,41.89,-24.84
7797 Q Burger,202506,8.6,6.59
7798 將捷,202506,199.64,1.25
7799 禾榮科,202506,,-6.24
7801 華芸科技,202506,,3.8
7803 雲象科技,202506,,-10.7
7805 威聯通,202506,4.57,3.32
7806 精華生醫,202506,,3.65
7808 訊聯智藥,202506,64.16,-3.48
7810 捷創科技,202506,21.9,2.3
7811 民盛,202506,,-0.47
7812 稜研科技*,202506,61.58,-6.87
7813 宇辰系統,202506,20.37,0.01
7814 海昌生技,202506,,-2.23
7815 新特,202506,33.87,6.92
7816 來穎,202506,83.16,8.55
7818 溢泰實業,202506,,0.3
7819 精誠金融,202506,,5.16
7820 立盈,202506,,2.04
7821 神數,202506,,1.6
7822 倍利科,202506,,18.57
7823 奧義賽博-KY創,202506,,-14.32
7824 智寶,202506,508.99,-4.32
7825 和亞智慧,202506,,3.06
7826 極風雲創,202506,56.01,0.61
7827 漢康-KY,202506,,-62.37
7828 創新服務,202506,,-1.63
7829 思捷優達-KY,202506,,-42.43
7831 捷博,202506,-9.71,-7.61
7832 智新生技*,202506,-45.35,-12.25
7833 綠岩能源,202506,104.04,1.77
7834 來毅數位,202506,112.36,-66.93
7836 智生活,202506,16.47,7.9
7837 啟新生,202506,30.36,7.52
7839 達人網,202506,,6.44
7840 祥圃,202506,,1.68
7841 經貿聯網,202506,17.89,3.68
7842 天能綠電,202506,,4.31
7843 英柏得,202506,1.69,-4.33
7846 德揚,202506,29.15,3.88
7847 豊漁,202506,1,-5.55
7848 騏億鑫,202506,,1.38
7849 旭誼,202506,13.06,19.51
7850 寶泰生醫,202506,,-13.47
7851 慧康生技*-KY,202506,61.76,-39.78
7853 政美應用,202506,61.78,-15.83
7854 佐茂,202506,2.91,-0.51
7855 和運租車,202506,,3.3
7856 漢測,202506,,18.05
7857 合水先進,202506,94.53,8.31
7858 芝普,202506,-9.8,4.59
7860 得生製藥,202506,2.01,3.16
7861 貝爾威勒,202506,85.49,24.36
7862 聚泰,202506,33.94,9.86
7863 中科,202506,14.94,3.49
7865 金聯成,202506,10.32,0.29
7866 丹立,202506,311.19,2.48
7867 特力屋,202506,,3.3
7868 聖育,202506,53.08,4.35
7869 宏于電機,202506,35.43,16.87
7870 聯剛科技,202506,20.61,9.13
7871 安立璽榮-KY,202506,,-353.81
7872 登豐,202506,39.15,3.27
7875 安圖斯,202506,-43.38,8.09
7876 鼎晉生技,202506,,-8.44
7877 海利普,202506,1164.88,2.14
7878 藥祇,202506,,-6.01
7879 益材科技,202506,50.02,3.87
7880 聖凰,202506,1.94,13.15
7881 科明,202506,-4.37,24.4
7882 倍利創投,202506,1401.94,2.11
7883 饗賓,202506,,5.56
7885 宏羚,202506,-17.14,4.58
7886 科建,202506,80.03,3.06
7887 宇川精材,202506,114.69,-19.98
7888 麗寶新藥,202506,,-25.07
7889 騰勢,202506,-1.16,12.99
7890 明曜科技,202506,-21.74,-3.87
7891 博研醫藥,202506,,-34.68
7892 元鈦科,202506,551.21,4.42
7893 睿信,202506,-23.7,10.85
7895 元進莊,202506,7.41,7.77
7896 喬越,202506,23.08,6.88
7897 禾迅綠電,202506,4.53,-4.86
7899 景美,202506,34.54,6.03
7901 大大寬頻,202506,12.2,32.56
7902 宇越生醫*,202506,,-23.75
7904 任開數位,202506,164.91,-719.96
7907 錸恩帕斯,202506,15.31,12.44
8011 台通,202506,-30.64,1.47
8016 矽創,202506,6.2,3.48
8021 尖點,202506,13.79,1.9
8024 佑華,202506,-38.51,-7.84
8027 鈦昇,202506,-25.68,-4.53
8028 昇陽半導體,202506,26.08,2.22
8029 久尹,202506,9.83,-6.16
8032 光菱,202506,29.03,-0.06
8033 雷虎,202506,19.42,3.32
8034 榮群,202506,166.91,4.15
8038 長園科,202506,1129.46,3.21
8039 台虹,202506,-4.11,0.23
8040 九暘,202506,1.29,-0.85
8042 金山電,202506,8.08,0.08
8043 蜜望實,202506,17.81,-1.4
8044 網家,202506,-0.64,-2.38
8045 達運光電,202506,-24.15,-0.12
8046 南電,202506,18.01,-0.42
8047 星雲,202506,13.01,-1.1
8048 德勝,202506,0.54,0.43
8049 晶采,202506,14.98,1.71
8050 廣積,202506,14.05,-2.22
8054 安國,202506,7.54,-2.51
8058 耐特,202506,11.21,4.14
8059 凱碩,202506,1474.5,-20.14
8064 東捷,202506,-23.22,-0.69
8066 來思達,202506,-4.91,-6.51
8067 志旭,202506,-12.24,-7.03
8068 全達,202506,3.41,8.8
8069 元太,202506,38.79,5.15
8070 長華*,202506,11.57,0.62
8071 能率網通,202506,-6.33,-3.62
8072 陞泰,202506,45.6,-0.81
8074 鉅橡,202506,5.44,0.68
8076 伍豐,202506,-9.61,2.05
8077 洛碁,202506,3.91,5.37
8080 泰霖,202506,16.08,1.87
8081 致新,202506,9.18,3.79
8083 瑞穎,202506,5.07,8.47
8084 巨虹,202506,1.74,-5.12
8085 福華,202506,17.38,-4.16
8086 宏捷科,202506,-25.46,1.28
8087 麗升能源,202506,-84.46,-2.85
8088 品安,202506,53.16,-1.74
8089 康全電訊,202506,-87.23,-7.19
8091 翔名,202506,6.55,1.13
8092 建暐,202506,9.61,-0.85
8093 保銳,202506,-10.31,-5.23
8096 擎亞,202506,-5.46,-2.86
8097 常珵,202506,18.44,-4.48
8098 慶康科技,202506,68.45,8.85
8099 大世科,202506,6.25,2.75
8101 華冠,202506,626.67,-0.76
8102 傑霖科技,202506,-33.98,-0.23
8103 瀚荃,202506,6,1.09
8104 錸寶,202506,113.63,1.24
8105 凌巨,202506,17.09,-3.77
8107 大億金茂,202506,7.31,-2.5
8109 博大,202506,8.12,2.86
8110 華東,202506,-12.84,-3.6
8111 立碁,202506,5.58,-4.56
8112 至上,202506,-19.55,1.22
8114 振樺電,202506,83,11.98
8115 帝聞,202506,-11.98,1.22
8119 公信,202506,-1.81,-6.49
8121 越峰,202506,-11.26,-2.47
8131 福懋科,202506,-10.09,-2.15
8147 正淩,202506,55.48,3.62
8150 南茂,202506,-1.27,-2.21
8155 博智,202506,29.01,-0.38
8157 創圓,202506,-13.49,-23.43
8162 微矽電子-創,202506,43.44,2.84
8163 達方,202506,32.8,0.15
8171 天宇,202506,-79.67,-11.6
8176 智捷,202506,-6.67,-1.14
8182 加高,202506,-4.14,-2.48
8183 精星,202506,4.3,-0.57
8201 無敵,202506,-18.33,-3.08
8210 勤誠,202506,50.88,10.89
8213 志超,202506,-1.69,0.98
8215 明基材,202506,-3.69,0.02
8218 輝城,202506,-1.79,-15.92
8222 寶一,202506,23.89,-2.28
8227 巨有科技,202506,59.97,-0.21
8234 新漢,202506,27.79,-0.87
8240 華宏,202506,-6.18,0.62
8249 菱光,202506,-14.1,1.96
8255 朋程,202506,12.43,0.08
8261 富鼎,202506,11.5,1.41
8271 宇瞻,202506,43.99,3.05
8272 全景軟體,202506,27.68,4.26
8277 商丞,202506,20.43,-1.98
8279 生展,202506,17.82,3.97
8284 三竹,202506,7.34,-0.88
8287 英格爾,202506,32.48,7.39
8289 泰藝,202506,25.51,-2.04
8291 尚茂,202506,-88.49,-9
8298 威睿,202506,-20.52,-18.37
8299 群聯,202506,12.55,1.54
8307 大台中,202506,-6.47,17.82
8329 台視,202506,-19.23,-2.9
8341 日友,202506,-3.63,2.76
8342 益張,202506,-2.69,2.39
8345 超秦,202506,16.6,6.92
8349 恒耀,202506,-11.83,-0.1
8354 冠好,202506,6.4,-4.71
8358 金居,202506,10.21,2.5
8359 錢櫃,202506,-5.51,2.13
8367 建新國際,202506,2.92,1.89
8374 羅昇,202506,43.64,2.05
8383 千附,202506,6.45,1.1
8390 金益鼎,202506,-1.18,4.42
8401 白紗科,202506,1.48,4.33
8403 盛弘,202506,-1.74,0.34
8404 百和興業-KY,202506,2.16,1.19
8409 商之器,202506,20.38,-7.23
8410 森田,202506,7.32,-2.42
8411 福貞-KY,202506,-1.32,-0.9
8415 大國鋼,202506,2.06,1.59
8416 實威,202506,10.23,4.71
8421 旭源,202506,-4.73,-3.92
8422 可寧衛*,202506,-12.51,6.19
8423 保綠-KY,202506,7.2,0.86
8424 惠普,202506,0.24,4.59
8426 紅木-KY,202506,9.41,-3.19
8429 金麗-KY,202506,-0.17,0.09
8431 匯鑽科,202506,-1.48,-1.23
8432 東生華,202506,14.31,1.96
8433 弘帆,202506,-20.91,-7.36
8435 鉅邁,202506,-14.55,2.38
8436 大江,202506,-9.16,3.37
8437 大地-KY,202506,-34.71,-0.4
8438 昶昕,202506,1.48,0.58
8440 綠電,202506,-2.8,0.1
8442 威宏-KY,202506,-11.74,0.07
8443 阿瘦,202506,9.18,-4.5
8444 綠河-KY,202506,-35.56,24.75
8446 華研,202506,-26.77,8.11
8450 霹靂,202506,-11.5,-12.87
8454 富邦媒,202506,-2.35,6.78
8455 大拓-KY,202506,11.55,0.78
8458 影一,202506,-29.6,-3.48
8462 柏文,202506,15.57,7.57
8463 潤泰材,202506,17.76,5.52
8464 億豐,202506,3.96,4.72
8466 美吉吉-KY,202506,-13.7,-0.93
8467 波力-KY,202506,3.82,6.61
8472 夠麻吉,202506,75.93,-1.68
8473 山林水,202506,42.32,1.54
8476 台境*,202506,-32.15,2.11
8477 創業家,202506,-50.53,1.69
8478 東哥遊艇,202506,-2.36,5.22
8481 政伸,202506,0.11,2.02
8482 商億-KY,202506,-16.07,1.16
8487 愛爾達-創,202506,27.72,3.97
8488 吉源-KY,202506,3.89,-4.24
8489 三貝德,202506,-5.7,-1.38
8499 鼎炫-KY,202506,-2.31,0.51
8905 裕國,202506,-0.22,0.7
8906 花王,202506,-15.22,-1.09
8908 欣雄,202506,55.26,4.33
8916 光隆,202506,-3.4,1.96
8917 欣泰,202506,22.85,3.82
8921 沈氏,202506,-2.58,-0.45
8923 時報,202506,10.68,0.34
8924 大田,202506,-27.82,3.65
8926 台汽電,202506,-4.29,5.66
8927 北基,202506,-54.81,0.28
8928 鉅明,202506,1.01,-7.93
8929 富堡,202506,-25.28,-2.19
8930 青鋼,202506,1.62,1.79
8931 大汽電,202506,-3.15,4.15
8932 智通*,202506,59.86,8.83
8933 愛地雅,202506,-0.44,-8.13
8935 邦泰,202506,-2.71,-1.84
8936 國統,202506,-4.2,2.93
8937 合騏*,202506,-61.29,-9.01
8938 明安,202506,6.1,-4.44
8940 新天地,202506,-1.61,-2.26
8941 關中,202506,-7.69,-4.17
8942 森鉅,202506,-0.42,-1.24
8945 大新店,202506,-4.62,2.98
8977 南國,202506,-3.27,5.41
8996 高力,202506,48.79,3.82
8999 台灣積層,202506,8.47,3.66
9103 美德醫療-DR,202506,31.53,0.16
910322 康師傅-DR,202506,-9.69,15.28
9105 泰金寶-DR,202506,-24.85,1.43
910861 神州-DR,202506,2.02,-1.28
9110 越南控-DR,202506,3.99,-2.08
911608 明輝-DR,202506,-20.55,-0.78
911622 泰聚亨-DR,202506,36.47,0.86
911868 同方友友-DR,202506,-7.45,-0.08
912000 晨訊科-DR,202506,1.81,0.37
9136 巨騰-DR,202506,-18.7,-2.17
9802 鈺齊-KY,202506,31.96,2.25
9902 台火,202506,138.74,-0.03
9904 寶成,202506,-3.91,1.45
9905 大華,202506,-1.46,1.12
9906 欣巴巴,202506,-76.99,-3.24
9907 統一實,202506,9.99,2.47
9908 大台北,202506,3.82,1.54
9910 豐泰,202506,-8.38,3.14
9911 櫻花,202506,4.64,4.69
9912 偉聯,202506,-1.84,-5.47
9914 美利達,202506,-24.87,2.25
9917 中保科,202506,9.45,5.65
9918 欣天然,202506,7.77,1.59
9919 康那香,202506,-4.1,-6.17
9921 巨大,202506,-25.57,0.7
9924 福興,202506,-2.25,-0.65
9925 新保,202506,2.91,2.68
9926 新海,202506,10.58,3.56
9927 泰銘,202506,-9.85,0.24
9928 中視,202506,-15.51,-1.12
9929 秋雨,202506,-6.44,-0.89
9930 中聯資源,202506,8.91,5.24
9931 欣高,202506,-39.04,1.13
9933 中鼎,202506,-21.56,2.52
9934 成霖,202506,-11.35,0.99
9935 慶豐富,202506,-8.35,-1.55
9937 全國,202506,-7.3,3.07
9938 百和,202506,-3.55,1.52
9939 宏全,202506,2.61,4
9940 信義,202506,-46.5,-0.92
9941 裕融,202506,-2.9,2.79
9942 茂順,202506,2.88,3.32
9943 好樂迪,202506,-12.82,-0.12
9944 新麗,202506,1.43,-0.37
9945 潤泰新,202506,21.62,1.88
9946 三發地產,202506,-95.91,-0.97
9949 琉園,202506,-30.27,-12.37
9950 萬國通,202506,-10.46,-5.1
9951 皇田,202506,18.38,0.71
9955 佳龍,202506,19.61,-2.6
9957 燁聯,202506,-17.54,-17.48
9958 世紀鋼,202506,30.72,3.76
9960 邁達康,202506,-19.62,0.19
9962 有益,202506,-27.58,-2.35
M1100 水泥工業類指數,202506,-10.36,0.82
M1200 食品工業類指數,202506,2.96,3.12
M1300 塑膠工業類指數,202506,-15.89,-2.04
M1400 紡織纖維類指數,202506,-7.57,0.47
M1500 電機機械類指數,202506,2.82,1.74
M1600 電器電纜類指數,202506,-1.49,1.35
M1700 化學生技醫療類指數,202506,0.65,1.28
M1721 化學工業指數,202506,-2.98,1.88
M1722 生技醫療指數,202506,6.87,0.72
M1800 玻璃陶瓷類指數,202506,-4.31,-1.21
M1900 造紙工業類指數,202506,-6.8,-0.42
M2000 鋼鐵工業類指數,202506,-5.25,0.27
M2100 橡膠類指數,202506,-4.93,-0.21
M2200 汽車工業類指數,202506,-13.23,0.52
M2300 電子類指數,202506,22.4,4.25
M2324 半導體業指數,202506,23.59,6.39
M2325 電腦及週邊設備業指數,202506,41.92,3.71
M2326 光電業指數,202506,-0.48,0.14
M2327 通信網路業指數,202506,11.61,2.6
M2328 零組件指數,202506,12.8,2.08
M2329 電子通路業指數,202506,6.35,2.02
M2330 資訊服務業指數,202506,26.48,3.21
M2331 其他電子業指數,202506,15.85,2.64
M2500 建材營造類指數,202506,-12.76,1.39
M2600 航運業類指數,202506,-8.37,1.65
M2700 觀光餐旅類指數,202506,3.55,1.65
M2800 金融保險類指數,202506,-38.07,1.95
M2870 保險,202506,-9.79,2.71
M2871 壽險,202506,-136.94,-2.5
M28HO 金融控股,202506,-36.84,1.99
M2900 貿易百貨類指數,202506,2.07,1.87
M3000 證券,202506,-11.07,2.41
M3500 綠能環保,202506,26.71,-3.87
M3600 數位雲端,202506,-1.18,4.82
M3700 運動休閒,202506,-5.26,1.73
M3800 居家生活,202506,-7.85,2.28
M9700 油電燃氣業指數,202506,-14.48,-1.79
M9900 其他類指數,202506,-5.6,1.98
O1721 OTC 化學工業,202506,6.67,-1.39
O1722 OTC 生技醫療,202506,4.31,-1.35
O2324 OTC 半導體業,202506,7.91,1.44
O2325 OTC 電腦及週邊設備業,202506,18.98,1.46
O2326 OTC 光電業,202506,4.01,1.09
O2327 OTC 通信網路業,202506,11.39,0.84
O2328 OTC 電子零組件,202506,12.08,0.69
O2329 OTC 電子通路業,202506,13.71,-1.31
O2330 OTC 資訊服務業,202506,8.62,2.78
O2331 OTC 其他電子業,202506,19.97,2.11
OTC12 OTC 食品工業,202506,-0.14,4.41
OTC13 OTC 塑膠工業,202506,17.1,-10.53
OTC14 OTC 紡織纖維,202506,10.46,0.23
OTC15 OTC 電機機械,202506,0.73,-0.66
OTC16 OTC 電器電纜,202506,-9.52,-8.83
OTC17 OTC 化學生技,202506,4.57,-1.35
OTC20 OTC 鋼鐵工業,202506,-6.36,-0.37
OTC23 OTC 電子類,202506,11.76,1.29
OTC25 OTC 建材營造,202506,16.09,3.01
OTC26 OTC 航運業,202506,16.82,3.25
OTC27 OTC 觀光餐旅,202506,7,0.06
OTC28 OTC 金融業,202506,-38.26,2.22
OTC30 OTC 證券類,202506,-38.26,2.22
OTC32 OTC 文化創意業,202506,3.1,5.44
OTC33 OTC 農業科技,202506,2.89,-0.94
OTC35 OTC 綠能環保,202506,2.12,1.75
OTC36 OTC 數位雲端,202506,3.19,2.01
OTC37 OTC 運動休閒,202506,-5.31,-2.72
OTC38 OTC 居家生活,202506,4.82,2.92
OTC55 OTC 非電子,202506,2.27,0.6
OTC86 OTC 不含金融電子,202506,2.94,0.41
OTC88 OTC 非金融,202506,8.55,1.01
OTC89 OTC 其它,202506,-2.17,0.5
OTC97 OTC 油電燃氣業,202506,-22.29,2.21
OTC99 OTC 指數,202506,8.25,1.03
T2810 銀行上市櫃及金控旗下,202506,8.47,2.49
T2870 產險上市櫃及金控旗下,202506,-3.47,3.48
T2871 壽險上市櫃及金控旗下,202506,-50.74,-1.96
T3000 證券上市櫃及金控旗下,202506,-17.09,2.63
Y5555 不含電子,202506,-11.17,1.2
Y8886 未含金電,202506,-6.35,0.75
Y8888 不含金融,202506,14.17,2.88
Y9999 加權指數,202506,11.62,2.71
000930 華南永昌證券,202509,5.01,5.03
000960 富邦證券,202509,2.31,5.9
000980 元大證券,202509,5.83,4.21
0009A0 永豐金證券,202509,20.67,7.32
1101 台泥,202509,-4.89,-4.23
1102 亞泥,202509,-8.89,2.02
1103 嘉泥,202509,-6.71,3.82
1104 環泥,202509,0.68,2.45
1108 幸福,202509,-8.09,2.15
1109 信大,202509,0.14,1.15
1110 東泥,202509,-26.65,1.37
1201 味全,202509,-8,1.08
1203 味王,202509,-4.21,3.1
1210 大成,202509,-4.57,3.04
1213 大飲,202509,43.83,-1.66
1215 卜蜂,202509,1.14,7.65
1216 統一,202509,-1.45,4.83
1217 愛之味,202509,-5.66,2.28
1218 泰山,202509,-5.57,1.57
1219 福壽,202509,-1.58,0.6
1220 台榮,202509,1.43,2.05
1225 福懋油,202509,-11.05,2.64
1227 佳格,202509,-4.62,2.16
1229 聯華,202509,16.06,1.88
1231 聯華食,202509,6.18,4.76
1232 大統益,202509,-1.42,5.82
1233 天仁,202509,-2.08,0.95
1234 黑松,202509,-14.57,1.32
1235 興泰,202509,56.83,0
1236 宏亞,202509,4.73,1.02
1240 茂生農經,202509,-0.38,4.45
1256 鮮活果汁-KY,202509,10.89,5.14
1259 安心,202509,-1.69,0.13
1264 德麥,202509,-3.84,6.03
1268 漢來美食,202509,2.49,2.99
1294 漢田生技,202509,-1.4,3.86
1295 生合,202509,-22.71,2.55
1301 台塑,202509,-17.38,-0.22
1303 南亞,202509,-3.38,1.03
1304 台聚,202509,-18.58,-2.76
1305 華夏,202509,-11.6,-1.47
1307 三芳,202509,-8.52,4.59
1308 亞聚,202509,3.07,-1.48
1309 台達化,202509,-34.58,-1.3
1310 台苯,202509,-26.8,-1.8
1312 國喬,202509,11.96,-4.73
1313 聯成,202509,-14.21,-1.22
1314 中石化,202509,-39.31,-1.14
1315 達新,202509,15.71,1.49
1316 上曜,202509,206.12,-0.26
1319 東陽,202509,-14.47,2.49
1321 大洋,202509,-21.93,-0.51
1323 永裕,202509,-14.95,0.2
1324 地球,202509,-3.84,-1.11
1325 恆大,202509,-13.47,-0.16
1326 台化,202509,-19.93,0.68
1336 台翰,202509,-8.58,1.01
1337 再生-KY,202509,-15.69,-3.25
1338 廣華-KY,202509,14.45,0.4
1339 昭輝,202509,-19.7,1.71
1340 勝悅-KY,202509,-228.19,-0.18
1341 富林-KY,202509,-11.94,3.65
1342 八貫,202509,2.4,4.58
1402 遠東新,202509,-8.58,1.47
1409 新纖,202509,-12.67,2.96
1410 南染,202509,-39.86,2.35
1413 宏洲,202509,-29.88,1.24
1414 東和,202509,-19.03,0.7
1416 廣豐,202509,3.13,1.79
1417 嘉裕,202509,-11.33,1.35
1418 東華,202509,-94.02,-3.23
1419 新紡,202509,10.35,3.62
1423 利華,202509,-19.42,7.32
1432 大魯閣,202509,5.28,-1.99
1434 福懋,202509,-8.24,0.92
1435 中福,202509,-49.68,-0.84
1436 華友聯,202509,-50.07,9.31
1437 勤益控,202509,12.77,3.59
1438 三地開發,202509,-98.25,-1.04
1439 雋揚,202509,1923.37,2.48
1440 南紡,202509,-29.81,0.08
1441 大東,202509,-30.53,-5.35
1442 名軒,202509,-77.36,2.16
1443 立益物流,202509,1.73,1.88
1444 力麗,202509,-15.79,-3.35
1445 大宇,202509,-35.12,-0.97
1446 宏和,202509,-86.13,2.91
1447 力鵬,202509,-8.11,-1.07
1449 佳和,202509,-29.4,-1.28
1451 年興,202509,-4.46,1.53
1452 宏益,202509,-24.76,0.71
1453 大將,202509,-3.2,1.21
1454 台富,202509,-12.96,-0.96
1455 集盛,202509,-41,-0.49
1456 怡華,202509,-47.05,-2.07
1457 宜進,202509,-27.52,0.25
1459 聯發,202509,-1.97,4.68
1460 宏遠,202509,-16.79,-1.24
1463 強盛新,202509,-19.25,3.62
1464 得力,202509,-5.43,0.5
1465 偉全,202509,-38.57,1.38
1466 聚隆,202509,-25.75,-1.76
1467 南緯,202509,2.1,0.02
1468 昶和,202509,-23.87,3.76
1470 大統新創,202509,-8.54,2.23
1471 首利,202509,-32.38,-0.37
1472 三洋實業,202509,68.77,3.89
1473 台南,202509,-21.3,-0.57
1474 弘裕,202509,-4.25,0.86
1475 業旺,202509,-33.47,7.18
1476 儒鴻,202509,-3.97,6.17
1477 聚陽,202509,-15.06,6.53
1503 士電,202509,3.43,2.05
1504 東元,202509,8.03,2
1506 正道,202509,7.43,0.82
1512 瑞利,202509,10.29,0.34
1513 中興電,202509,6.33,5.89
1514 亞力,202509,44.35,4.14
1515 力山,202509,-2.8,1.53
1516 川飛,202509,-69.49,3.79
1517 利奇,202509,-18.84,-0.4
1519 華城,202509,8.87,12.93
1521 大億,202509,12.55,0.48
1522 堤維西,202509,44.16,3.6
1524 耿鼎,202509,-13.58,2.68
1525 江申,202509,-17.99,1.38
1526 日馳,202509,26.3,0.35
1527 鑽全,202509,-10.88,2.36
1528 恩德,202509,-17.69,0.78
1529 樂事綠能,202509,34.76,0.94
1530 亞崴,202509,-26.33,3.97
1531 高林股,202509,-16.02,0.93
1532 勤美,202509,75.55,3.33
1533 車王電,202509,85.46,2.21
1535 中宇,202509,21.15,3.2
1536 和大,202509,-18.05,-0.55
1537 廣隆,202509,-27.23,4.24
1538 正峰,202509,8.66,-17.32
1539 巨庭,202509,-4.56,1.44
1540 喬福,202509,18.91,2.51
1541 錩泰,202509,30.92,4.41
1558 伸興,202509,-7.96,2.63
1560 中砂,202509,12.48,4.32
1563 巧新,202509,-0.95,0.49
1565 精華,202509,-17.83,2.13
1568 倉佑,202509,3.08,1.85
1569 濱川,202509,-4.63,-4.48
1570 力肯,202509,-36.97,1.16
1580 新麥,202509,5.63,6.53
1582 信錦,202509,-12.23,2.42
1583 程泰,202509,-7.64,5.73
1584 精剛,202509,-25.13,0.87
1586 和勤,202509,-15.4,-0.23
1587 吉茂,202509,22.87,0.99
1589 永冠-KY,202509,13.42,-3.87
1590 亞德客-KY,202509,11.72,4.57
1591 駿吉-KY,202509,-34.97,-5.66
1593 祺驊,202509,6.15,1.8
1595 川寶,202509,-57.89,-0.82
1597 直得,202509,-0.23,1.26
1598 岱宇,202509,-19.23,1.13
1599 宏佳騰,202509,-50.1,0.26
1603 華電,202509,6.19,2.63
1604 聲寶,202509,-9.12,1.69
1605 華新,202509,-6.15,0.43
1608 華榮,202509,-1.81,17.76
1609 大亞,202509,-0.95,2.19
1611 中電,202509,-8.13,0.87
1612 宏泰,202509,21.89,2.88
1614 三洋電,202509,-18.52,1.3
1615 大山,202509,-24.59,6.21
1616 億泰,202509,26.39,4.92
1617 榮星,202509,-4.89,0.7
1618 合機,202509,-12.66,3.17
1623 大東電,202509,10.96,6.7
1626 艾美特-KY,202509,-19.07,-4.53
1702 南僑,202509,-5.93,0.44
1707 葡萄王,202509,-16.26,4.06
1708 東鹼,202509,-3.91,3.97
1709 和益,202509,-16.78,1.74
1710 東聯,202509,-17.55,-2.66
1711 永光,202509,-11.3,-0.8
1712 興農,202509,-6.22,2.9
1713 國化,202509,7.12,5.09
1714 和桐,202509,17.15,1.91
1717 長興,202509,-10.92,2.24
1718 中纖,202509,6.82,2.52
1720 生達,202509,1.56,4.62
1721 三晃,202509,-25.32,-2.51
1722 台肥,202509,2.2,1.05
1723 中碳,202509,-33.98,1.61
1725 元禎,202509,-9.45,4.04
1726 永記,202509,-3.92,2.5
1727 中華化,202509,-12.87,0.09
1730 花仙子,202509,-7.49,3.99
1731 美吾華,202509,5.81,1.95
1732 毛寶,202509,18.11,2.65
1733 五鼎,202509,-14.2,1.23
1734 杏輝,202509,16.44,2.29
1735 日勝化,202509,-18.47,1.38
1736 喬山,202509,-0.28,5.99
1737 臺鹽,202509,-2.87,1.09
1742 台蠟,202509,-61.02,-1.07
1752 南光,202509,-9.67,1.94
1760 寶齡富錦,202509,6.13,4.05
1762 中化生,202509,-55.64,-1.32
1773 勝一,202509,1.46,5.34
1776 展宇,202509,-32.11,0.14
1777 生泰,202509,1.85,3.15
1780 立弘,202509,9,5.6
1781 合世,202509,-60.49,-5.31
1783 和康生,202509,15.47,5.23
1784 訊聯,202509,-1.96,-0.28
1785 光洋科,202509,36.92,5.2
1786 科妍,202509,-0.36,3.2
1788 杏昌,202509,5.62,3.26
1789 神隆,202509,-0.38,0.15
1795 美時,202509,-8.86,6.75
1796 金穎生技,202509,25.57,0.71
1799 易威,202509,-8.42,0.87
1802 台玻,202509,6.19,0.55
1805 寶徠,202509,-73.98,-0.61
1806 冠軍,202509,-11.88,1.17
1808 潤隆,202509,-98.25,-1.14
1809 中釉,202509,17.57,-0.05
1810 和成,202509,-8.97,0.16
1813 寶利徠,202509,-9.26,0.88
1815 富喬,202509,37.1,3.62
1817 凱撒衛,202509,-7.94,4.17
1903 士紙,202509,-2.77,3.67
1904 正隆,202509,-15.65,0.46
1905 華紙,202509,-9.84,-1.84
1906 寶隆,202509,-6.45,1.31
1907 永豐餘,202509,-7.85,1.9
1909 榮成,202509,-4.16,-0.75
2002 中鋼,202509,-14.13,-0.89
2006 東和鋼鐵,202509,-6.86,3.51
2007 燁興,202509,-36.7,-6.48
2008 高興昌,202509,33.88,1.7
2009 第一銅,202509,-0.17,2.56
2010 春源,202509,0.41,3.03
2012 春雨,202509,-14.01,1.07
2013 中鋼構,202509,-2.29,3.35
2014 中鴻,202509,-38.61,-4.19
2015 豐興,202509,-18.77,2.61
2017 官田鋼,202509,-20.73,-1.55
2020 美亞,202509,29.41,3.65
2022 聚亨,202509,28.71,1.08
2023 燁輝,202509,-4.56,-3.34
2024 志聯,202509,-9.4,-0.52
2025 千興,202509,19.75,3.9
2027 大成鋼,202509,18.97,3.57
2028 威致,202509,-25.19,-0.86
2029 盛餘,202509,-12.55,-0.13
2030 彰源,202509,-20.48,0.45
2031 新光鋼,202509,13.6,1.58
2032 新鋼,202509,10.8,1.9
2033 佳大,202509,20.85,0.71
2034 允強,202509,-22.16,2.3
2035 唐榮,202509,-24.12,-13.41
2038 海光,202509,-26.71,-1.78
2049 上銀,202509,-5.23,1.15
2059 川湖,202509,69.55,13.98
2061 風青,202509,-4.45,-0.04
2062 橋椿,202509,-10.9,-0.36
2063 世鎧,202509,6.06,2.79
2064 晉椿,202509,-5.71,-1.15
2065 世豐,202509,-18.77,3.02
2066 世德,202509,-10.3,1.53
2067 嘉鋼,202509,-2.42,-15.56
2069 運錩,202509,-10.86,1.64
2070 精湛,202509,-12.52,2.9
2072 世紀風電,202509,-2.74,2.13
2073 雄順,202509,-10.11,-1.76
2101 南港,202509,-75.21,0.66
2102 泰豐,202509,-21.32,1.26
2103 台橡,202509,-13.33,-0.22
2104 國際中橡,202509,-25.24,-10.38
2105 正新,202509,-7.17,2.02
2106 建大,202509,-7.29,0.42
2107 厚生,202509,-18.56,1.39
2108 南帝,202509,-25.54,1.23
2109 華豐,202509,-23.28,1.66
2114 鑫永銓,202509,11.89,4.06
2115 六暉-KY,202509,-12.6,0.84
2201 裕隆,202509,-14.13,1.08
2204 中華,202509,-9.3,2.18
2206 三陽工業,202509,-3.09,3.24
2207 和泰車,202509,6.46,5.79
2208 台船,202509,15.7,0.8
2211 長榮鋼,202509,21.95,4.45
2221 大甲,202509,-16.46,2.24
2227 裕日車,202509,-33.3,1.51
2228 劍麟,202509,-8.09,1.95
2230 泰茂,202509,17.84,-0.14
2231 為升,202509,-22,0.19
2233 宇隆,202509,-17.67,2.79
2235 謚源,202509,-20.81,1.62
2236 百達-KY,202509,473.15,-10.16
2237 華德動能,202509,1251.67,2.7
2239 英利-KY,202509,-11.55,-1.89
2241 艾姆勒,202509,11.66,-1.48
2243 宏旭-KY,202509,-4.44,-4.99
2247 汎德永業,202509,-20.95,2.41
2248 華勝-KY,202509,-7.53,4.12
2250 IKKA-KY,202509,-14.34,1.71
2254 巨鎧精密-創,202509,-38.02,-1.58
2258 鴻華先進-創,202509,-74.68,-6.99
2301 光寶科,202509,22.07,5.65
2302 麗正,202509,11.21,3.53
2303 聯電,202509,-2.25,4.28
2305 全友,202509,-10.63,1.71
2308 台達電,202509,33.97,7.55
2312 金寶,202509,-10.34,1.84
2313 華通,202509,-0.7,5.06
2314 台揚,202509,24.39,-58.56
2316 楠梓電,202509,13.73,8.6
2317 鴻海,202509,11.02,3.82
2321 東訊,202509,43.13,0.68
2323 中環,202509,-2.52,5.21
2324 仁寶,202509,-23.41,1.77
2327 國巨*,202509,4.25,4.15
2328 廣宇,202509,-10.64,1.2
2329 華泰,202509,32.55,3.79
2330 台積電,202509,30.31,9.36
2331 精英,202509,18.88,2.61
2332 友訊,202509,-6.42,0.66
2337 旺宏,202509,5.93,-2.03
2338 光罩,202509,-19.24,-5.07
2340 台亞,202509,-0.64,-3.61
2342 茂矽,202509,-2.42,-0.2
2344 華邦電,202509,2.15,2.76
2345 智邦,202509,158.74,17.58
2347 聯強,202509,-7.88,3.79
2348 海悅,202509,-38.47,0.69
2349 錸德,202509,4.95,-0.22
2351 順德,202509,-12.48,1.44
2352 佳世達,202509,3.42,0.67
2353 宏碁,202509,0.97,2.38
2354 鴻準,202509,109.3,0.87
2355 敬鵬,202509,-5.08,0.46
2356 英業達,202509,7.61,4.94
2357 華碩,202509,20.25,4.2
2359 所羅門,202509,-2.89,3.16
2360 致茂,202509,13.82,18.75
2362 藍天,202509,-22.39,2.26
2363 矽統,202509,320.18,0.76
2364 倫飛,202509,8.86,13.26
2365 昆盈,202509,-6.52,1.46
2367 燿華,202509,-18.21,0.11
2368 金像電,202509,69.07,13.59
2369 菱生,202509,4.9,-2.54
2371 大同,202509,11.28,1.18
2373 震旦行,202509,-2.16,3.1
2374 佳能,202509,60.31,3.74
2375 凱美,202509,3.93,1.59
2376 技嘉,202509,12.97,5.91
2377 微星,202509,10.84,3.33
2379 瑞昱,202509,-4.1,7.56
2380 虹光,202509,52.01,-12.67
2382 廣達,202509,16.66,7.9
2383 台光電,202509,43.99,9.82
2385 群光,202509,-10.51,5.4
2387 精元,202509,-23.31,2.41
2388 威盛,202509,-56.15,0.11
2390 云辰,202509,-5.23,-1.03
2392 正崴,202509,6.58,-29.63
2393 億光,202509,-11.5,3.04
2395 研華,202509,18.89,5.53
2397 友通,202509,5.97,1.89
2399 映泰,202509,-5.41,1.42
2401 凌陽,202509,-12.77,-0.16
2402 毅嘉,202509,9.58,2.9
2404 漢唐,202509,72.45,21.28
2405 輔信,202509,11.76,-0.03
2406 國碩,202509,-10.02,-1.55
2408 南亞科,202509,130.91,1
2409 友達,202509,-10.08,-0.7
2412 中華電,202509,4.16,2.56
2413 環科,202509,21.48,4.85
2414 精技,202509,17.43,3.67
2415 錩新,202509,1.69,3.14
2417 圓剛,202509,-4.95,1.42
2419 仲琦,202509,4.84,0.99
2420 新巨,202509,-9.38,4.06
2421 建準,202509,22.42,9.03
2423 固緯,202509,3.54,4.24
2424 隴華,202509,15.64,-11.82
2425 承啟,202509,-11.15,0.94
2426 鼎元,202509,-13.17,-0.84
2427 三商電,202509,-16.96,1.62
2428 興勤,202509,5.2,4.02
2429 銘旺科,202509,54.49,-2.49
2430 燦坤,202509,-9.27,0.08
2431 聯昌,202509,-24.11,-1.77
2432 倚天酷碁-創,202509,19.38,2.52
2433 互盛電,202509,-0.24,5.01
2434 統懋,202509,-9.72,3.67
2436 偉詮電,202509,8.48,5.73
2438 翔耀,202509,-1.71,-15.75
2439 美律,202509,2.07,4.35
2440 太空梭,202509,-14.8,-0.66
2441 超豐,202509,10.12,3.32
2442 新美齊,202509,-31.45,0.57
2444 兆勁,202509,-24.48,-5.6
2449 京元電子,202509,31.99,5.06
2450 神腦,202509,1.39,1.2
2451 創見,202509,63.24,8.04
2453 凌群,202509,8.01,3.39
2454 聯發科,202509,7.8,6.26
2455 全新,202509,13.29,5.41
2457 飛宏,202509,-6.49,0.62
2458 義隆,202509,-2.55,7.89
2459 敦吉,202509,-6.06,3.18
2460 建通,202509,-7.67,-15.98
2461 光群雷,202509,-2.01,0.27
2462 良得電,202509,-4.71,2.81
2464 盟立,202509,-25.53,0.03
2465 麗臺,202509,93.56,-6.13
2466 冠西電,202509,-13.54,21.44
2467 志聖,202509,45.79,4.43
2468 華經,202509,13.02,1.53
2471 資通,202509,9.26,7.51
2472 立隆電,202509,0.34,4.3
2474 可成,202509,-5,2.08
2476 鉅祥,202509,6.07,4.44
2477 美隆電,202509,-17.53,2.35
2478 大毅,202509,1.09,2.22
2480 敦陽科,202509,11.09,5.97
2481 強茂,202509,-1.96,2.47
2482 連宇,202509,-15.22,0.3
2483 百容,202509,3.6,-0.3
2484 希華,202509,-2.26,0.59
2485 兆赫,202509,119.25,-0.24
2486 一詮,202509,6.11,1.19
2488 漢平,202509,-14.89,5.04
2489 瑞軒,202509,-7.95,2.51
2491 吉祥全,202509,-15.32,9.73
2492 華新科,202509,0.67,2.45
2493 揚博,202509,-3.2,5.81
2495 普安,202509,-3.66,4.73
2496 卓越,202509,2.96,4.63
2497 怡利電,202509,-10.35,4.86
2498 宏達電,202509,-7.43,13.2
2501 國建,202509,35.45,1.91
2504 國產,202509,3.39,4
2505 國揚,202509,1846.65,3
2506 太設,202509,12.62,0.97
2509 全坤建,202509,-91.36,-0.16
2511 太子,202509,9.7,0.38
2514 龍邦,202509,-19.27,1.62
2515 中工,202509,-23.47,0.61
2516 新建,202509,13.3,2.35
2520 冠德,202509,-12.48,1.97
2524 京城,202509,-59.87,0.37
2527 宏璟,202509,-59.54,2.71
2528 皇普,202509,23446.8,8.86
2530 華建,202509,27.97,6.18
2534 宏盛,202509,-3.68,0.1
2535 達欣工,202509,58.82,4.66
2536 宏普,202509,622.12,-0.43
2537 聯上發,202509,-40.42,-0.33
2538 基泰,202509,-70.52,6.55
2539 櫻花建,202509,36951.23,5.36
2540 愛山林,202509,7.76,-0.22
2542 興富發,202509,-11.05,2.39
2543 皇昌,202509,8.48,4
2545 皇翔,202509,-87.08,-1.33
2546 根基,202509,88.91,7.38
2547 日勝生,202509,-15.6,0.31
2548 華固,202509,-47.72,1.79
2596 綠意,202509,-26.15,-0.47
2597 潤弘,202509,17.52,11.65
2601 益航,202509,-11.76,-2.01
2603 長榮,202509,-36.57,4.08
2605 新興,202509,-9.38,0.98
2606 裕民,202509,-3.98,4.29
2607 榮運,202509,-35.72,2.59
2608 嘉里大榮,202509,2.28,2.32
2609 陽明,202509,-42.21,1.93
2610 華航,202509,-2.2,3.41
2611 志信,202509,-7.9,5
2612 中航,202509,-3.03,1.83
2613 中櫃,202509,3.33,1.54
2614 東森,202509,-1.2,3.64
2615 萬海,202509,-35.72,4.68
2616 山隆,202509,-4.91,-6.14
2617 台航,202509,-6.29,3.37
2618 長榮航,202509,-8.27,4.59
2630 亞航,202509,4.06,2.05
2633 台灣高鐵,202509,0.95,2.16
2634 漢翔,202509,2.04,1.15
2636 台驊控股,202509,-37.05,1.97
2637 慧洋-KY,202509,-18.17,3.49
2640 大車隊,202509,2.47,6.06
2641 正德,202509,67.74,2.66
2642 宅配通,202509,-7.26,-1.19
2643 捷迅,202509,53.51,5.36
2645 長榮航太,202509,11.43,5.75
2646 星宇航空,202509,11.86,-1.36
2701 萬企,202509,-14.35,1.29
2702 華園,202509,-10.57,1.23
2704 國賓,202509,-4.58,1.94
2705 六福,202509,-9.99,-0.5
2706 第一店,202509,10.71,1.2
2707 晶華,202509,8.49,8.12
2712 遠雄來,202509,96.5,2.22
2718 全心投控,202509,-70.21,9.22
2719 燦星旅,202509,-38.48,-1.95
2722 夏都,202509,-11.73,-0.41
2723 美食-KY,202509,-8.74,-11.04
2724 藝舍-KY,202509,-92.15,-3.47
2726 雅茗-KY,202509,4.98,-3.58
2727 王品,202509,2.36,7.95
2729 瓦城,202509,-2.39,4.37
2731 雄獅,202509,-8.3,9.78
2732 六角,202509,10.43,1.62
2734 易飛網,202509,7.18,-4.06
2736 富野,202509,26.55,-4.57
2739 寒舍,202509,-3.36,-0.31
2740 華軒,202509,-64.01,-7.22
2743 山富,202509,-1.84,6.89
2745 五福,202509,10.8,11.56
2748 雲品,202509,-5.04,1.26
2751 王座,202509,46.08,6.34
2752 豆府,202509,8.69,9.4
2753 八方雲集,202509,7.41,6.17
2754 亞洲藏壽司,202509,4.32,3.55
2755 揚秦,202509,17.48,7.14
2756 聯發國際,202509,84.35,6.94
2762 世界健身-KY,202509,14.08,4.03
2801 彰銀,202509,5.55,2.42
2807 渣打銀行,202509,-7.35,3.53
2809 京城銀,202509,55.05,1.7
2812 台中銀,202509,13.27,2.86
2816 旺旺保,202509,11.72,5.04
2820 華票,202509,28.22,1.67
2823 凱基人壽,202509,-35.82,4.72
2832 台產,202509,0.27,3.14
2833 台壽,202509,16.5,6.53
2834 臺企銀,202509,-2.76,2.41
2836 高雄銀,202509,11.26,1.32
2837 凱基銀行,202509,12.24,2.57
2838 聯邦銀,202509,8.42,2.19
2845 遠東銀,202509,1.11,1.81
2848 華南保,202509,7.76,5.82
2849 安泰銀,202509,0.23,1.29
2850 新產,202509,7.34,5.07
2851 中再保,202509,16.63,3.99
2852 第一保,202509,-0.3,2.95
2855 統一證,202509,72,6.05
2856 元富證,202509,25.1,5.84
2867 三商壽,202509,37.47,4.45
2880 華南金,202509,8.96,3.71
2881 富邦金,202509,78.11,4.45
2882 國泰金,202509,24.15,3.43
2883 凱基金,202509,-58.74,4.7
2884 玉山金,202509,9.62,3.71
2885 元大金,202509,12.36,3.29
2886 兆豐金,202509,3.51,2.71
2887 台新新光金,202509,91.22,3.63
2889 國票金,202509,38.27,2.59
2890 永豐金,202509,16.32,3.73
2891 中信金,202509,28.37,5.14
2892 第一金,202509,10.49,2.85
2893 新光銀行,202509,6.77,2.89
2897 王道銀行,202509,1.67,1.44
2901 欣欣,202509,-3.05,0.77
2903 遠百,202509,-0.89,2.04
2904 匯僑,202509,-1.96,2.44
2905 三商,202509,20.56,3.87
2906 高林,202509,-5.66,0.69
2908 特力,202509,-5.13,-0.36
2910 統領,202509,4.41,3.19
2911 麗嬰房,202509,-10.4,-48.23
2912 統一超,202509,1.19,7.19
2913 農林,202509,-3.61,-0.2
2915 潤泰全,202509,-5.48,3.08
2916 滿心,202509,0.26,1.25
2923 鼎固-KY,202509,-68.07,0.93
2924 宏太-KY,202509,-80.03,-2.23
2926 誠品生活,202509,5.24,0.84
2929 淘帝-KY,202509,-15.63,-0.44
2937 集雅社,202509,11.61,2.39
2939 永邑-KY,202509,-0.31,-3.7
2941 米斯特,202509,16.43,3.07
2945 三商家購,202509,2.79,1.69
2947 振宇五金,202509,6.1,2.18
2948 寶陞,202509,-0.12,2.11
2949 欣新網,202509,23.97,1.48
3002 歐格,202509,41.31,1.48
3003 健和興,202509,-11.17,1.35
3004 豐達科,202509,14.01,2.55
3005 神基,202509,6.98,5.4
3006 晶豪科,202509,4.82,0.15
3008 大立光,202509,-6.71,3.94
3010 華立,202509,-9.7,3.39
3011 今皓,202509,-49.85,-6.73
3013 晟銘電,202509,-7.24,4.72
3014 聯陽,202509,-3.71,6.13
3015 全漢,202509,11.87,1.76
3016 嘉晶,202509,-7.52,0.28
3017 奇鋐,202509,104.24,15.62
3018 隆銘綠能,202509,-60.63,-19.36
3019 亞光,202509,4.76,3.9
3021 鴻名,202509,-9.96,2.62
3022 威強電,202509,-18.73,3.6
3023 信邦,202509,-10.42,5.07
3024 憶聲,202509,-14.13,0.32
3025 星通,202509,-32.07,9.28
3026 禾伸堂,202509,0.64,2.68
3027 盛達,202509,-26.38,2.15
3028 增你強,202509,14.74,3.27
3029 零壹,202509,30.26,5.1
3030 德律,202509,27.17,8.18
3031 佰鴻,202509,5.73,0.91
3032 偉訓,202509,101.93,3.68
3033 威健,202509,10.06,3.34
3034 聯詠,202509,-11.82,5.93
3035 智原,202509,12.18,1.28
3036 文曄,202509,25.91,4.49
3037 欣興,202509,7.2,2.55
3038 全台,202509,-12.07,3.14
3040 遠見,202509,-11.35,-0.38
3041 揚智,202509,-8.7,-4.74
3042 晶技,202509,-4.82,3.43
3043 科風,202509,-21.32,-0.6
3044 健鼎,202509,9.7,6.26
3045 台灣大,202509,-1.83,4.46
3046 建碁,202509,-11.87,7.21
3047 訊舟,202509,-67.35,-2.15
3048 益登,202509,-6.88,4.35
3049 精金,202509,-21.25,-2
3050 鈺德,202509,-4.34,1.28
3051 力特,202509,-11.91,1.84
3052 夆典,202509,26.53,1.66
3054 立萬利,202509,118.61,6.52
3055 蔚華科,202509,-56.91,-1.34
3056 富華新,202509,52.06,-0.2
3057 喬鼎,202509,-9.84,-4.44
3058 立德,202509,-2.87,-7.28
3059 華晶科,202509,29.51,1.79
3060 銘異,202509,-13.62,-0.4
3062 建漢,202509,-2.3,-2.3
3064 泰偉,202509,-51.25,-11.05
3066 李洲,202509,37.92,4.46
3067 全域,202509,904.93,-0.49
3071 協禧,202509,-14.31,0.82
3073 天方能源,202509,181.23,-1.99
3078 僑威,202509,4.95,5.06
3081 聯亞,202509,71.12,2.52
3083 網龍,202509,12.07,0.96
3085 新零售,202509,44.87,-2.61
3086 華義*,202509,2.22,-1.2
3088 艾訊,202509,-8.75,4.08
3090 日電貿,202509,22.96,6.32
3092 鴻碩,202509,-29.67,-7.78
3093 港建*,202509,9.3,5.48
3094 聯傑,202509,7.31,1.24
3095 及成,202509,-3.38,-1.08
3105 穩懋,202509,3.22,1.77
3114 好德,202509,8.83,7.15
3115 富榮綱,202509,39.93,-0.54
3118 進階,202509,9.82,4.89
3122 笙泉,202509,-17.48,-4.18
3128 昇銳,202509,-4.73,2.38
3130 一零四,202509,4.43,9.16
3131 弘塑,202509,50.61,6.48
3135 凌航,202509,43.17,5.04
3138 耀登,202509,2.66,3.12
3141 晶宏,202509,18.66,1.03
3147 大綜,202509,17.6,6.52
3149 正達,202509,-7.41,-5.53
3150 鈺寶-創,202509,-20.98,0.57
3152 璟德,202509,-21.07,1.99
3158 嘉實,202509,4.15,7.01
3162 精確,202509,48.79,1.03
3163 波若威,202509,18.39,8.32
3164 景岳,202509,6.06,1.62
3167 大量,202509,96.14,7.42
3168 眾福科,202509,-1.23,2.56
3169 亞信,202509,16.34,3.56
3171 炎洲流通,202509,66.53,6.26
3176 基亞,202509,-9.38,-1.28
3178 公準,202509,3.2,0.05
3188 鑫龍騰,202509,288.37,17.2
3189 景碩,202509,26.34,1.53
3191 雲嘉南,202509,-6.79,20.84
3205 佰研,202509,-18.86,-0.66
3206 志豐,202509,-24.83,1.59
3207 耀勝,202509,37.87,0.11
3209 全科,202509,-13.82,6.21
3211 順達,202509,0.87,2.64
3213 茂訊,202509,13.04,3.99
3217 優群,202509,8.65,8.97
3218 大學光,202509,-5.08,9.51
3219 倚強科,202509,39.73,5.99
3221 台嘉碩,202509,-2.2,-1.17
3224 三顧,202509,-5.56,-2.1
3226 龍鋒,202509,-33.2,-0.15
3227 原相,202509,-2.32,3.9
3228 金麗科,202509,-10.77,-4.59
3229 晟鈦,202509,13.27,-0.88
3230 錦明,202509,-17.79,-3.76
3231 緯創,202509,108.34,7.65
3232 昱捷,202509,-43.46,2.22
3234 光環,202509,14.09,-6.29
3236 千如,202509,5.29,2.28
3252 海灣,202509,-8.57,-0.25
3257 虹冠電,202509,38.38,5.5
3259 鑫創,202509,10.23,-8.01
3260 威剛,202509,54.38,9.75
3264 欣銓,202509,6.65,4.65
3265 台星科,202509,9.26,3.55
3266 昇陽,202509,-37.49,0.41
3268 海德威,202509,-11.66,-0.19
3272 東碩,202509,8.72,-16.38
3276 宇環,202509,-32.93,-0.09
3284 太普高,202509,-48.04,4.41
3285 微端,202509,-24.79,4.32
3287 廣寰科,202509,36.92,6.01
3288 點晶,202509,-23.96,-2.72
3289 宜特,202509,14.31,2.02
3290 東浦,202509,14.65,4.78
3293 鈊象,202509,14.6,19.01
3294 英濟,202509,-9.6,2.59
3296 勝德,202509,-5.83,0.1
3297 杭特,202509,25.41,1.71
3303 岱稜,202509,-8.3,6.82
3305 昇貿,202509,21.33,3.18
3306 鼎天,202509,33.42,0.16
3308 聯德,202509,71.47,3.53
3310 佳穎,202509,9.77,2.06
3311 閎暉,202509,-5.44,1.55
3312 弘憶股,202509,9.14,5.17
3313 斐成,202509,-22.1,-0.61
3317 尼克森,202509,2.92,1.75
3321 同泰,202509,21.58,-2.85
3322 建舜電,202509,9.31,0.03
3323 加百裕,202509,-5.11,-0.98
3324 雙鴻,202509,41.2,10.88
3325 旭品,202509,-12.07,-4.08
3332 幸康,202509,37.06,2.25
3338 泰碩,202509,-5.01,1.66
3339 泰谷,202509,31.84,-2.9
3346 麗清,202509,-17.53,0.09
3349 寶德,202509,39,-0.61
3354 律勝,202509,-25.01,-0.25
3356 奇偶,202509,-10.79,12.43
3357 臺慶科,202509,12.15,3.43
3360 尚立,202509,-0.13,-2.55
3362 先進光,202509,-7.86,0.3
3363 上詮,202509,32.67,0.81
3372 典範,202509,30.05,-3.13
3373 熱映,202509,-5.27,-1.39
3374 精材,202509,-3.47,4.79
3376 新日興,202509,-27.75,0.69
3379 彬台,202509,70.92,2.14
3380 明泰,202509,17.89,0.21
3388 崇越電,202509,-7.11,1.99
3390 旭軟,202509,-11.89,0.44
3402 漢科,202509,-2.94,7.33
3406 玉晶光,202509,3.29,6.18
3413 京鼎,202509,20.17,4.21
3416 融程電,202509,28.4,5.51
3419 譁裕,202509,40.54,-3.2
3426 台興,202509,-41.47,2.19
3430 奇鈦科,202509,31.66,2.91
3432 台端,202509,179.02,-1.86
3434 哲固,202509,-8.39,0.27
3437 榮創,202509,-29.06,-5.69
3438 類比科,202509,-3.18,1
3441 聯一光,202509,31.25,4.52
3443 創意,202509,30.28,7.7
3444 利機,202509,0.77,1.9
3447 展達,202509,50.51,8.14
3450 聯鈞,202509,-11.66,2.54
3454 晶睿,202509,-7.5,-1.46
3455 由田,202509,8.97,6.74
3465 進泰電子,202509,-14.04,0.36
3466 德晉,202509,-46.35,0.13
3467 台灣精材,202509,-3.94,1.06
3479 安勤,202509,7.86,4.5
3481 群創,202509,4.23,0.09
3483 力致,202509,0.98,3.47
3484 崧騰,202509,0.93,3.22
3485 敘豐,202509,-15,5.29
3489 森寶,202509,-64.99,-0.48
3490 單井,202509,7.77,2.44
3491 昇達科,202509,-24.35,3.4
3492 長盛,202509,-6.86,3.71
3494 誠研,202509,-5.17,-7.77
3498 陽程,202509,-36.88,-0.57
3499 環天科,202509,-31.19,-3.31
3501 維熹,202509,-13.58,1.09
3504 揚明光,202509,-6.79,-0.37
3508 位速,202509,22.02,-5.16
3511 矽瑪,202509,-26.53,-2.11
3512 皇龍,202509,162.18,-0.99
3515 華擎,202509,85.84,6.04
3516 亞帝歐,202509,-6.54,-0.29
3518 柏騰,202509,-6.21,-0.26
3520 華盈,202509,-0.09,0.54
3521 台鋼建設,202509,83.87,2.15
3522 御嵿,202509,11.77,-26.67
3523 迎輝,202509,53.12,-6.56
3526 凡甲,202509,6.74,7.9
3527 聚積,202509,-8.17,-0.3
3528 安馳,202509,79.94,6.08
3529 力旺,202509,5.89,16.05
3530 晶相光,202509,-18.27,2.5
3531 先益,202509,-31.1,1.29
3532 台勝科,202509,1.26,0.9
3533 嘉澤,202509,4.4,6.7
3535 晶彩科,202509,-8.6,-0.44
3537 堡達,202509,-0.76,6.11
3540 曜越,202509,42.71,1.86
3541 西柏,202509,-5.06,2.35
3543 州巧,202509,-12.93,-3.3
3545 敦泰,202509,-18.52,0.85
3546 宇峻,202509,6.79,0.21
3548 兆利,202509,-5.77,0.8
3550 聯穎,202509,4.11,-1.41
3551 世禾,202509,15.44,3.09
3552 同致,202509,1.14,0.49
3555 博士旺,202509,767.89,1.07
3556 禾瑞亞,202509,-4.44,2.15
3557 嘉威,202509,-49.26,-5.01
3558 神準,202509,21.86,1.37
3563 牧德,202509,121.28,4.31
3564 其陽,202509,-8.21,0.81
3567 逸昌,202509,-5.83,1.9
3570 大塚,202509,20.04,5.65
3576 聯合再生,202509,-44.17,-3.89
3577 泓格,202509,-20,2.04
3580 友威科,202509,-30.74,1.99
3581 博磊,202509,18.36,5.18
3583 辛耘,202509,13.23,5.33
3587 閎康,202509,8.67,3.21
3588 通嘉,202509,-23.76,0.29
3591 艾笛森,202509,-15.88,-0.8
3592 瑞鼎,202509,-12.46,3.09
3593 力銘,202509,13.03,-16.21
3594 磐儀,202509,40.57,1.57
3596 智易,202509,13.49,4.8
3597 映興,202509,14.96,1.62
3605 宏致,202509,3.7,3.31
3607 谷崧,202509,-16.41,3.17
3609 三一東林,202509,1.44,92.01
3611 鼎翰,202509,23.32,5.23
3615 安可,202509,-3.14,2.32
3617 碩天,202509,-2.48,7.66
3622 洋華,202509,-0.32,5.87
3623 富晶通,202509,14.74,1.89
3624 光頡,202509,-0.03,2.44
3625 西勝,202509,-15.94,-1.43
3628 盈正,202509,31.65,5.79
3629 地心引力,202509,22387.5,-14.2
3630 新鉅科,202509,15.46,-2.4
3631 晟楠,202509,-42.21,-0.63
3632 研勤,202509,-40.18,-4.79
3645 達邁,202509,-0.25,1.9
3646 艾恩特,202509,-22.3,0.43
3652 精聯,202509,8.36,2.14
3653 健策,202509,41.09,7.86
3661 世芯-KY,202509,-55.69,3.63
3663 鑫科,202509,-6.82,-0.22
3664 安瑞-KY,202509,20.61,0.79
3665 貿聯-KY,202509,29.13,6.69
3666 光耀,202509,-51.64,-4.26
3669 圓展,202509,-12.39,2
3672 康聯訊,202509,-18.5,-2.61
3673 TPK-KY,202509,-13.13,1.15
3675 德微,202509,-7.88,2.43
3679 新至陞,202509,-0.53,5.82
3680 家登,202509,-12.33,1.62
3684 榮昌,202509,43.07,6.11
3685 元創精密,202509,-16.73,1.43
3686 達能,202509,39.4,-1.56
3687 歐買尬,202509,6.2,11.22
3689 湧德,202509,5.03,3.55
3691 碩禾,202509,-12.27,-1.72
3693 營邦,202509,-39.95,3.72
3694 海華,202509,33.79,6.64
3701 大眾控,202509,-32.83,0.57
3702 大聯大,202509,-5.64,4.44
3703 欣陸,202509,-14.58,1.42
3704 合勤控,202509,0.25,5.04
3705 永信,202509,-9.13,2.48
3706 神達,202509,63.45,3.31
3707 漢磊,202509,3.78,-1.97
3708 上緯投控,202509,-251.36,-2.13
3709 鑫聯大投控,202509,25.33,5.71
3710 連展投控,202509,-13.62,-12.07
3711 日月光投控,202509,5.29,3.47
3712 永崴投控,202509,95.04,-77.18
3713 新晶投控,202509,-17.91,-2.78
3714 富采,202509,-16.27,-1.42
3715 定穎投控,202509,1.95,1.91
3716 中化控股,202509,-4.54,0.96
3717 聯嘉投控,202509,3.27,0.62
4102 永日,202509,-33.5,-0.37
4104 佳醫,202509,6.44,2.01
4105 東洋,202509,18.68,8.5
4106 雃博,202509,14.23,1.98
4107 邦特,202509,-6.15,4.06
4108 懷特,202509,0.11,-0.65
4109 加捷生醫,202509,18.14,0.55
4111 濟生,202509,20.36,3.44
4113 聯上,202509,-96.65,-0.92
4114 健喬,202509,7.95,1.24
4116 明基醫,202509,8.34,3.32
4119 旭富,202509,-38.84,0.26
4120 友華,202509,4.51,-1.46
4121 優盛,202509,-3.36,-1.1
4123 晟德,202509,-8.5,14.92
4126 太醫,202509,13.81,4.65
4127 天良,202509,40.36,5.03
4128 中天,202509,10.6,-1.26
4129 聯合,202509,31.93,5.02
4130 健亞,202509,-8.58,-0.11
4131 浩泰,202509,234.95,-5.6
4133 亞諾法,202509,-5.7,0.93
4137 麗豐-KY,202509,0.21,3.57
4138 曜亞,202509,-5.15,2.42
4139 馬光-KY,202509,-10.03,-2.63
4142 國光生,202509,-46.49,-0.79
4147 中裕,202509,6.62,-0.36
4148 全宇生技-KY,202509,11.19,2.53
4153 鈺緯,202509,1.74,1.01
4154 樂威科-KY,202509,-32.92,-4.71
4155 訊映,202509,-17.17,3.48
4157 太景*-KY,202509,-22.47,-1.5
4160 訊聯基因,202509,-14.51,0.09
4161 聿新科,202509,2.39,2.78
4162 智擎,202509,10.97,2.89
4163 鐿鈦,202509,2.86,2.81
4164 承業醫,202509,14.14,0.94
4166 友霖,202509,5.16,2.18
4167 松瑞藥,202509,-15.03,2.16
4168 醣聯,202509,75.89,-5.89
4169 泰宗,202509,4.84,0.73
4171 瑞基,202509,-14.52,-6.13
4173 久裕,202509,12.3,0.86
4174 浩鼎,202509,-54.21,-15.63
4175 杏一,202509,4.01,2.1
4178 永笙-KY,202509,-13.78,-2.48
4183 福永生技,202509,26.96,2.3
4188 安克,202509,-0.8,-2.21
4190 佐登-KY,202509,-3.77,-2.16
4192 杏國,202509,22.29,-3.07
4195 基米-創,202509,33.63,0.41
4198 欣大健康,202509,-26.63,-4.15
4205 中華食,202509,1.5,4.36
4207 環泰,202509,-11.33,3.31
4303 信立,202509,288.73,23.62
4304 勝昱,202509,-10.63,-91.69
4305 世坤,202509,-2.56,6.81
4306 炎洲,202509,-21.01,0.91
4401 東隆興,202509,-3.66,1.33
4402 郡都開發,202509,76.84,-0.4
4406 新昕纖,202509,-19.13,-1.68
4413 飛寶企業,202509,216.45,3.8
4414 如興,202509,-16.14,3.94
4416 三圓,202509,7.83,-6.28
4417 金洲,202509,5.45,4.04
4419 皇家美食,202509,1.86,-6.56
4420 光明,202509,1.93,0.28
4426 利勤,202509,-7.29,-3.62
4430 耀億,202509,-13.92,0.65
4432 銘旺實,202509,-12.23,3.48
4433 興采,202509,3.73,2.42
4438 廣越,202509,10.44,5.61
4439 冠星-KY,202509,37.55,4.61
4440 宜新實業,202509,-9.27,1.02
4441 振大環球,202509,5.6,6.67
4442 竣邦-KY,202509,40,4.48
4502 健信,202509,-34.89,-4.58
4503 金雨,202509,200.18,4.48
4506 崇友,202509,16.68,5.93
4510 高鋒,202509,-13.08,-1.37
4513 福裕,202509,10.79,-1.09
4523 永彰,202509,-3.02,110.92
4526 東台,202509,-12.43,0.14
4527 方方土霖,202509,-30.29,2.79
4528 江興鍛,202509,-15.79,-0.48
4529 淳紳,202509,-23.19,-5.76
4530 宏易,202509,78.53,3.03
4532 瑞智,202509,-22.99,1.58
4533 協易機,202509,4.33,2.07
4534 慶騰,202509,3.58,0.03
4535 至興,202509,-18.35,2.31
4536 拓凱,202509,-7.01,4.13
4538 大詠城,202509,2.73,0.65
4540 全球傳動,202509,36.09,-2.71
4541 晟田,202509,8.32,3.96
4542 科嶠,202509,121.94,2.45
4543 萬在,202509,1.14,1.96
4545 銘鈺,202509,-3.32,1.04
4549 桓達,202509,7.26,2.84
4550 長佳,202509,-23.32,1.48
4551 智伸科,202509,-12.45,3.29
4552 力達-KY,202509,-5.67,1.73
4554 橙的,202509,48.23,6.06
4555 氣立,202509,4,0.4
4556 旭然,202509,-6.63,1.5
4557 永新-KY,202509,-15.27,-11.59
4558 寶緯,202509,39.63,2.43
4560 強信-KY,202509,-1.35,2.63
4561 健椿,202509,-16.5,1.38
4562 穎漢,202509,-12.55,-1.37
4563 百德,202509,-36.64,0.7
4564 元翎,202509,-25.58,-2.51
4566 時碩工業,202509,-1.26,2.15
4568 科際精密,202509,-20.83,1.38
4569 六方科-KY,202509,20.77,3.01
4571 鈞興-KY,202509,12.12,4.79
4572 駐龍,202509,-28.18,1.63
4573 高明鐵,202509,-12.82,-3.9
4576 大銀微系統,202509,15.21,1.82
4577 達航科技,202509,16.57,-0.72
4580 捷流閥業,202509,-1.26,3.44
4581 光隆精密-KY,202509,-0.6,3.74
4582 聚恆,202509,295.86,0.23
4583 台灣精銳,202509,-8.76,2.49
4584 君帆,202509,-3.13,1.97
4585 達明,202509,41.39,0.87
4588 玖鼎電力,202509,4.22,4.7
4590 富田-創,202509,-32.36,2.33
4609 唐鋒,202509,30.49,13.85
4702 中美實,202509,-59.32,4.82
4706 大恭,202509,-7.78,0.85
4707 磐亞,202509,2.23,2.15
4711 永純,202509,-13.35,0.67
4714 永捷,202509,85.18,10.16
4716 大立,202509,-22.13,4.12
4720 德淵,202509,-6.62,1.65
4721 美琪瑪,202509,14.03,3.42
4722 國精化,202509,-8.42,2.73
4726 永昕,202509,-37.18,-7.62
4728 雙美,202509,10.07,14.11
4729 熒茂,202509,7.37,0.6
4735 豪展,202509,-12.24,3.72
4736 泰博,202509,-12.5,6.76
4737 華廣,202509,-6.1,-3.19
4739 康普,202509,76.54,1.58
4741 泓瀚,202509,-13.79,0.3
4743 合一,202509,16.23,0.01
4744 皇將,202509,7,1.69
4745 合富-KY,202509,-25.66,-1.03
4746 台耀,202509,12.59,3.53
4747 強生,202509,-10.5,0.92
4749 新應材,202509,24.36,3.31
4754 國碳科,202509,-8.91,4.62
4755 三福化,202509,-4.52,1.83
4760 勤凱,202509,12.04,7.65
4763 材料*-KY,202509,-44.01,6.8
4764 雙鍵,202509,-8.12,1.03
4766 南寶,202509,-2.92,4.75
4767 誠泰科技,202509,-17.82,0.98
4768 晶呈科技,202509,-7.63,-0.4
4770 上品,202509,-21.18,3.18
4771 望隼,202509,14.97,5.34
4772 台特化,202509,198.87,6.43
4773 高福,202509,-26.63,2.47
4804 大略-KY,202509,5.04,-43.77
4806 桂田文創,202509,-20.43,1.27
4807 日成-KY,202509,9.14,3.23
4903 聯光通,202509,105.26,8.02
4904 遠傳,202509,6.69,3.95
4905 台聯電,202509,18.93,3.5
4906 正文,202509,-42.39,1.44
4907 富宇,202509,-47.72,4.2
4908 前鼎,202509,14.57,2.33
4909 新復興,202509,-93.38,2.31
4911 德英,202509,28.15,4.09
4912 聯德控股-KY,202509,-3.63,1.87
4915 致伸,202509,-0.81,3.89
4916 事欣科,202509,-0.12,2.07
4919 新唐,202509,-8.61,-3.68
4923 力士,202509,16.82,-6.17
4924 欣厚-KY,202509,27,5.22
4927 泰鼎-KY,202509,-14.96,-8.23
4930 燦星網,202509,-32.34,0.88
4931 新盛力,202509,-0.62,4.19
4933 友輝,202509,5.44,5.64
4934 太極,202509,-62.04,-4.49
4935 茂林-KY,202509,-28.45,1.05
4938 和碩,202509,-12.36,2.48
4939 亞電,202509,-7.98,1.82
4942 嘉彰,202509,6.4,1.43
4943 康控-KY,202509,10.4,20.53
4946 辣椒,202509,1534.61,-10.21
4949 有成精密,202509,-6.53,3.11
4950 金耘國際,202509,170.69,1.23
4951 精拓科,202509,8.03,4.34
4952 凌通,202509,-27.11,0.39
4953 緯軟,202509,14.34,5.27
4956 光鋐,202509,2.52,-0.26
4958 臻鼎-KY,202509,-6.41,2.5
4960 誠美材,202509,-7.31,-2.88
4961 天鈺,202509,-19.52,1.6
4966 譜瑞-KY,202509,-0.54,3.97
4967 十銓,202509,-32.85,5.08
4968 立積,202509,8.49,5.06
4971 IET-KY,202509,69.75,1.62
4972 湯石照明,202509,-36.13,-2.52
4973 廣穎,202509,-0.82,1.6
4974 亞泰,202509,-27.32,3.41
4976 佳凌,202509,-19.27,-3.07
4977 眾達-KY,202509,-21.68,2.25
4979 華星光,202509,13.8,6.1
4987 科誠,202509,-4.04,4.98
4989 榮科,202509,-13.72,-7.62
4991 環宇-KY,202509,18.54,0.5
4994 傳奇,202509,-23.65,3.26
4995 晶達,202509,-25.3,2.37
4999 鑫禾,202509,-3.98,-0.44
5007 三星,202509,-13.15,3.09
5009 榮剛,202509,-12.52,1.03
5011 久陽,202509,16.86,-5.35
5013 強新,202509,-4.74,2.24
5014 建錩,202509,-5.98,0.78
5015 華祺,202509,-13.95,2.8
5016 松和,202509,-1.06,1.09
5201 凱衛,202509,44.6,4.05
5202 力新,202509,-3.54,0.89
5203 訊連,202509,21.54,3.01
5205 中茂,202509,22.04,-3.22
5206 坤悅,202509,-94.12,-1.02
5209 新鼎,202509,-15.1,17.38
5210 寶碩,202509,34.13,0.6
5211 蒙恬,202509,53.14,-0.4
5212 凌網,202509,56.13,17.83
5213 亞昕,202509,67.59,-1.25
5215 科嘉-KY,202509,-3.72,3.1
5220 萬達光電,202509,-6.49,-1.26
5222 全訊,202509,-35.74,2.78
5223 安力-KY,202509,10.14,0.28
5225 東科-KY,202509,-4.92,10.32
5227 立凱-KY,202509,-62.79,61.42
5228 鈺鎧,202509,7.05,-3.61
5230 雷笛克光學,202509,-19.55,-0.68
5234 達興材料,202509,10.51,6.08
5236 凌陽創新,202509,-0.99,5.61
5243 乙盛-KY,202509,-18.28,2.74
5244 弘凱,202509,-3.93,1.71
5245 智晶,202509,-31.15,-6.12
5251 天鉞電,202509,37.57,1.38
5258 虹堡,202509,-1.85,3.38
5262 立達,202509,-20.33,1.13
5263 智崴,202509,-13.13,2.17
5269 祥碩,202509,87.71,5.08
5272 笙科,202509,-14.19,-1.45
5274 信驊,202509,17.3,21.04
5276 達輝-KY,202509,-2.94,2.57
5278 尚凡*,202509,20.32,2.12
5283 禾聯碩,202509,-14.91,4.17
5284 jpp-KY,202509,54.39,7.52
5285 界霖,202509,4.03,2.04
5287 數字,202509,0.54,9.63
5288 豐祥-KY,202509,-11.64,4.38
5289 宜鼎,202509,64.01,8.32
5291 邑昇,202509,6.24,0.59
5292 華懋,202509,37.79,5.42
5299 杰力,202509,-16.13,3.34
5301 寶得利,202509,-40.54,-1.63
5302 太欣,202509,62.46,-0.34
5306 桂盟,202509,-18.91,2.68
5309 系統電,202509,17.39,-0.94
5310 天剛,202509,-6.34,3.65
5312 寶島科,202509,2.67,4.77
5314 世紀*,202509,891.68,38.05
5315 光聯,202509,22.94,3.84
5321 美而快,202509,-22.02,0.78
5324 士開,202509,-83.95,-3.01
5328 華容,202509,-7.47,1.32
5340 建榮,202509,3.94,3.64
5344 立衛,202509,-10.36,-1.34
5345 馥鴻,202509,256.69,-0.66
5347 世界,202509,4.61,2.49
5348 正能量智能,202509,3.78,0.07
5351 鈺創,202509,15.15,-4.34
5353 台林,202509,-7,2.78
5355 佳總,202509,-20.77,-7.25
5356 協益,202509,-19.43,2.25
5364 力麗店,202509,-23.45,-0.72
5371 中光電,202509,-6.97,0.37
5381 合正,202509,0.77,2.3
5386 青雲,202509,-51.63,3.23
5388 中磊,202509,9.56,1.98
5392 能率,202509,-7.29,1.03
5398 慕康生醫,202509,5.48,1.09
5403 中菲,202509,2.75,5.46
5410 國眾,202509,35.77,2.74
5425 台半,202509,13.33,3.09
5426 振發,202509,19.3,0.72
5432 新門,202509,-4.03,3.38
5434 崇越,202509,14.13,6.12
5438 東友,202509,-21.48,1.62
5439 高技,202509,198.97,17.26
5443 均豪,202509,26.74,1.38
5450 南良,202509,-15.19,0.73
5452 佶優,202509,-20.61,1.09
5455 昇益,202509,2361.83,-0.45
5457 宣德,202509,0.51,5.13
5460 同協,202509,-21.28,0.42
5464 霖宏,202509,-22.57,1.23
5465 富驊,202509,44.48,4.17
5468 凱鈺,202509,66.7,-1.01
5469 瀚宇博,202509,33.1,3.63
5471 松翰,202509,-4.6,1.21
5474 聰泰,202509,70.14,4.08
5475 德宏,202509,66.38,0.08
5478 智冠,202509,-11.97,2.69
5481 新華,202509,-3.54,-0.73
5483 中美晶,202509,-5.17,2.28
5484 慧友,202509,25.55,5.62
5487 通泰,202509,-29.78,-0.01
5488 松普,202509,-19.09,-1.27
5489 彩富,202509,-11.52,3.46
5490 同亨,202509,22.72,2.94
5493 三聯,202509,21.39,4.84
5498 凱崴,202509,23.2,0.12
5508 永信建,202509,-85.12,1.99
5511 德昌,202509,19.79,6.32
5512 力麒,202509,26.82,0.04
5514 三豐,202509,-1.43,0.54
5515 建國,202509,33.92,9.76
5516 雙喜,202509,24.18,8.7
5519 隆大,202509,574.57,13.55
5520 力泰,202509,7.93,5.88
5521 工信,202509,11.32,2.09
5522 遠雄,202509,-2.85,4.02
5523 豐謙,202509,174.13,-0.17
5525 順天,202509,-85.66,-0.5
5529 鉅陞,202509,92.54,-1.92
5530 龍巖,202509,-8.2,1.36
5531 鄉林,202509,-42.38,3.59
5533 皇鼎,202509,-82.74,0.19
5534 長虹,202509,-40.28,2.08
5536 聖暉*,202509,44.89,7.87
5538 東明-KY,202509,-3.46,2.56
5543 桓鼎-KY,202509,-10.04,-2.13
5546 永固-KY,202509,-31.74,-0.33
5547 久舜,202509,-26.61,2.19
5548 安倉,202509,9.52,2.49
5601 台聯櫃,202509,1.29,0.51
5603 陸海,202509,-30.03,0.54
5604 中連,202509,1.27,1.08
5607 遠雄港,202509,23.17,2.85
5608 四維航,202509,-17.73,-1.3
5609 中菲行,202509,-9.2,4.87
5701 劍湖山,202509,-11.22,-4.16
5703 亞都,202509,11.12,-0.7
5704 老爺知,202509,-5.67,2.25
5706 鳳凰,202509,-8.2,6.41
5828 富邦保,202509,16.22,8.94
5831 D新光人壽,202509,11.17,-0.67
5833 元大證金,202509,-9.22,1.63
5834 兆豐保險,202509,-1.59,2.58
5835 國泰世華,202509,3.63,3.7
5836 台北富邦銀,202509,8.47,3.1
5838 華銀,202509,7.66,3.03
5840 國票,202509,24.23,1.71
5841 中信銀,202509,6.74,3.48
5842 兆豐票券,202509,25.08,1.54
5843 兆豐銀行,202509,0.16,2.24
5844 一銀,202509,-0.66,2.33
5846 國壽,202509,8.4,2.27
5847 玉山銀,202509,5.61,3.03
5848 台新銀,202509,7.01,2.74
5849 永豐銀行,202509,10.72,2.58
5852 元大銀,202509,8.62,2.09
5854 合庫,202509,-9.88,1.91
5859 遠壽,202509,26.85,4.52
5863 瑞興銀,202509,22.96,0.99
5864 致和證,202509,614.06,10.09
5865 富邦人壽,202509,3.9,4.04
5868 臺灣金控,202509,2176.47,2.39
5871 中租-KY,202509,-7.98,2.64
5876 上海商銀,202509,-10.46,2.06
5878 台名,202509,-1.86,2.24
5880 合庫金,202509,4.5,2.34
5902 德記,202509,-0.15,4.54
5903 全家,202509,3.91,5.04
5904 寶雅,202509,4.51,11.98
5905 南仁湖,202509,9.94,-0.33
5906 台南-KY,202509,-14.41,-1.07
5907 大洋-KY,202509,-15.11,-5.17
6005 群益證,202509,15.84,4.71
6008 凱基證,202509,12.5,7.2
6015 宏遠證,202509,78.23,3.95
6016 康和證,202509,238.9,10.6
6020 大展證,202509,134.53,2.02
6021 美好證,202509,364.07,11.45
6023 元大期,202509,-22.89,3.86
6024 群益期,202509,-8.66,3.63
6026 福邦證,202509,199.94,4.74
6028 公勝保經,202509,-3.13,6.69
6101 寬魚國際,202509,1423.63,-0.25
6103 合邦,202509,35.08,3.72
6104 創惟,202509,7.42,3.87
6108 競國,202509,-13.38,-0.74
6109 亞元,202509,16.24,-1.73
6111 光聚晶電,202509,87.81,-4.34
6112 邁達特,202509,31.42,3.46
6113 亞矽,202509,-25.58,-0.51
6114 久威,202509,-20.17,5.64
6115 鎰勝,202509,4.8,4.44
6116 彩晶,202509,15.75,1.01
6117 迎廣,202509,26.89,6.5
6118 建達,202509,5.06,0.48
6120 達運,202509,-34.18,-0.36
6121 新普,202509,-7.43,4.21
6122 擎邦,202509,-1.71,5.14
6123 上奇,202509,-9.08,3.59
6124 業強,202509,-16.06,2.23
6125 廣運,202509,53.52,-0.48
6126 信音,202509,2.23,0.91
6127 九豪,202509,-20.04,6.95
6128 上福,202509,-7.85,-40.64
6129 普誠,202509,2.46,-2.16
6130 上亞科技,202509,-29.78,-2.39
6133 金橋,202509,11.7,1.95
6134 萬旭,202509,22.02,3.33
6136 富爾特,202509,43.36,2.65
6138 茂達,202509,22.09,7.7
6139 亞翔,202509,49.39,15.5
6140 訊達,202509,57.46,-3.53
6141 柏承,202509,-16.93,-7.83
6142 友勁,202509,56.54,0.84
6143 振曜,202509,26.08,6.02
6144 得利影,202509,-11.32,-0.22
6146 耕興,202509,-0.67,4.87
6147 頎邦,202509,-0.11,1.89
6148 驊宏資,202509,-0.4,2.16
6150 撼訊,202509,133.85,1.7
6151 晉倫,202509,-0.6,1.92
6152 百一,202509,-39.97,-2.46
6153 嘉聯益,202509,-28.41,-4.84
6154 順發,202509,-0.34,0.49
6155 鈞寶,202509,3,3.72
6156 松上,202509,-7.18,0.05
6158 禾昌,202509,-9.35,0.14
6160 欣技,202509,-16.78,-2.12
6161 捷波,202509,37.65,3.81
6163 華電網,202509,19.84,1.2
6164 華興,202509,-15.67,0.48
6165 浪凡,202509,18.39,4.65
6166 凌華,202509,26.73,5.43
6167 久正,202509,20.62,0.59
6168 宏齊,202509,5.35,0.93
6169 昱泉,202509,20.28,-5.9
6170 統振,202509,10.4,8.11
6171 大城地產,202509,-60.76,4.12
6173 信昌電,202509,8.45,2.93
6174 安碁,202509,26.07,1.84
6175 立敦,202509,-14.27,3.07
6176 瑞儀,202509,-11.32,4.71
6177 達麗,202509,192.76,0.11
6179 亞通,202509,3.12,-1.1
6180 橘子,202509,-28.89,-0.05
6182 合晶,202509,7.13,0.66
6183 關貿,202509,10.75,7
6184 大豐電,202509,2.44,2.62
6185 幃翔,202509,65.08,1.28
6186 新潤,202509,145.43,10.33
6187 萬潤,202509,-12.08,6.33
6188 廣明,202509,34.47,2.3
6189 豐藝,202509,-18.73,5.27
6190 萬泰科,202509,-6.91,2.87
6191 精成科,202509,62.34,4.31
6192 巨路,202509,-14.66,3.59
6194 育富,202509,-10.72,1.9
6195 詩肯,202509,-5.47,0.26
6196 帆宣,202509,-26.55,8.45
6197 佳必琪,202509,12.58,7.07
6198 瑞築,202509,-94.33,-0.16
6199 天品,202509,262.47,5.67
6201 亞弘電,202509,-4.46,3.52
6202 盛群,202509,10.37,0.75
6203 海韻電,202509,107.99,7.17
6204 艾華,202509,-8.84,3.43
6205 詮欣,202509,-2.65,2.04
6206 飛捷,202509,11.8,4.5
6207 雷科,202509,-0.26,1.88
6208 日揚,202509,1.61,1.3
6209 今國光,202509,72.66,2.36
6210 慶生,202509,1.28,-8.06
6212 理銘,202509,5470.03,0.97
6213 聯茂,202509,-2.99,1.7
6214 精誠,202509,37.14,3.37
6215 和椿,202509,50.71,3.55
6216 居易,202509,-43.21,1.83
6217 中探針,202509,12.76,0.47
6218 豪勉,202509,6.27,-2.01
6219 富旺,202509,-99.9,-4.95
6220 岳豐,202509,-38.08,4.27
6221 晉泰,202509,3.19,3.5
6222 立軒,202509,9.07,-0.97
6223 旺矽,202509,25.08,8.64
6224 聚鼎,202509,-19.95,-0.25
6225 天瀚,202509,-28.22,-3.57
6226 光鼎,202509,-2.12,0.52
6227 茂綸,202509,45.03,9.34
6228 全譜,202509,-33.07,-0.08
6229 研通,202509,24.85,1.61
6230 尼得科超眾,202509,8.08,-3.24
6231 系微,202509,3.16,8.38
6233 旺玖,202509,-18.15,0.49
6234 高僑,202509,-22.29,1.09
6235 華孚,202509,25,2.9
6236 中湛,202509,-22.52,-0.51
6237 驊訊,202509,17.39,-0.95
6239 力成,202509,9.1,3
6240 松崗,202509,-10.81,-2.4
6241 鑫永洋,202509,-2.23,0.63
6242 立康,202509,-7.12,1.6
6243 迅杰,202509,-11.16,0.28
6244 茂迪,202509,10.52,0.86
6245 立端,202509,-9.01,2.72
6246 臺龍,202509,-3.84,-0.76
6248 沛波,202509,-29.26,1.15
6257 矽格,202509,5.79,4.02
6259 百徽,202509,-3.97,1.7
6261 久元,202509,9.86,2.59
6263 普萊德,202509,-2.71,7.54
6264 富裔,202509,-55.76,-4.96
6265 方土昶,202509,124.27,7.88
6266 泰詠,202509,9.96,3.19
6269 台郡,202509,-5,-2.63
6270 倍微,202509,-1.63,1.54
6271 同欣電,202509,-7.09,1.84
6272 驊陞,202509,42.2,6.71
6274 台燿,202509,21.76,6.89
6275 元山,202509,0.6,3.87
6276 安鈦克,202509,5,2.58
6277 宏正,202509,-4.58,2.19
6278 台表科,202509,16.16,3.35
6279 胡連,202509,8.46,3.8
6281 全國電,202509,-12.1,2.95
6282 康舒,202509,-4.2,1.18
6283 淳安,202509,66.93,3.53
6284 佳邦,202509,0.04,3.56
6285 啟碁,202509,5.43,2.09
6290 良維,202509,17.63,6.22
6291 沛亨,202509,27.11,7.7
6292 迅德,202509,7.23,3.63
6294 智基,202509,-11.03,2.05
6405 悅城,202509,-99.19,-0.31
6409 旭隼,202509,-22.64,8.02
6411 晶焱,202509,-16.61,2.19
6412 群電,202509,-12.79,5.5
6414 樺漢,202509,-10.86,3.92
6415 矽力*-KY,202509,-2.6,2.13
6416 瑞祺電通,202509,-13.72,2.2
6417 韋僑,202509,6.32,3.48
6418 詠昇,202509,-3.63,0.92
6419 京晨科,202509,-52.61,17.92
6423 億而得,202509,-4.55,1.91
6425 易發,202509,-20.18,-2.39
6426 統新,202509,79.05,3.07
6431 光麗-KY,202509,-35.97,-6.8
6432 今展科,202509,5.84,1.98
6435 大中,202509,15.38,5.29
6438 迅得,202509,26.78,1.3
6441 廣錠,202509,-78.94,-3.82
6442 光聖,202509,53.18,13.91
6443 元晶,202509,-71.7,-10.05
6446 藥華藥,202509,43.5,5.05
6449 鈺邦,202509,26.14,4.68
6451 訊芯-KY,202509,24.58,2.09
6456 GIS-KY,202509,-12.13,-0.34
6461 益得,202509,-15.89,-13.59
6462 神盾,202509,17.34,-4.71
6464 台數科,202509,1.98,2.08
6465 威潤,202509,8.83,0.08
6469 大樹,202509,6.19,3.44
6470 宇智,202509,-16.83,7.48
6472 保瑞,202509,-4.4,5.52
6474 華豫寧,202509,-6.3,2.78
6477 安集,202509,-3.53,0.13
6482 弘煜科,202509,-18.66,4.48
6485 點序,202509,-4.8,-1.57
6486 互動,202509,2.83,2.32
6488 環球晶,202509,-8.67,2.26
6491 晶碩,202509,13.84,3.62
6492 生華科,202509,32,-7.62
6494 九齊,202509,-12.38,0.43
6496 科懋,202509,-5.06,-6.32
6498 久禾光,202509,16.44,7.21
6499 益安,202509,-11.93,-15.61
6504 南六,202509,-4.47,1.12
6505 台塑化,202509,-5.58,2.84
6506 雙邦,202509,-5.34,1.66
6508 惠光,202509,-30.94,0.51
6509 聚和,202509,0.07,3.79
6510 精測,202509,35.45,3.26
6512 啟發電,202509,38.93,0.37
6515 穎崴,202509,-6.55,6.52
6516 勤崴國際,202509,-11,1.26
6517 保勝光學,202509,-40.74,2.03
6523 達爾膚,202509,5.46,7.75
6525 捷敏-KY,202509,16.42,5.73
6526 達發,202509,1.18,4.01
6527 明達醫,202509,-13.8,3.56
6530 創威,202509,18.11,4.25
6531 愛普*,202509,17.3,6.21
6532 瑞耘,202509,-15.98,3.45
6533 晶心科,202509,8.84,0.19
6534 正瀚-創,202509,60.72,-0.64
6535 順藥,202509,83.78,-2.12
6538 倉和,202509,-43.74,0.03
6541 泰福-KY,202509,989.6,-5.03
6542 隆中,202509,12.24,-2.03
6546 正基,202509,-17.17,3.57
6547 高端疫苗,202509,-15.29,-0.62
6548 長科*,202509,11.77,5.02
6550 北極星藥業-KY,202509,62.33,-15.34
6552 易華電,202509,-34.73,-4.79
6556 勝品,202509,-4.64,3.48
6558 興能高,202509,-17,0.77
6560 欣普羅,202509,7.41,2.17
6561 是方,202509,-6.75,7.33
6568 宏觀,202509,-3.15,1.96
6569 醫揚,202509,16.24,2.23
6570 維田,202509,-1.69,1.21
6573 虹揚-KY,202509,-9.78,33.58
6574 霈方,202509,-2.47,4.35
6576 逸達,202509,95.94,-11.23
6577 勁豐,202509,-18.82,7.66
6578 達邦蛋白,202509,21.09,-1.2
6579 研揚,202509,32.95,2.01
6581 鋼聯,202509,0.98,3.39
6582 申豐,202509,-74.67,1.07
6584 南俊國際,202509,27.25,5.63
6585 鼎基,202509,-19.15,2.18
6588 東典光電,202509,18.93,-2.24
6589 台康生技,202509,-7.74,-0.71
6590 普鴻,202509,20.43,5.41
6591 動力-KY,202509,25.63,3.5
6592 和潤企業,202509,-18.44,1.76
6593 台灣銘板,202509,-46.16,-3.61
6596 寬宏藝術,202509,367.16,30.41
6597 立誠,202509,-20.26,4.48
6598 ABC-KY,202509,63.87,-4.82
6603 富強鑫,202509,18.11,2.19
6605 帝寶,202509,-10.18,2.89
6606 建德工業,202509,15.58,2.2
6609 瀧澤科,202509,-57.19,0.17
6612 奈米醫材,202509,2.58,-0.51
6613 朋億*,202509,-25.67,7.62
6614 資拓宏宇,202509,58.67,2.57
6615 慧智,202509,-12.08,-0.19
6616 特昇-KY,202509,-5.21,-0.31
6617 共信-KY,202509,32.6,-1.42
6620 漢達,202509,133.48,4.81
6624 萬年清,202509,1.3,0.9
6625 必應,202509,11.84,11.12
6629 泰金-KY,202509,-10.65,6.94
6637 醫影,202509,-39.38,3.85
6640 均華,202509,79.04,6.11
6641 基士德-KY,202509,-10.58,0.65
6642 富致,202509,-6.15,2.54
6643 M31,202509,-7.12,-0.41
6645 金萬林-創,202509,15.91,-6.04
6649 台生材,202509,164.73,4.3
6651 全宇昕,202509,-14.15,5.55
6654 天正國際,202509,8.16,6.2
6655 科定,202509,0.1,2.56
6657 華安,202509,-25.2,-4.83
6658 聯策,202509,14.47,-0.15
6661 威健生技,202509,21.7,2.49
6662 樂斯科,202509,-8.04,1.86
6664 群翊,202509,2.1,8.01
6666 羅麗芬-KY,202509,-13.75,1.89
6667 信紘科,202509,45.22,6.99
6668 中揚光,202509,9.68,-2.69
6669 緯穎,202509,172.77,15.49
6670 復盛應用,202509,-16.09,3.62
6671 三能-KY,202509,0,3.09
6672 騰輝電子-KY,202509,2.74,2.6
6674 鋐寶科技,202509,-36.12,-1.42
6679 鈺太,202509,-8,3.67
6680 鑫創電子,202509,-28.43,0.56
6683 雍智科技,202509,23.11,5.6
6684 安格,202509,-15.26,-1.17
6689 伊雲谷,202509,-10.13,0.79
6690 安碁資訊,202509,11.54,2.69
6691 洋基工程,202509,47.3,11.92
6692 進能服,202509,-58.21,-1.81
6693 廣閎科,202509,25.59,2.77
6695 芯鼎,202509,-1.16,-2.29
6697 東捷資訊,202509,20.61,3.23
6698 旭暉應材,202509,71.86,0.38
6703 軒郁,202509,-14.37,4.4
6706 惠特,202509,-49.22,-0.57
6708 天擎,202509,22.66,0.11
6712 長聖,202509,6.08,10
6715 嘉基,202509,-47.04,-0.22
6716 應廣,202509,-10.46,3.04
6719 力智,202509,19.2,1.82
6720 久昌,202509,-29.12,3.75
6721 信實,202509,11.27,5.13
6722 輝創,202509,-8.79,2.09
6725 矽科宏晟,202509,36.28,11.05
6727 亞泰金屬,202509,15.5,4.11
6728 上洋,202509,4.42,3.17
6730 常廣,202509,6.96,3.44
6732 昇佳電子,202509,-19.76,1.18
6733 博晟生醫,202509,39.34,-1.17
6735 美達科技,202509,36.08,0.11
6739 竹陞科技,202509,103.17,12.32
6741 91APP*-KY,202509,10.63,3.87
6742 澤米,202509,-42.45,-1.61
6743 安普新,202509,-29.12,4.66
6747 亨泰光,202509,-5.45,4.71
6751 智聯服務,202509,1.18,9.13
6752 叡揚,202509,10.37,4.41
6753 龍德造船,202509,18.91,4.91
6754 匯僑設計,202509,-27.69,4.58
6756 威鋒電子,202509,-26.82,0.13
6757 台灣虎航,202509,-6.53,7.16
6761 穩得,202509,-3.44,4.12
6762 達亞,202509,5.97,0.77
6763 綠界科技*,202509,8.42,16.3
6767 台微醫,202509,-7.48,0.53
6768 志強-KY,202509,-3.45,1.24
6770 力積電,202509,1.63,-3.27
6771 平和環保-創,202509,-3.28,3.34
6776 展碁國際,202509,26.65,3.83
6781 AES-KY,202509,74.6,5.48
6782 視陽,202509,9.19,6.76
6785 昱展新藥,202509,-100,-1.11
6788 華景電,202509,-8.71,6.65
6789 采鈺,202509,-17.99,1.94
6790 永豐實,202509,-5.63,3.86
6791 虎門科技,202509,17.41,5.47
6792 詠業,202509,7.02,2.45
6794 向榮生技,202509,-64.35,-3.42
6796 晉弘,202509,46.72,0.31
6799 來頡,202509,7.28,3.81
6803 崑鼎,202509,15.89,6.11
6804 明係,202509,-41.86,-1.08
6805 富世達,202509,79.34,11.92
6806 森崴能源,202509,165.59,-107.98
6807 峰源-KY,202509,-29.14,2.86
6811 宏碁資訊,202509,1.01,6.83
6821 聯寶,202509,-7.15,2.86
6823 濾能,202509,102.67,-9.48
6829 千附精密,202509,39.39,3.33
6830 汎銓,202509,11.27,1.04
6831 邁科,202509,128.05,9.45
6834 天二科技,202509,5.14,2.83
6835 圓裕,202509,-4.88,1.87
6838 台新藥,202509,-78.98,-3.84
6840 東研信超,202509,2.71,2.17
6841 長佳智能,202509,-14.7,2.77
6843 進典,202509,19.74,2.34
6844 諾貝兒,202509,0.4,0.42
6846 綠茵,202509,-2.05,3.3
6854 錼創科技-KY創,202509,-31.54,1.96
6855 數泓科,202509,-14.65,7.79
6856 鑫傳,202509,-2.46,2.33
6859 伯特光,202509,-7.79,1.47
6861 睿生光電,202509,14.7,2.16
6862 三集瑞-KY,202509,-18.43,5.18
6863 永道-KY,202509,-28.59,1.16
6865 偉康科技,202509,-15.72,2.02
6869 雲豹能源,202509,208.09,-1.08
6870 騰雲,202509,26.11,6.62
6872 浩宇生醫,202509,-70.34,-5.76
6873 泓德能源,202509,-46.69,0.34
6874 倍力,202509,-26.04,1.47
6875 國邑*,202509,-90.23,-2.71
6877 鏵友益,202509,-4.66,0.14
6881 潤德,202509,17.98,8.66
6884 海柏特,202509,-13.29,4.07
6885 全福生技,202509,1762.12,-4.67
6887 寶綠特-KY,202509,-21.51,0.79
6890 來億-KY,202509,-13.72,2.46
6894 衛司特,202509,43.82,5.36
6895 宏碩系統,202509,183.08,5.38
6899 創為精密,202509,20.88,2.91
6901 鑽石投資,202509,-100,-1.55
6902 GOGOLOOK,202509,26.87,1.09
6903 巨漢,202509,56.49,6.19
6904 伯鑫,202509,4.42,4.51
6906 現觀科,202509,-21.84,1.52
6907 雅特力-KY,202509,-14.07,3.49
6908 宏碁遊戲-創,202509,56.48,1.18
6909 創控,202509,-23.76,1.64
6910 德鴻,202509,31.6,5.57
6913 鴻呈,202509,27.02,4.78
6914 阜爾運通,202509,28.3,5.95
6916 華凌,202509,-11.18,-0.32
6918 愛派司,202509,5.21,3.55
6919 康霈*,202509,-42.32,-0.08
6921 嘉雨思-創,202509,-43.05,-0.23
6922 宸曜,202509,29.7,8.03
6923 中台,202509,-28.43,2.68
6924 榮惠-KY創,202509,-16.41,6.33
6925 意藍,202509,8.71,4.46
6928 攸泰科技,202509,7.23,-0.94
6929 佑全,202509,-2.84,-2.41
6931 青松健康,202509,11.74,2.86
6933 AMAX-KY,202509,26.38,0.58
6934 心誠鎂,202509,-60.74,-12.75
6936 永鴻生技,202509,3.99,2.58
6937 天虹,202509,-2.51,1.78
6944 兆聯實業,202509,84.22,10.04
6945 圓祥生技,202509,,-10.93
6947 台鎔科技,202509,81.56,0.21
6949 沛爾生醫-創,202509,51.43,-10.5
6951 青新-創,202509,20.28,8.1
6952 大武山,202509,8.13,0.49
6953 家碩,202509,9.85,4.65
6955 邦睿生技-創,202509,28.41,4.32
6957 裕慶-KY,202509,3.8,9.23
6958 日盛台駿,202509,-14.03,-3.77
6960 南山產物,202509,21.75,7.3
6961 旅天下,202509,-15.89,2.03
6962 奕力-KY,202509,-12.93,1.5
6965 中傑-KY,202509,-32.38,0.52
6967 汎瑋材料,202509,1.52,4.65
6968 萬達寵物,202509,9.28,1.06
6969 成信實業*-創,202509,78.34,0.04
6971 惠民實業,202509,23.42,3.3
6979 勝釩,202509,50.85,12.13
6982 大井泵浦,202509,-12.77,-0.84
6983 華洋精機,202509,560.3,12.83
6986 和迅,202509,-19.41,1.95
6988 威力暘-創,202509,-16.28,0.07
6994 富威電力,202509,71.93,1.63
6996 力領科技,202509,-16.03,4.92
6997 博弘,202509,8.96,3.72
7402 邑錡,202509,8.52,1.16
7547 碩網,202509,1.38,4.48
7556 意德士,202509,-0.04,3.76
7584 樂意,202509,-33.91,-4.41
7610 聯友金屬-創,202509,28.46,4.92
7631 聚賢研發-創,202509,-6.25,2.42
7642 昶瑞機電,202509,-30.39,2.05
7703 銳澤,202509,28.16,3.27
7704 明遠精密,202509,-14.48,1.68
7705 三商餐飲,202509,3.57,4.28
7708 全家餐飲,202509,12.1,5.12
7709 榮田,202509,-53.86,1.12
7711 永擎,202509,192.81,10.18
7712 博盛半導體,202509,-10.76,2.88
7713 威力德生醫,202509,15.79,5.36
7714 創泓科技,202509,57.45,7.2
7715 裕山,202509,-45.97,0.69
7716 昱臺國際,202509,-20.53,3.01
7717 萊德光電-KY,202509,5.02,5.45
7718 友鋮,202509,-10.08,5.21
7721 微程式,202509,-34.22,0.49
7722 LINEPAY,202509,26.37,1.71
7723 築間,202509,-19.45,-8.26
7728 光焱科技,202509,-39.59,1.27
7730 暉盛-創,202509,-11.76,1.87
7732 金興精密,202509,11.3,1.69
7734 印能科技,202509,80.92,5.66
7736 虎山,202509,18.91,3.26
7738 東聯互動,202509,43.72,7.48
7740 熙特爾-創,202509,513.5,-1.65
7743 金利食安,202509,23.64,3.04
7744 崴寶,202509,78.33,12.87
7747 昕奇雲端,202509,-5.52,3.41
7749 意騰-KY,202509,92.51,5.66
7750 新代,202509,21,4.8
7751 竑騰,202509,74.96,9.09
7753 星亞,202509,21.83,6.68
7757 金色三麥,202509,0.97,8.5
7760 享溫馨,202509,-4.08,0.31
7765 中華資安,202509,5.98,6.85
7767 仁大資訊,202509,-6.41,3.96
7768 頌勝科技,202509,-4.63,3.9
7769 鴻勁,202509,128.89,21.35
7770 君曜,202509,2.3,6.62
7772 耀穎,202509,-1.98,-0.98
7777 能率亞洲,202509,2.92,2.05
7780 大研生醫*,202509,52.81,2.15
7782 光速火箭,202509,-1.58,3.59
7786 東方風能,202509,86.12,11.1
7788 松川精密,202509,-1.31,2.3
7790 思必瑞特,202509,22.46,1.1
7791 皇家可口,202509,-1.97,3.21
7792 安葆,202509,45.01,3.52
7794 宏碁智新,202509,-0.56,5.87
7795 長廣,202509,-22.58,2.01
7799 禾榮科,202509,,-3.45
7803 雲象科技,202509,1312.72,-3.43
7805 威聯通,202509,8.94,6.93
7810 捷創科技,202509,16.06,3.06
7811 民盛,202509,-5.77,3.59
7814 海昌生技,202509,-23.11,0.99
7818 溢泰實業,202509,-14.34,3.71
7819 精誠金融,202509,39.89,4.35
7820 立盈,202509,42.5,1.88
7821 神數,202509,14.11,4.73
7822 倍利科,202509,147.93,20.5
7823 奧義賽博-KY創,202509,20.45,-2.97
7827 漢康-KY,202509,,10.36
7828 創新服務,202509,5607.85,5.15
7839 達人網,202509,3.79,5.31
7842 天能綠電,202509,126.48,4.29
8011 台通,202509,10.52,1.4
8016 矽創,202509,0.65,3.23
8021 尖點,202509,21.51,2.63
8024 佑華,202509,-38,-5.58
8027 鈦昇,202509,-5.68,0.48
8028 昇陽半導體,202509,24.06,4.44
8032 光菱,202509,6.51,2.34
8033 雷虎,202509,15.08,0.21
8034 榮群,202509,106.77,4.85
8038 長園科,202509,311.21,8.82
8039 台虹,202509,0.74,2.19
8040 九暘,202509,3.8,-0.55
8042 金山電,202509,5.47,1.04
8043 蜜望實,202509,0.83,2.65
8044 網家,202509,0.96,-0.95
8045 達運光電,202509,-9.61,1.91
8046 南電,202509,19.32,1.65
8047 星雲,202509,-28.72,-2.13
8048 德勝,202509,33.84,4.86
8049 晶采,202509,-9.87,2.74
8050 廣積,202509,-12.6,1.26
8054 安國,202509,70.74,-2.67
8059 凱碩,202509,3164.24,-6.66
8064 東捷,202509,2.18,3.81
8066 來思達,202509,-15.97,-5.85
8067 志旭,202509,-12.71,11.78
8068 全達,202509,0,-0.4
8069 元太,202509,13.34,6.75
8070 長華*,202509,11.75,4.16
8071 能率網通,202509,-1.74,3.83
8072 陞泰,202509,23.74,1.62
8074 鉅橡,202509,-0.77,2.6
8076 伍豐,202509,-13.06,-2.27
8077 洛碁,202509,2.51,1.76
8080 泰霖,202509,7.18,-0.74
8081 致新,202509,-2.75,4.66
8083 瑞穎,202509,7.88,7.48
8084 巨虹,202509,-18.79,-8.16
8085 福華,202509,-4.82,3.13
8086 宏捷科,202509,1.37,2.77
8087 麗升能源,202509,31,-1.95
8088 品安,202509,57.92,2.67
8089 康全電訊,202509,-91.47,-1.76
8091 翔名,202509,8.2,3.08
8092 建暐,202509,33.2,2.2
8093 保銳,202509,-35.44,-9.08
8096 擎亞,202509,-19.64,0.01
8097 常珵,202509,-74.75,0.06
8099 大世科,202509,63.82,4.54
8101 華冠,202509,259.39,-12.47
8102 傑霖科技,202509,-17.2,4.49
8103 瀚荃,202509,-0.99,3.4
8104 錸寶,202509,62.85,0.81
8105 凌巨,202509,-11.08,0.01
8107 大億金茂,202509,-1.31,1.36
8109 博大,202509,16.9,5.15
8110 華東,202509,-4.88,7.85
8111 立碁,202509,9.79,3.27
8112 至上,202509,-11.49,3.24
8114 振樺電,202509,-2.71,6.44
8121 越峰,202509,-8.28,-0.36
8131 福懋科,202509,26.67,2.57
8147 正淩,202509,13.78,2.49
8150 南茂,202509,1.25,1.51
8155 博智,202509,23.16,4.56
8162 微矽電子-創,202509,20.46,3.04
8163 達方,202509,21.53,-1.06
8171 天宇,202509,-77.88,-1.21
8176 智捷,202509,-56.71,3.34
8182 加高,202509,-6.7,1.05
8183 精星,202509,-4.19,3.64
8201 無敵,202509,-9.16,0.15
8210 勤誠,202509,32.61,11.96
8213 志超,202509,-1.13,0.96
8215 明基材,202509,0.68,-1.16
8222 寶一,202509,-4.61,1.19
8227 巨有科技,202509,210.39,4.59
8234 新漢,202509,-17.01,-0.41
8240 華宏,202509,-9.13,1.22
8249 菱光,202509,-38.17,2.71
8255 朋程,202509,0.52,1.97
8261 富鼎,202509,2.82,4.08
8271 宇瞻,202509,69.89,4.87
8272 全景軟體,202509,25.68,3.28
8277 商丞,202509,-0.42,-4.34
8279 生展,202509,1.38,3.71
8284 三竹,202509,9.41,6.28
8289 泰藝,202509,11.37,0.69
8291 尚茂,202509,62.35,-9.52
8299 群聯,202509,30.08,4.52
8341 日友,202509,8.14,4.08
8342 益張,202509,-2.38,5.75
8349 恒耀,202509,-15.95,1.26
8354 冠好,202509,-7.37,2.98
8358 金居,202509,10.75,3.7
8367 建新國際,202509,8.86,2.69
8374 羅昇,202509,11.96,1.8
8383 千附,202509,12.64,2.67
8390 金益鼎,202509,-31.27,6.61
8401 白紗科,202509,4.05,3.95
8403 盛弘,202509,-3.69,0.59
8404 百和興業-KY,202509,3.08,3.21
8409 商之器,202509,135.7,9.56
8410 森田,202509,-11.19,3.37
8411 福貞-KY,202509,7.28,-0.26
8415 大國鋼,202509,0.03,4.16
8416 實威,202509,33.96,5.73
8421 旭源,202509,-9.66,0.27
8422 可寧衛*,202509,-7.58,3.48
8423 保綠-KY,202509,-14.47,1.57
8424 惠普,202509,0.98,4.32
8426 紅木-KY,202509,9.29,7.29
8429 金麗-KY,202509,-6.1,0.06
8431 匯鑽科,202509,6.19,-7.95
8432 東生華,202509,8.76,4.93
8433 弘帆,202509,-4.77,5.19
8435 鉅邁,202509,-24.64,6.2
8436 大江,202509,-3.57,3.52
8437 大地-KY,202509,-39.53,-0.6
8438 昶昕,202509,8.14,2.23
8440 綠電,202509,-4.42,0.65
8442 威宏-KY,202509,-14.63,2.07
8443 阿瘦,202509,-4.12,-6.07
8444 綠河-KY,202509,-44.05,-74.84
8446 華研,202509,-32.97,5.87
8450 霹靂,202509,-5.66,-5.51
8454 富邦媒,202509,-3.9,6.53
8455 大拓-KY,202509,-6.5,-0.21
8462 柏文,202509,18.9,8.18
8463 潤泰材,202509,6.31,6.35
8464 億豐,202509,-6.91,6.71
8466 美吉吉-KY,202509,-33.74,-0.59
8467 波力-KY,202509,13.07,5.89
8472 夠麻吉,202509,57.69,-0.98
8473 山林水,202509,85.7,1.4
8476 台境*,202509,-27.1,0.97
8477 創業家,202509,-53.15,-2.82
8478 東哥遊艇,202509,64.88,6.24
8481 政伸,202509,3.55,4.13
8482 商億-KY,202509,-6.12,2.82
8487 愛爾達-創,202509,-65.09,4.22
8488 吉源-KY,202509,-1.8,-0.32
8489 三貝德,202509,1.72,1.22
8499 鼎炫-KY,202509,36.74,1.66
8905 裕國,202509,21.16,0.37
8906 花王,202509,-20.09,-1.56
8908 欣雄,202509,26.69,3.44
8916 光隆,202509,-2.49,4.11
8917 欣泰,202509,10.85,3.34
8921 沈氏,202509,-0.49,0.54
8923 時報,202509,-5.13,0.44
8924 大田,202509,8.06,3.87
8926 台汽電,202509,-34.55,0.89
8927 北基,202509,-15.28,0.22
8928 鉅明,202509,19.75,1.39
8929 富堡,202509,-6.11,0.96
8930 青鋼,202509,-9.46,4.03
8931 大汽電,202509,2.07,2.45
8932 智通*,202509,60.89,10.98
8933 愛地雅,202509,-19.13,-7
8935 邦泰,202509,3.03,-2.45
8936 國統,202509,45.15,4.39
8937 合騏*,202509,-64.2,0.84
8938 明安,202509,-2.57,2.9
8940 新天地,202509,-31.79,-8.27
8941 關中,202509,-12.71,-0.18
8942 森鉅,202509,-39.33,1.89
8996 高力,202509,47.64,7.45
9105 泰金寶-DR,202509,3.95,2.31
9110 越南控-DR,202509,-26.61,-3.38
911622 泰聚亨-DR,202509,56.86,1.46
9802 鈺齊-KY,202509,6.13,2.33
9902 台火,202509,148.42,1.34
9904 寶成,202509,-11.94,2.63
9905 大華,202509,-9.32,1.66
9906 欣巴巴,202509,-91.28,-4.19
9907 統一實,202509,-5.95,2.78
9908 大台北,202509,4.61,3.15
9910 豐泰,202509,-4.57,7.98
9911 櫻花,202509,3.73,5.26
9912 偉聯,202509,-9.41,-4.19
9914 美利達,202509,-16.63,3.13
9917 中保科,202509,5.09,6.06
9918 欣天然,202509,4.83,2.68
9919 康那香,202509,-15.53,-7.79
9921 巨大,202509,-24.94,1.17
9924 福興,202509,-11.09,3.49
9925 新保,202509,2.82,2.44
9926 新海,202509,6.09,3.73
9927 泰銘,202509,-15.46,4.01
9928 中視,202509,-3.99,-1.37
9929 秋雨,202509,-4.23,-0.49
9930 中聯資源,202509,-2.87,4.55
9931 欣高,202509,9.65,3.21
9933 中鼎,202509,-25.11,4.83
9934 成霖,202509,-5.62,-2.38
9935 慶豐富,202509,-16.19,5.47
9937 全國,202509,-9.33,3.69
9938 百和,202509,-3.5,2.89
9939 宏全,202509,0.43,4.97
9940 信義,202509,-22.11,0.76
9941 裕融,202509,-6.27,3.2
9942 茂順,202509,2.72,4.8
9943 好樂迪,202509,-9.48,2.59
9944 新麗,202509,-2.18,-1.05
9945 潤泰新,202509,5.99,3.42
9946 三發地產,202509,-87.89,-0.29
9949 琉園,202509,-8.33,68.78
9950 萬國通,202509,-36.63,-1.48
9951 皇田,202509,15.72,3.11
9955 佳龍,202509,32.14,0.32
9958 世紀鋼,202509,5.41,1.97
9960 邁達康,202509,-10.42,3.3
9962 有益,202509,-40.15,-0.64
M1100 水泥工業類指數,202509,-6.24,-1.17
M1200 食品工業類指數,202509,-2.03,3.45
M1300 塑膠工業類指數,202509,-14.94,0.11
M1400 紡織纖維類指數,202509,-10.2,1.73
M1500 電機機械類指數,202509,7.31,2.52
M1600 電器電纜類指數,202509,-6.42,1.69
M1700 化學生技醫療類指數,202509,-5.33,2.42
M1721 化學工業指數,202509,-8.84,2.27
M1722 生技醫療指數,202509,0.49,2.56
M1800 玻璃陶瓷類指數,202509,3.41,0.65
M1900 造紙工業類指數,202509,-8.92,1.03
M2000 鋼鐵工業類指數,202509,-7.84,0.47
M2100 橡膠類指數,202509,-20.72,-0.2
M2200 汽車工業類指數,202509,-9.14,1.18
M2300 電子類指數,202509,15.73,5.46
M2324 半導體業指數,202509,17.94,7.4
M2325 電腦及週邊設備業指數,202509,26.12,4.62
M2326 光電業指數,202509,-5.36,1.23
M2327 通信網路業指數,202509,18.79,3.97
M2328 零組件指數,202509,11.55,3.75
M2329 電子通路業指數,202509,4.67,4.14
M2330 資訊服務業指數,202509,26.1,3.86
M2331 其他電子業指數,202509,11.73,4.04
M2500 建材營造類指數,202509,-2.33,2.18
M2600 航運業類指數,202509,-24.64,3.4
M2700 觀光餐旅類指數,202509,-3.29,1.31
M2800 金融保險類指數,202509,24.83,3.51
M2870 保險,202509,9.13,4.13
M2871 壽險,202509,37.47,4.45
M28HO 金融控股,202509,27.49,3.76
M2900 貿易百貨類指數,202509,0.11,2.85
M3000 證券,202509,31.65,5.12
M3500 綠能環保,202509,12.82,-8.52
M3600 數位雲端,202509,-5.39,4.78
M3700 運動休閒,202509,-10.64,3.08
M3800 居家生活,202509,-11.07,3.77
M9700 油電燃氣業指數,202509,-5.91,2.71
M9900 其他類指數,202509,-9.5,2.65
O1721 OTC 化學工業,202509,3.48,4.23
O1722 OTC 生技醫療,202509,2,2.33
O2324 OTC 半導體業,202509,8.79,2.84
O2325 OTC 電腦及週邊設備業,202509,5.08,3.08
O2326 OTC 光電業,202509,-0.11,3.12
O2327 OTC 通信網路業,202509,7.82,2.84
O2328 OTC 電子零組件,202509,4.84,3.54
O2329 OTC 電子通路業,202509,0.55,1.87
O2330 OTC 資訊服務業,202509,14.61,4.44
O2331 OTC 其他電子業,202509,19.81,5.22
OTC12 OTC 食品工業,202509,-5.61,4.09
OTC13 OTC 塑膠工業,202509,-6.31,14.4
OTC14 OTC 紡織纖維,202509,7.09,2.25
OTC15 OTC 電機機械,202509,-3.77,3.69
OTC16 OTC 電器電纜,202509,-4.45,-0.04
OTC17 OTC 化學生技,202509,2.15,2.55
OTC20 OTC 鋼鐵工業,202509,-10.67,1.62
OTC23 OTC 電子類,202509,7.65,3.21
OTC25 OTC 建材營造,202509,-26.51,1.77
OTC26 OTC 航運業,202509,1.71,3.21
OTC27 OTC 觀光餐旅,202509,2.1,0.94
OTC28 OTC 金融業,202509,127.87,6.74
OTC30 OTC 證券類,202509,127.87,6.74
OTC32 OTC 文化創意業,202509,14.74,6.83
OTC33 OTC 農業科技,202509,-9.63,0.51
OTC35 OTC 綠能環保,202509,-4.59,3.3
OTC36 OTC 數位雲端,202509,2.77,4.61
OTC37 OTC 運動休閒,202509,-3.43,1.63
OTC38 OTC 居家生活,202509,3.07,5.19
OTC55 OTC 非電子,202509,-0.8,3.15
OTC86 OTC 不含金融電子,202509,-2.27,2.82
OTC88 OTC 非金融,202509,4.08,3.08
OTC89 OTC 其它,202509,-4.65,1.82
OTC97 OTC 油電燃氣業,202509,2.61,1.72
OTC99 OTC 指數,202509,4.54,3.16
T2810 銀行上市櫃及金控旗下,202509,4.16,2.62
T2870 產險上市櫃及金控旗下,202509,11.03,5.2
T2871 壽險上市櫃及金控旗下,202509,4.19,2.86
T3000 證券上市櫃及金控旗下,202509,23.44,5.95
Y5555 不含電子,202509,-4.38,2.45
Y8886 未含金電,202509,-9.87,1.77
Y8888 不含金融,202509,8.86,4.05
Y9999 加權指數,202509,9.63,3.94
000930 華南永昌證券,202512,43.52,4.71
000960 富邦證券,202512,28.34,4.61
000980 元大證券,202512,23.05,4.48
0009A0 永豐金證券,202512,15.07,4.23
1101 台泥,202512,-17.53,-0.55
1102 亞泥,202512,-11.52,0.93
1103 嘉泥,202512,-0.19,0.39
1104 環泥,202512,2.74,2.17
1108 幸福,202512,-21.86,1.13
1109 信大,202512,-0.43,0.76
1110 東泥,202512,-11.43,0.34
1201 味全,202512,-10.53,-0.16
1203 味王,202512,-25.29,2.34
1210 大成,202512,-1.65,4.61
1213 大飲,202512,36.74,-1.75
1215 卜蜂,202512,3.46,5.84
1216 統一,202512,-0.09,2.42
1217 愛之味,202512,-4.75,0.66
1218 泰山,202512,-0.83,2
1219 福壽,202512,0.38,0.74
1220 台榮,202512,-13.86,0.02
1225 福懋油,202512,-7.47,3.41
1227 佳格,202512,-7.95,1.96
1229 聯華,202512,20.41,1.52
1231 聯華食,202512,-2.35,6.69
1232 大統益,202512,-0.24,6.77
1233 天仁,202512,-0.23,1.34
1234 黑松,202512,-3.25,0.92
1235 興泰,202512,43.56,-3.58
1236 宏亞,202512,-21.8,-0.69
1240 茂生農經,202512,-3.52,2.84
1256 鮮活果汁-KY,202512,38.64,1.82
1259 安心,202512,3.68,1.48
1260 富味鄉,202512,-4.94,8.1
1264 德麥,202512,-5.8,4.55
1268 漢來美食,202512,7.07,4.52
1269 乾杯,202512,6.35,10.1
1271 晨暉生技,202512,8.58,1.77
1293 利統,202512,4.66,9.24
1294 漢田生技,202512,39.66,4.61
1295 生合,202512,15.45,3.25
1301 台塑,202512,-18.33,-0.88
1303 南亞,202512,-5.4,1.48
1304 台聚,202512,-21.23,-5.3
1305 華夏,202512,-27.84,-1.78
1307 三芳,202512,-0.14,3.42
1308 亞聚,202512,-9.68,-3.47
1309 台達化,202512,-35.98,-0.99
1310 台苯,202512,-37.25,-3.14
1312 國喬,202512,78.29,-4.08
1313 聯成,202512,-19.13,-2.74
1314 中石化,202512,-37.18,-0.15
1315 達新,202512,-14.11,0.55
1316 上曜,202512,200.76,6.17
1319 東陽,202512,-5.97,4.45
1321 大洋,202512,-29.89,-1.97
1323 永裕,202512,-6.48,0.73
1324 地球,202512,-12.61,-1.27
1325 恆大,202512,-13.23,-0.21
1326 台化,202512,-20.04,-0.1
1336 台翰,202512,-13.25,0.45
1337 再生-KY,202512,-19.16,-3.7
1338 廣華-KY,202512,-4.7,-0.32
1339 昭輝,202512,-25.92,2.32
1340 勝悅-KY,202512,-89.03,-9.43
1341 富林-KY,202512,-12.95,5.93
1342 八貫,202512,12.21,5.3
1343 旭東環保,202512,-50.72,-2.9
1402 遠東新,202512,-2.83,1.55
1408 中紡,202512,-8.22,
1409 新纖,202512,-24.88,0.99
1410 南染,202512,-24.23,0.94
1413 宏洲,202512,-19.57,0.32
1414 東和,202512,-7.98,0.54
1416 廣豐,202512,17.49,0.84
1417 嘉裕,202512,46.15,3.55
1418 東華,202512,-43.4,4.28
1419 新紡,202512,11.31,1.27
1423 利華,202512,13.9,0.77
1432 大魯閣,202512,3.44,44.58
1434 福懋,202512,-10.66,0.95
1435 中福,202512,-25.2,-2.07
1436 華友聯,202512,-76.05,-1.2
1437 勤益控,202512,12.44,1.99
1438 三地開發,202512,,9.8
1439 雋揚,202512,1383.88,4.36
1440 南紡,202512,-18.07,-0.61
1441 大東,202512,-15.06,-2.73
1442 名軒,202512,-53.54,2.48
1443 立益物流,202512,-9.65,4.96
1444 力麗,202512,-17.64,-1.11
1445 大宇,202512,-8.86,-1.79
1446 宏和,202512,-94.86,-2.07
1447 力鵬,202512,-27.91,-3.68
1449 佳和,202512,28.75,7.92
1451 年興,202512,7.01,0.85
1452 宏益,202512,-32.53,-0.38
1453 大將,202512,15.41,-0.04
1454 台富,202512,-8.48,-3.67
1455 集盛,202512,-42.38,-2.95
1456 怡華,202512,4.33,23.28
1457 宜進,202512,-23.53,2.06
1459 聯發,202512,-18.84,1.9
1460 宏遠,202512,-17.84,0.06
1463 強盛新,202512,-87.44,-3.97
1464 得力,202512,-4.88,2.68
1465 偉全,202512,-34.93,1.25
1466 聚隆,202512,-21.95,-3.25
1467 南緯,202512,-3.14,2.62
1468 昶和,202512,-23.88,2.38
1470 大統新創,202512,-1.52,4
1471 首利,202512,-54.43,0.84
1472 三洋實業,202512,35.05,3.02
1473 台南,202512,-25.77,-0.76
1474 弘裕,202512,-14.43,0.28
1475 業旺,202512,-26.66,5.66
1476 儒鴻,202512,-3.21,5.51
1477 聚陽,202512,-9.48,6.46
1480 東盟開發,202512,8.05,-7.31
1503 士電,202512,8.57,1.19
1504 東元,202512,13.41,1.2
1506 正道,202512,-7.02,0.17
1512 瑞利,202512,25.27,2.31
1513 中興電,202512,2.24,5.06
1514 亞力,202512,20.61,4.89
1515 力山,202512,80.88,4.97
1516 川飛,202512,82.19,-1.06
1517 利奇,202512,-13.3,0.15
1519 華城,202512,13.04,16.85
1521 大億,202512,17.76,2.19
1522 堤維西,202512,64.62,1.9
1524 耿鼎,202512,-23.01,3.78
1525 江申,202512,-7.12,1.09
1526 日馳,202512,-9.69,-0.3
1527 鑽全,202512,-19.48,1.39
1528 恩德,202512,-30.03,1.57
1529 樂事綠能,202512,28.38,0.52
1530 亞崴,202512,-10.75,1.09
1531 高林股,202512,-16.89,0.58
1532 勤美,202512,10.09,0.64
1533 車王電,202512,-12.78,4.04
1535 中宇,202512,-11.72,4.03
1536 和大,202512,84.85,-2.42
1537 廣隆,202512,-22.33,4.23
1538 正峰,202512,-40.44,-27.74
1539 巨庭,202512,-13.37,1.19
1540 喬福,202512,23.65,3.34
1541 錩泰,202512,1.24,3.81
1557 金豐機器,202512,-12.54,5.61
1558 伸興,202512,-19.53,1.75
1560 中砂,202512,18.42,6.08
1563 巧新,202512,-14.8,-0.16
1565 精華,202512,-23.37,1.82
1568 倉佑,202512,7.97,2.45
1569 濱川,202512,-11.93,-5.04
1570 力肯,202512,-51.77,-0.35
1580 新麥,202512,-10.71,5.18
1582 信錦,202512,-6.2,0.95
1583 程泰,202512,-12.28,1.63
1584 精剛,202512,-0.38,0.92
1585 鎧鉅,202512,33.61,
1586 和勤,202512,-2.83,0.58
1587 吉茂,202512,31.52,0.68
1590 亞德客-KY,202512,18.17,4.63
1591 駿吉-KY,202512,-30.72,-5.19
1593 祺驊,202512,12.9,3.25
1594 日高,202512,0.24,0.95
1595 川寶,202512,-11.06,-0.27
1597 直得,202512,32.27,1.49
1598 岱宇,202512,-29.32,-8.26
1599 宏佳騰,202512,-15.73,-1.61
1602 太電,202512,-1.33,8.16
1603 華電,202512,19.41,0.49
1604 聲寶,202512,-9.3,1.78
1605 華新,202512,-10.27,0.41
1608 華榮,202512,1.27,3.05
1609 大亞,202512,3.26,0.71
1611 中電,202512,-16.5,-0.51
1612 宏泰,202512,-6.34,2.22
1613 台一,202512,-8.37,7.61
1614 三洋電,202512,-7.31,1.39
1615 大山,202512,8.19,6.93
1616 億泰,202512,-8.1,-5.67
1617 榮星,202512,3.33,8.03
1618 合機,202512,-27.03,2.84
1623 大東電,202512,12.91,8.92
1626 艾美特-KY,202512,-4.25,-3.05
1702 南僑,202512,-6.11,0.6
1707 葡萄王,202512,-4.84,5.54
1708 東鹼,202512,-3.25,3.77
1709 和益,202512,-7.05,1.92
1710 東聯,202512,-12.18,-3.85
1711 永光,202512,-9.67,-0.3
1712 興農,202512,0.4,2.65
1713 國化,202512,-10.85,5.34
1714 和桐,202512,17.8,2.4
1716 永信藥品,202512,-1.41,7.82
1717 長興,202512,-10.16,1.45
1718 中纖,202512,-18.22,1.81
1720 生達,202512,6.71,3.44
1721 三晃,202512,-18.3,-7.76
1722 台肥,202512,0.81,-0.29
1723 中碳,202512,-24.86,1.54
1725 元禎,202512,-22.89,0.47
1726 永記,202512,-5.66,1.94
1727 中華化,202512,-3.29,0.07
1730 花仙子,202512,-4.74,3.6
1731 美吾華,202512,10.3,1.66
1732 毛寶,202512,14.32,2.72
1733 五鼎,202512,-3.3,2.72
1734 杏輝,202512,3,2.71
1735 日勝化,202512,-15.66,3.81
1736 喬山,202512,11.48,13.68
1737 臺鹽,202512,4.38,2.13
1742 台蠟,202512,-51.63,-1.5
1752 南光,202512,-10.71,2.98
1760 寶齡富錦,202512,4.52,2.52
1762 中化生,202512,-60.39,-4.48
1773 勝一,202512,2.91,4.92
1776 展宇,202512,-21.16,1.81
1777 生泰,202512,2.76,3.61
1780 立弘,202512,14.88,4.02
1781 合世,202512,-27.19,-2.67
1783 和康生,202512,9.27,5.56
1784 訊聯,202512,4.43,0.15
1785 光洋科,202512,36.08,7.75
1786 科妍,202512,-1.49,3.24
1788 杏昌,202512,8.99,3.02
1789 神隆,202512,-2.74,0.38
1795 美時,202512,42.03,4.88
1796 金穎生技,202512,14.34,1.96
1799 易威,202512,5.54,-4.38
1802 台玻,202512,-6.65,0.74
1805 寶徠,202512,-69.77,1.12
1806 冠軍,202512,-18.35,0.45
1808 潤隆,202512,3148.33,13.87
1809 中釉,202512,-0.99,0.41
1810 和成,202512,-13.55,0.06
1813 寶利徠,202512,-3.5,-1.11
1815 富喬,202512,27.21,4.23
1817 凱撒衛,202512,-13.54,2.81
1819 豐鼎,202512,-10.02,-21.74
1903 士紙,202512,-1.73,3.68
1904 正隆,202512,-4.22,2.17
1905 華紙,202512,-7.59,1.69
1906 寶隆,202512,9.7,0.87
1907 永豐餘,202512,-8.66,0.83
1909 榮成,202512,-5.34,0.99
2002 中鋼,202512,-12.96,0.27
2006 東和鋼鐵,202512,-7.86,4.19
2007 燁興,202512,-41.39,-8.46
2008 高興昌,202512,-2.03,-0.02
2009 第一銅,202512,-10.49,0.01
2010 春源,202512,-5.98,2.95
2012 春雨,202512,-24.9,-0.06
2013 中鋼構,202512,-3.41,3.32
2014 中鴻,202512,-41.31,-2.14
2015 豐興,202512,-24.26,2.45
2017 官田鋼,202512,-24.39,-1.95
2020 美亞,202512,-13.61,2.83
2022 聚亨,202512,25.79,0.13
2023 燁輝,202512,-16.19,-2.87
2024 志聯,202512,-16.33,0.69
2025 千興,202512,-35.41,2.75
2027 大成鋼,202512,14.8,2.63
2028 威致,202512,-7.14,1.25
2029 盛餘,202512,-22.51,0.89
2030 彰源,202512,-17.65,1.29
2031 新光鋼,202512,-18.57,1.68
2032 新鋼,202512,-15.53,1.44
2033 佳大,202512,12.79,0.72
2034 允強,202512,-35.7,-0.65
2035 唐榮,202512,-38.13,-16.29
2038 海光,202512,-20.82,-2.19
2049 上銀,202512,2,1.15
2056 璋釔,202512,3.87,4.1
2059 川湖,202512,59.74,13.38
2061 風青,202512,-5.5,1.03
2062 橋椿,202512,-5.6,0.56
2063 世鎧,202512,-21.74,2.36
2064 晉椿,202512,1.96,1.63
2065 世豐,202512,-2.71,2.63
2066 世德,202512,-15.67,-0.01
2067 嘉鋼,202512,-5.42,-6.17
2069 運錩,202512,-12.83,2.17
2070 精湛,202512,21.7,4.01
2071 震南鐵,202512,-11.14,3.77
2072 世紀風電,202512,-13.51,3.86
2073 雄順,202512,-11.19,-0.42
2101 南港,202512,-16.37,9.28
2102 泰豐,202512,-7.61,50.82
2103 台橡,202512,-12.8,1.48
2104 國際中橡,202512,-16.35,-4.12
2105 正新,202512,-7.99,1.01
2106 建大,202512,0.34,0.35
2107 厚生,202512,22.12,0.36
2108 南帝,202512,-22.52,1.39
2109 華豐,202512,-14.05,2.8
2114 鑫永銓,202512,8.76,4.11
2115 六暉-KY,202512,-7.79,0.33
2201 裕隆,202512,-10.79,0.75
2204 中華,202512,15.8,2.25
2206 三陽工業,202512,0.73,2.4
2207 和泰車,202512,-1.32,5.16
2208 台船,202512,18.07,2.95
2211 長榮鋼,202512,10.62,2.01
2221 大甲,202512,-12.56,2.23
2227 裕日車,202512,-21.98,2.65
2228 劍麟,202512,-4.3,1.95
2230 泰茂,202512,-23.9,-4.82
2231 為升,202512,-28.54,-5.88
2233 宇隆,202512,-13.9,2.59
2235 謚源,202512,-14.41,1
2236 百達-KY,202512,331.72,-11.76
2237 華德動能,202512,-12.84,7.92
2239 英利-KY,202512,-6.35,-2.87
2241 艾姆勒,202512,66.69,-0.41
2243 宏旭-KY,202512,-6.41,12.36
2245 詠勝昌*,202512,0.09,9.38
2246 凱勝綠能,202512,0.18,-7.74
2247 汎德永業,202512,-13.2,2.15
2248 華勝-KY,202512,9.83,5.87
2249 湧盛,202512,-10.46,10.64
2250 IKKA-KY,202512,-14.98,0.68
2252 為昇科,202512,-15.26,-16.58
2254 巨鎧精密-創,202512,-66.6,-4.13
2255 凱銳光電,202512,-3.91,-3.62
2256 歐特明,202512,5.97,-5.92
2258 鴻華先進-創,202512,-64.01,-10.56
2301 光寶科,202512,15.81,4.44
2302 麗正,202512,3.1,0.88
2303 聯電,202512,2.36,2.7
2305 全友,202512,19.69,2.17
2308 台達電,202512,41.51,6.35
2312 金寶,202512,-5.57,1.31
2313 華通,202512,5.97,4.92
2314 台揚,202512,74.21,-81.51
2316 楠梓電,202512,21.46,3.85
2317 鴻海,202512,22.34,2.83
2321 東訊,202512,5.22,-1.08
2323 中環,202512,-0.46,7
2324 仁寶,202512,-16.71,1.3
2327 國巨*,202512,19.87,4.08
2328 廣宇,202512,-13.21,0.99
2329 華泰,202512,24.88,3.54
2330 台積電,202512,20.45,9.63
2331 精英,202512,28.84,-0.14
2332 友訊,202512,0.13,-2.05
2337 旺宏,202512,30.72,-0.67
2338 光罩,202512,-28.58,-10.02
2340 台亞,202512,-4.11,-4.64
2342 茂矽,202512,-17.42,-1.75
2344 華邦電,202512,42.44,2.87
2345 智邦,202512,84.79,15.56
2347 聯強,202512,11.45,3.75
2348 海悅,202512,-31.97,5.49
2349 錸德,202512,-1.54,-0.32
2351 順德,202512,-5.58,2.24
2352 佳世達,202512,-3.58,0.07
2353 宏碁,202512,12.63,1.78
2354 鴻準,202512,27.88,0.75
2355 敬鵬,202512,-0.72,1.51
2356 英業達,202512,-13.39,2.83
2357 華碩,202512,31.83,4.29
2359 所羅門,202512,6.28,3.49
2360 致茂,202512,42.08,8.46
2362 藍天,202512,-29.94,0.67
2363 矽統,202512,86.05,0.16
2364 倫飛,202512,5.17,6.95
2365 昆盈,202512,7.9,0.7
2367 燿華,202512,-17.23,-0.17
2368 金像電,202512,66.48,9.7
2369 菱生,202512,20.9,-0.6
2371 大同,202512,12.45,-20.88
2373 震旦行,202512,-4.88,3.15
2374 佳能,202512,99.11,3.71
2375 凱美,202512,5.79,1.08
2376 技嘉,202512,36.17,5.49
2377 微星,202512,11.89,3.06
2379 瑞昱,202512,-0.25,5.33
2380 虹光,202512,26.54,-12.27
2382 廣達,202512,53.04,9.31
2383 台光電,202512,34.29,7.88
2384 勝華,202512,-48.98,
2385 群光,202512,-12.05,1.97
2387 精元,202512,-24.49,1.72
2388 威盛,202512,-44.54,3.12
2390 云辰,202512,-16.48,-1.76
2392 正崴,202512,-22.14,-16.29
2393 億光,202512,-6.64,2.8
2395 研華,202512,9.85,5.81
2397 友通,202512,-1.77,-0.98
2399 映泰,202512,-14.32,2.07
2401 凌陽,202512,-1.07,-0.07
2402 毅嘉,202512,8.32,2.66
2404 漢唐,202512,62.59,15.19
2405 輔信,202512,14.31,-0.65
2406 國碩,202512,140.34,0.55
2408 南亞科,202512,357.69,6.77
2409 友達,202512,2.11,1.82
2412 中華電,202512,0.54,2.49
2413 環科,202512,-7.31,4.37
2414 精技,202512,3.66,3.37
2415 錩新,202512,18.24,1.67
2417 圓剛,202512,16.99,3.09
2419 仲琦,202512,-1.65,0.66
2420 新巨,202512,-1.13,4.69
2421 建準,202512,27.53,7.36
2423 固緯,202512,9.12,4.68
2424 隴華,202512,-20.38,-0.34
2425 承啟,202512,1.44,1.48
2426 鼎元,202512,-7.59,-0.6
2427 三商電,202512,68.23,2.58
2428 興勤,202512,-1.36,3.87
2429 銘旺科,202512,59.67,-5.4
2430 燦坤,202512,-6.66,0.99
2431 聯昌,202512,-34.38,-15.03
2432 倚天酷碁-創,202512,31.39,4.86
2433 互盛電,202512,-1.39,2.45
2434 統懋,202512,-14.62,-2.36
2436 偉詮電,202512,10.66,7.34
2438 翔耀,202512,-5.26,-4.49
2439 美律,202512,14.83,3.04
2440 太空梭,202512,-19.44,0.24
2441 超豐,202512,10.51,2.7
2442 新美齊,202512,1892.5,31.4
2443 昶虹,202512,,-24.48
2444 兆勁,202512,-33.57,-4.5
2449 京元電子,202512,36.57,4.61
2450 神腦,202512,15.56,2.69
2451 創見,202512,171.89,15.3
2453 凌群,202512,5.69,4.15
2454 聯發科,202512,8.8,5.51
2455 全新,202512,32.82,6.06
2457 飛宏,202512,-21.44,-2.45
2458 義隆,202512,-5.8,7.05
2459 敦吉,202512,6.75,1.44
2460 建通,202512,7,-4.74
2461 光群雷,202512,-0.78,-1.8
2462 良得電,202512,-12.71,1.11
2464 盟立,202512,-21.2,-1.08
2465 麗臺,202512,-43.01,3.5
2466 冠西電,202512,-45.79,-6.27
2467 志聖,202512,30.83,4.52
2468 華經,202512,5,2.65
2471 資通,202512,11.46,10.12
2472 立隆電,202512,4.22,5.88
2474 可成,202512,-5.89,1.61
2476 鉅祥,202512,18.79,4.2
2477 美隆電,202512,-3.35,0.24
2478 大毅,202512,0.25,1.88
2480 敦陽科,202512,-2.01,6.46
2481 強茂,202512,11.32,2.59
2482 連宇,202512,-22.28,-1.83
2483 百容,202512,-5.84,-0.35
2484 希華,202512,5.08,1.64
2485 兆赫,202512,146.82,2.23
2486 一詮,202512,1.79,0.4
2488 漢平,202512,-30.14,3
2489 瑞軒,202512,8.82,1.98
2491 吉祥全,202512,-3.82,5.81
2492 華新科,202512,4.7,1.89
2493 揚博,202512,7.21,4.8
2495 普安,202512,-0.37,4.14
2496 卓越,202512,5.22,3.77
2497 怡利電,202512,-13.37,4.56
2498 宏達電,202512,-17.41,-2.09
2501 國建,202512,-6.83,3.51
2504 國產,202512,0.75,3.75
2505 國揚,202512,1245.58,2.87
2506 太設,202512,10.1,-0.12
2509 全坤建,202512,4.43,-1
2511 太子,202512,28.29,0.76
2514 龍邦,202512,1.17,1.16
2515 中工,202512,-17.9,1
2516 新建,202512,-2.9,7.49
2520 冠德,202512,2.45,2.73
2524 京城,202512,-93.11,-0.04
2527 宏璟,202512,-96.51,0.53
2528 皇普,202512,-73.35,1.65
2530 華建,202512,-90.85,-0.35
2534 宏盛,202512,-68.77,0.65
2535 達欣工,202512,58.46,5.25
2536 宏普,202512,237.54,5.34
2537 聯上發,202512,-6.1,0.28
2538 基泰,202512,-29.86,-1.64
2539 櫻花建,202512,-43.46,7.75
2540 愛山林,202512,-49.34,0.08
2542 興富發,202512,36.86,6.28
2543 皇昌,202512,13.94,4.04
2545 皇翔,202512,-82.32,-1.39
2546 根基,202512,33.97,6.54
2547 日勝生,202512,-7.51,0.76
2548 華固,202512,29049.27,12.61
2596 綠意,202512,-25.69,3.33
2597 潤弘,202512,30.49,10.94
2599 樂揚,202512,-86.75,-0.51
2601 益航,202512,-232.71,5.88
2603 長榮,202512,-26.01,1.56
2605 新興,202512,35.02,3.34
2606 裕民,202512,9.22,3.53
2607 榮運,202512,-19.01,1.43
2608 嘉里大榮,202512,-3.9,1.82
2609 陽明,202512,-30.26,0.73
2610 華航,202512,2.29,3.89
2611 志信,202512,-4.21,1.14
2612 中航,202512,-1.5,1.88
2613 中櫃,202512,1.8,1.31
2614 東森,202512,-4.11,3.04
2615 萬海,202512,-19.61,3.75
2616 山隆,202512,1.1,-8.46
2617 台航,202512,7.41,1.95
2618 長榮航,202512,1.92,5.51
2630 亞航,202512,6.21,0.68
2633 台灣高鐵,202512,8.23,2.18
2634 漢翔,202512,-3.2,3.02
2636 台驊控股,202512,-24.93,2.77
2637 慧洋-KY,202512,9.24,4.53
2640 大車隊,202512,5.83,6.76
2641 正德,202512,34.4,1.93
2642 宅配通,202512,-9.45,-1.82
2643 捷迅,202512,35.89,2.88
2644 中信造船,202512,47.68,1.89
2645 長榮航太,202512,5.62,3.65
2646 星宇航空,202512,18.05,-0.63
2701 萬企,202512,7.31,0.38
2702 華園,202512,2.39,1.29
2704 國賓,202512,11.2,-0.56
2705 六福,202512,-3.4,5.15
2706 第一店,202512,3.77,0.48
2707 晶華,202512,6.61,10.77
2712 遠雄來,202512,-2.39,-2.76
2718 全心投控,202512,-18.62,2.06
2719 燦星旅,202512,-11.76,3.25
2722 夏都,202512,-4.43,-1.05
2723 美食-KY,202512,-11.83,3.31
2724 藝舍-KY,202512,-27.68,1.82
2726 雅茗-KY,202512,-23.89,-15.18
2727 王品,202512,10.92,6.9
2729 瓦城,202512,4.1,0.37
2731 雄獅,202512,12.57,8.03
2732 六角,202512,21.15,2.18
2733 維格餅家,202512,-9.39,-3.25
2734 易飛網,202512,21.6,-2.75
2736 富野,202512,10.53,-1.34
2739 寒舍,202512,5.85,7.93
2740 華軒,202512,-62.2,-11.68
2741 老四川,202512,-8.53,3.35
2743 山富,202512,8.02,-1.27
2745 五福,202512,17.76,6.41
2748 雲品,202512,-0.64,3.77
2751 王座,202512,35.17,5.97
2752 豆府,202512,9.92,7.71
2753 八方雲集,202512,7.85,5.67
2754 亞洲藏壽司,202512,8.15,1.37
2755 揚秦,202512,20.8,6.42
2756 聯發國際,202512,78.64,5.3
2758 路易莎咖啡,202512,27.21,4.04
2760 巨宇翔,202512,57.23,-51.73
2761 橘焱胡同,202512,9.92,-3.21
2762 世界健身-KY,202512,13.26,5.84
2801 彰銀,202512,11.11,1.67
2807 渣打銀行,202512,14.11,2.02
2809 京城銀,202512,-29.21,3.96
2812 台中銀,202512,12.69,2.64
2816 旺旺保,202512,2.63,5.69
2820 華票,202512,46.75,1.4
2823 凱基人壽,202512,16.18,3.34
2832 台產,202512,3.67,2.64
2833 台壽,202512,44.82,1.76
2834 臺企銀,202512,5.89,1.69
2836 高雄銀,202512,17,1.28
2837 凱基銀行,202512,12.96,1.96
2838 聯邦銀,202512,22.49,1.89
2845 遠東銀,202512,10.73,1.61
2848 華南保,202512,11.69,5.8
2849 安泰銀,202512,16.05,1.1
2850 新產,202512,3.45,5.97
2851 中再保,202512,24.74,6.3
2852 第一保,202512,-2.41,1.65
2855 統一證,202512,77.75,5.62
2856 元富證,202512,42.93,3.94
2867 三商壽,202512,18.87,0.6
2880 華南金,202512,11.22,2.81
2881 富邦金,202512,39.07,3.06
2882 國泰金,202512,36.28,3.55
2883 凱基金,202512,28.45,3.44
2884 玉山金,202512,36.57,3.05
2885 元大金,202512,25.77,2.95
2886 兆豐金,202512,10.08,1.74
2887 台新新光金,202512,198.09,3.09
2889 國票金,202512,26.95,1.6
2890 永豐金,202512,31.25,2.53
2891 中信金,202512,47.39,3.81
2892 第一金,202512,17.45,1.82
2893 新光銀行,202512,,5.24
2897 王道銀行,202512,16.33,0.81
2901 欣欣,202512,2.46,1.07
2903 遠百,202512,-1.98,2.17
2904 匯僑,202512,-21.51,-0.12
2905 三商,202512,1.58,0.91
2906 高林,202512,9.22,2.08
2908 特力,202512,-8.84,0.57
2910 統領,202512,-12.3,2.1
2911 麗嬰房,202512,-25.75,106.32
2912 統一超,202512,4.23,5.65
2913 農林,202512,-13.25,-0.25
2915 潤泰全,202512,-43.79,2.65
2916 滿心,202512,-0.48,6.24
2920 海景,202512,-0.64,1
2923 鼎固-KY,202512,261.17,-11.16
2924 宏太-KY,202512,50.08,-4.97
2926 誠品生活,202512,-0.09,1.56
2929 淘帝-KY,202512,-31.31,-5.48
2937 集雅社,202512,9.97,8.21
2938 床的世界,202512,-12.03,1.9
2939 永邑-KY,202512,-30.88,-3.84
2940 歐都納,202512,-2.03,5.04
2941 米斯特,202512,1.38,1.21
2942 京站,202512,-1.61,7.63
2945 三商家購,202512,3.71,2.27
2947 振宇五金,202512,3.56,1.47
2948 寶陞,202512,-4.26,1.61
2949 欣新網,202512,17.98,3.48
3002 歐格,202512,24.59,-0.95
3003 健和興,202512,-1.61,1.26
3004 豐達科,202512,22.51,2.65
3005 神基,202512,12.43,4.79
3006 晶豪科,202512,52.36,10.71
3008 大立光,202512,-5.44,3.63
3010 華立,202512,-0.91,2.94
3011 今皓,202512,-40.1,-8.98
3013 晟銘電,202512,13.9,6.55
3014 聯陽,202512,-8.11,4.43
3015 全漢,202512,-0.97,0.5
3016 嘉晶,202512,9.22,0.95
3017 奇鋐,202512,128.54,15.75
3018 隆銘綠能,202512,-69.88,2.35
3019 亞光,202512,10.44,2.12
3021 鴻名,202512,5.72,-0.91
3022 威強電,202512,-4.76,3.46
3023 信邦,202512,-8.88,4.41
3024 憶聲,202512,-80.31,-0.49
3025 星通,202512,97.98,15.68
3026 禾伸堂,202512,3.88,2.62
3027 盛達,202512,-35.44,-8
3028 增你強,202512,29.03,4.49
3029 零壹,202512,6.69,4.64
3030 德律,202512,39.49,7.43
3031 佰鴻,202512,12.72,1.07
3032 偉訓,202512,56.02,-22.78
3033 威健,202512,13.52,3.59
3034 聯詠,202512,-9.68,5.62
3035 智原,202512,-4.91,1.66
3036 文曄,202512,30.63,4.03
3037 欣興,202512,18.07,3.81
3038 全台,202512,-19.83,1.57
3040 遠見,202512,-4.76,0.07
3041 揚智,202512,-56.03,-22.78
3042 晶技,202512,-0.1,2.9
3043 科風,202512,-29.03,-9.99
3044 健鼎,202512,11.35,4.77
3045 台灣大,202512,1.13,4.82
3046 建碁,202512,66.58,3.27
3047 訊舟,202512,-55.37,-4.5
3048 益登,202512,-5.81,4.58
3049 精金,202512,8.26,0.82
3050 鈺德,202512,5.27,0.24
3051 力特,202512,-10.13,3.14
3052 夆典,202512,21.79,0.82
3054 立萬利,202512,38.23,10.79
3055 蔚華科,202512,39.8,-6.46
3056 富華新,202512,-97.72,-0.06
3057 喬鼎,202512,8.16,-6.9
3058 立德,202512,3.06,-11.09
3059 華晶科,202512,7.72,1.09
3060 銘異,202512,19.46,0.44
3062 建漢,202512,0.67,-5.78
3064 泰偉,202512,-15.05,-18.24
3066 李洲,202512,2.87,1.42
3067 全域,202512,131.52,-0.19
3071 協禧,202512,2.72,0.98
3073 天方能源,202512,6.7,-1.27
3078 僑威,202512,-23.73,3.48
3081 聯亞,202512,122.44,4.65
3083 網龍,202512,46.74,1.95
3085 新零售,202512,11.27,-1.71
3086 華義*,202512,15.99,-0.64
3088 艾訊,202512,3.44,4.11
3090 日電貿,202512,20.98,3.59
3092 鴻碩,202512,-6.89,-6.13
3093 港建*,202512,-42.87,2.47
3094 聯傑,202512,-2.42,0.67
3095 及成,202512,21.54,5.77
3097 拍檔,202512,11.85,2.49
3105 穩懋,202512,29.37,2.34
3114 好德,202512,0.73,2.42
3115 富榮綱,202512,-32.82,-0.66
3117 年程,202512,3.44,-36.15
3118 進階,202512,-8.16,3.22
3122 笙泉,202512,-17.91,-3.5
3128 昇銳,202512,-16.67,3.22
3130 一零四,202512,6.9,5.48
3131 弘塑,202512,75.94,11.51
3135 凌航,202512,51.48,17.87
3138 耀登,202512,14.89,2.89
3141 晶宏,202512,-1.03,1.29
3147 大綜,202512,29.36,6.58
3149 正達,202512,19.74,-5.39
3150 鈺寶-創,202512,-18.49,-2.89
3152 璟德,202512,-24.14,2.08
3158 嘉實,202512,-0.48,8.63
3162 精確,202512,23.63,1.87
3163 波若威,202512,30.7,7.95
3164 景岳,202512,10.72,1.57
3167 大量,202512,56.6,7.27
3168 眾福科,202512,6.85,2.62
3169 亞信,202512,-1.1,3.11
3171 炎洲流通,202512,56.94,5.14
3176 基亞,202512,-1.2,-4.65
3178 公準,202512,-11.6,-0.43
3184 微邦,202512,-5.54,1.59
3188 鑫龍騰,202512,394.56,6.6
3189 景碩,202512,34.42,2.3
3191 雲嘉南,202512,-24.52,-0.75
3205 佰研,202512,-66.45,-1.12
3206 志豐,202512,-15.62,1.8
3207 耀勝,202512,45.77,-2.98
3209 全科,202512,18.58,6.59
3211 順達,202512,35.22,4
3213 茂訊,202512,-16.62,1.97
3217 優群,202512,8.59,6.34
3218 大學光,202512,-0.48,7.28
3219 倚強科,202512,78.92,-1.83
3221 台嘉碩,202512,8.06,1.34
3224 三顧,202512,8.69,-2.72
3226 龍鋒,202512,-28.54,2.04
3227 原相,202512,-0.71,3.77
3228 金麗科,202512,12.18,-5.45
3229 晟鈦,202512,26.38,1.37
3230 錦明,202512,-7.25,-3.91
3231 緯創,202512,142.59,6.81
3232 昱捷,202512,-40.75,0.03
3234 光環,202512,17.49,-6.67
3236 千如,202512,22.29,1.37
3252 海灣,202512,-0.3,0.64
3257 虹冠電,202512,59.57,3.55
3259 鑫創,202512,47.61,-10.53
3260 威剛,202512,60.87,18.78
3264 欣銓,202512,20.35,4.53
3265 台星科,202512,13.69,3.85
3266 昇陽,202512,-83.69,1.93
3268 海德威,202512,0.27,0.42
3272 東碩,202512,-9.81,-16.37
3276 宇環,202512,-12.9,-0.25
3284 太普高,202512,50.04,6.85
3285 微端,202512,-4.34,2.84
3287 廣寰科,202512,35.7,9.32
3288 點晶,202512,-16.17,-1.27
3289 宜特,202512,11.22,1.15
3290 東浦,202512,23.99,3.78
3293 鈊象,202512,12.46,17
3294 英濟,202512,-18.19,0.33
3296 勝德,202512,-11.67,-0.58
3297 杭特,202512,26.25,-0.41
3303 岱稜,202512,-1.46,4.2
3305 昇貿,202512,27.03,1.5
3306 鼎天,202512,-4.83,0.2
3308 聯德,202512,80.88,2.48
3310 佳穎,202512,13.64,1.8
3311 閎暉,202512,-16.93,1.39
3312 弘憶股,202512,12.35,4.98
3313 斐成,202512,-22.45,-0.49
3317 尼克森,202512,0.71,-0.43
3321 同泰,202512,7.32,-8.97
3322 建舜電,202512,-5.66,-1.68
3323 加百裕,202512,-18.6,-1.42
3324 雙鴻,202512,84.17,8.98
3325 旭品,202512,4.67,-6.23
3332 幸康,202512,2.43,1.66
3338 泰碩,202512,-13.44,1.58
3339 泰谷,202512,41.22,-3.86
3342 飛虹科,202512,16.28,-12.81
3346 麗清,202512,-14.69,2.51
3349 寶德,202512,-40.62,-4.82
3354 律勝,202512,-11.06,-1.15
3356 奇偶,202512,-14.26,10.22
3357 臺慶科,202512,20.74,2.92
3360 尚立,202512,41.99,0.65
3362 先進光,202512,2.14,0.32
3363 上詮,202512,8.59,-0.88
3369 鐵研,202512,-3.05,-0.58
3372 典範,202512,36.83,-1.77
3373 熱映,202512,-21.35,-0.98
3374 精材,202512,14.25,5.41
3376 新日興,202512,-29.25,0.45
3379 彬台,202512,95.57,9.59
3380 明泰,202512,13.84,0.57
3388 崇越電,202512,-3.92,1.78
3390 旭軟,202512,3.47,0.87
3402 漢科,202512,0.03,5.05
3406 玉晶光,202512,30.74,4.66
3413 京鼎,202512,8.92,3.43
3416 融程電,202512,20.75,4.87
3419 譁裕,202512,-5.03,-5.4
3426 台興,202512,-40.72,1.02
3430 奇鈦科,202512,24.92,3.05
3432 台端,202512,261.89,-3.8
3434 哲固,202512,-13.25,1.14
3437 榮創,202512,-22.06,-4.07
3438 類比科,202512,-5.01,0.94
3441 聯一光,202512,30.49,2.24
3443 創意,202512,105.88,9.42
3444 利機,202512,11.29,2.17
3447 展達,202512,15.03,1.97
3450 聯鈞,202512,-14.32,4.51
3454 晶睿,202512,-22.65,1.86
3455 由田,202512,-35.46,3.13
3465 進泰電子,202512,-22.92,-0.34
3466 德晉,202512,-86.06,-1.57
3467 台灣精材,202512,0.13,0.81
3473 智通聯網,202512,63.53,4.38
3479 安勤,202512,7.95,2.83
3481 群創,202512,5.7,0.03
3483 力致,202512,-9.45,1.25
3484 崧騰,202512,-9.81,2.23
3485 敘豐,202512,-11.38,4.6
3489 森寶,202512,-81.69,0.29
3490 單井,202512,-18.99,-1.63
3491 昇達科,202512,35.94,6.82
3492 長盛,202512,-4.15,0.8
3494 誠研,202512,2.41,-9.21
3498 陽程,202512,57.18,3.82
3499 環天科,202512,-29.95,-1.89
3501 維熹,202512,-9.33,0.72
3504 揚明光,202512,1,-0.27
3508 位速,202512,-6.81,-9.34
3511 矽瑪,202512,-6.69,-1.19
3512 皇龍,202512,165.34,7.3
3515 華擎,202512,48.9,5
3516 亞帝歐,202512,4.74,0.89
3518 柏騰,202512,-13.28,-4.46
3520 華盈,202512,2.37,-0.13
3521 台鋼建設,202512,157.17,-1.24
3522 御嵿,202512,19.13,-5.21
3523 迎輝,202512,-25.96,0.36
3526 凡甲,202512,17.28,7.7
3527 聚積,202512,-17.89,-1.54
3528 安馳,202512,112.87,7.25
3529 力旺,202512,3.72,16.15
3530 晶相光,202512,48.21,4.12
3531 先益,202512,-25.89,2.47
3532 台勝科,202512,4.87,1.24
3533 嘉澤,202512,11.56,6.7
3535 晶彩科,202512,230.67,5.25
3537 堡達,202512,11.41,5.5
3540 曜越,202512,24.61,0.91
3541 西柏,202512,-2.98,-0.83
3543 州巧,202512,-2.05,-4.27
3545 敦泰,202512,-33.12,-14.35
3546 宇峻,202512,19.74,5.92
3548 兆利,202512,-26.06,1.68
3550 聯穎,202512,-4.77,-3.21
3551 世禾,202512,25.48,3.08
3552 同致,202512,0.91,0.66
3555 博士旺,202512,380.83,11.8
3556 禾瑞亞,202512,13.09,4.25
3557 嘉威,202512,-21.68,0.96
3558 神準,202512,-4.94,0.56
3563 牧德,202512,9.51,4.66
3564 其陽,202512,4.28,0.57
3567 逸昌,202512,-0.3,2.22
3570 大塚,202512,-18.22,4.74
3572 宏芯,202512,-31.76,40.72
3576 聯合再生,202512,-61.1,-2.17
3577 泓格,202512,16.68,3.01
3580 友威科,202512,-25.55,1.87
3581 博磊,202512,41.47,4.73
3583 辛耘,202512,9.49,5.53
3585 聯致,202512,8.85,-2.41
3587 閎康,202512,13.99,2.61
3588 通嘉,202512,-0.45,0.46
3591 艾笛森,202512,-18.16,-0.56
3592 瑞鼎,202512,-6.94,2.76
3593 力銘,202512,-20.76,9.69
3594 磐儀,202512,10.07,2.68
3595 山太士,202512,249.52,19.98
3596 智易,202512,7.58,4.09
3597 映興,202512,-4.68,1.51
3601 前源,202512,26,-7.59
3603 建祥國際,202512,-10.39,-7.01
3605 宏致,202512,0.85,1.75
3607 谷崧,202512,-30.23,-0.18
3609 三一東林,202512,214.51,-6.35
3611 鼎翰,202512,8.31,5.23
3615 安可,202512,-24.96,1.03
3617 碩天,202512,-14.38,2.97
3622 洋華,202512,52.86,2.46
3623 富晶通,202512,24.87,0.57
3624 光頡,202512,11.9,2.25
3625 西勝,202512,3.28,-8.9
3628 盈正,202512,-11.03,2.64
3629 地心引力,202512,148055.56,6.11
3630 新鉅科,202512,22.13,-2.07
3631 晟楠,202512,-87.17,-0.66
3632 研勤,202512,-6.07,2.29
3633 云光,202512,-11.38,14.17
3645 達邁,202512,-2.49,2.39
3646 艾恩特,202512,-3.44,0.12
3652 精聯,202512,0.92,1.58
3653 健策,202512,19.29,6.79
3659 百辰,202512,-2.86,7.02
3661 世芯-KY,202512,-63.83,3.78
3663 鑫科,202512,28.05,-0.06
3664 安瑞-KY,202512,-119.22,-158.71
3665 貿聯-KY,202512,37.25,6.18
3666 光耀,202512,-26.67,-8.46
3669 圓展,202512,16.23,2.42
3672 康聯訊,202512,-43.16,-8.57
3673 TPK-KY,202512,-9.11,0.18
3675 德微,202512,-5.24,2.53
3678 聯享,202512,8.47,9.08
3679 新至陞,202512,-17.16,4.79
3680 家登,202512,53.84,4.73
3684 榮昌,202512,0.94,4.1
3685 元創精密,202512,14.27,-2.81
3686 達能,202512,11.34,-2.17
3687 歐買尬,202512,8.77,0.97
3689 湧德,202512,17.28,3.92
3691 碩禾,202512,158.1,0.92
3693 營邦,202512,-28.61,1.57
3694 海華,202512,12.64,3.27
3701 大眾控,202512,-26.73,-5.95
3702 大聯大,202512,10.25,3.73
3703 欣陸,202512,59.91,2.51
3704 合勤控,202512,-24.59,1.58
3705 永信,202512,0.18,3.26
3706 神達,202512,30.18,2.92
3707 漢磊,202512,12.19,-1.79
3708 上緯投控,202512,-87.99,-2.81
3709 鑫聯大投控,202512,19.47,12.61
3710 連展投控,202512,-11.02,-12.55
3711 日月光投控,202512,9.65,4.21
3712 永崴投控,202512,-41.26,-68.73
3713 新晶投控,202512,7.76,-6.48
3714 富采,202512,-5.43,-1.65
3715 定穎投控,202512,16.97,0.9
3716 中化控股,202512,-5.03,0.84
3717 聯嘉投控,202512,13.39,2.38
4102 永日,202512,11.32,-0.17
4104 佳醫,202512,0.12,2
4105 東洋,202512,-2.92,4.14
4106 雃博,202512,1.76,1.15
4107 邦特,202512,12.48,4.42
4108 懷特,202512,-10.5,-1.34
4109 加捷生醫,202512,2.58,1.67
4111 濟生,202512,4.68,3.36
4113 聯上,202512,-97.13,-1.46
4114 健喬,202512,5.33,1.37
4115 善德生技,202512,-1.66,0.46
4116 明基醫,202512,4.23,2.5
4117 普生,202512,-25.34,115.44
4118 友合生技,202512,355.98,9.86
4119 旭富,202512,-11.54,0.72
4120 友華,202512,5.62,-2.65
4121 優盛,202512,-1.93,-1.05
4123 晟德,202512,-10.93,29.41
4126 太醫,202512,-9.83,3.01
4127 天良,202512,51.53,-0.56
4128 中天,202512,7.54,-1.05
4129 聯合,202512,15.2,3.23
4130 健亞,202512,1,-0.27
4131 浩泰,202512,469.83,-5.04
4132 國鼎,202512,134.44,-50.36
4133 亞諾法,202512,-4.66,0.84
4137 麗豐-KY,202512,7.33,2.99
4138 曜亞,202512,-10.71,2.52
4139 馬光-KY,202512,-3.88,-11.8
4142 國光生,202512,36.76,4.05
4147 中裕,202512,2.83,-1.76
4148 全宇生技-KY,202512,17.08,1.77
4150 優你康,202512,-23.42,-27.25
4153 鈺緯,202512,2.89,2.94
4154 樂威科-KY,202512,5.23,-2.82
4155 訊映,202512,-19.76,2.32
4157 太景*-KY,202512,2104.37,20.81
4160 訊聯基因,202512,9.01,1.99
4161 聿新科,202512,3.51,2.69
4162 智擎,202512,-84.83,2.7
4163 鐿鈦,202512,-0.13,2.85
4164 承業醫,202512,18.4,1.32
4166 友霖,202512,38.4,3.65
4167 松瑞藥,202512,15.5,2.33
4168 醣聯,202512,38.61,-8.07
4169 泰宗,202512,1.8,-0.42
4170 鑫品生醫,202512,-19,21.02
4171 瑞基,202512,31.69,0.39
4172 因華,202512,144.69,-27.61
4173 久裕,202512,19.23,0.59
4174 浩鼎,202512,80.44,-16.66
4175 杏一,202512,3.29,3.4
4178 永笙-KY,202512,-15.67,-2.8
4183 福永生技,202512,2.16,-0.9
4186 尖端醫,202512,-3.49,11.88
4188 安克,202512,-72.08,-3.04
4190 佐登-KY,202512,11.56,0.77
4192 杏國,202512,11.93,-4.91
4194 禾生技,202512,-100,-31.33
4195 基米-創,202512,42.53,-5.28
4197 暐世,202512,27.65,1.5
4198 欣大健康,202512,-2.5,-3.54
4205 中華食,202512,-0.31,4.97
4207 環泰,202512,-5.06,2.76
4303 信立,202512,7.53,2.39
4304 勝昱,202512,-17.09,-4.38
4305 世坤,202512,-2.35,5.5
4306 炎洲,202512,11.06,0.32
4401 東隆興,202512,-5.2,1.16
4402 郡都開發,202512,88.36,-0.24
4406 新昕纖,202512,-25.06,-1.47
4413 飛寶企業,202512,56.77,7.28
4414 如興,202512,-8.09,3.76
4416 三圓,202512,200.1,3.56
4417 金洲,202512,3.35,3.27
4419 皇家美食,202512,4.19,-5.79
4420 光明,202512,9.46,0.8
4426 利勤,202512,-2.19,-5.51
4427 展頌,202512,-18.32,-4.73
4430 耀億,202512,-10.05,0.24
4431 敏成健康,202512,3.54,-2.02
4432 銘旺實,202512,-14.32,3.1
4433 興采,202512,25.73,5.04
4438 廣越,202512,35.5,-0.07
4439 冠星-KY,202512,24.92,0.03
4440 宜新實業,202512,11.01,3.11
4441 振大環球,202512,26.35,3.43
4442 竣邦-KY,202512,8.93,4.93
4502 健信,202512,-19.17,-4.39
4503 金雨,202512,16.75,2.77
4506 崇友,202512,-19.71,4.53
4510 高鋒,202512,41,-0.96
4513 福裕,202512,-4.34,-6.13
4523 永彰,202512,-48.54,-5.3
4526 東台,202512,-19.36,-4.2
4527 方方土霖,202512,4.28,8.74
4528 江興鍛,202512,4.09,0.23
4529 淳紳,202512,-21.67,-4.86
4530 宏易,202512,242.3,7.32
4532 瑞智,202512,-20.01,2.64
4533 協易機,202512,7.86,0.99
4534 慶騰,202512,1.04,7.14
4535 至興,202512,-19.76,1.96
4536 拓凱,202512,-29.65,2.97
4537 旭東,202512,-8.79,13.42
4538 大詠城,202512,42.19,0.57
4540 全球傳動,202512,22.35,1.37
4541 晟田,202512,19.62,4.19
4542 科嶠,202512,105.46,1.65
4543 萬在,202512,18.29,2.09
4544 春日,202512,-31.2,-0.6
4545 銘鈺,202512,-0.89,0.57
4546 長亨,202512,59.17,8.22
4549 桓達,202512,-13.23,2.7
4550 長佳,202512,21.57,2.76
4551 智伸科,202512,3.22,3.18
4552 力達-KY,202512,-10.51,0.67
4553 盛復,202512,4.32,0.66
4554 橙的,202512,0.35,4.24
4555 氣立,202512,3.71,0.66
4556 旭然,202512,10.4,2.28
4557 永新-KY,202512,-19.33,2.83
4558 寶緯,202512,-21.83,-0.14
4559 久裕興,202512,-16.44,4.52
4560 強信-KY,202512,2,3.05
4561 健椿,202512,-12.76,1.3
4562 穎漢,202512,-36.56,-5.01
4563 百德,202512,-11.67,-11.52
4564 元翎,202512,-28.37,-1.81
4565 宏偉,202512,-9.64,11.71
4566 時碩工業,202512,1.61,1.55
4568 科際精密,202512,31.88,2.56
4569 六方科-KY,202512,14.98,1.01
4570 傑生,202512,3.6,4.45
4571 鈞興-KY,202512,-11.87,3.91
4572 駐龍,202512,-19.59,2.03
4573 高明鐵,202512,11.93,-0.99
4575 銓寶,202512,10.65,3.02
4576 大銀微系統,202512,22.02,2.18
4577 達航科技,202512,-4.07,0.96
4580 捷流閥業,202512,-14,1.64
4581 光隆精密-KY,202512,0.95,2.34
4582 聚恆,202512,15.29,7.4
4583 台灣精銳,202512,4.15,2.89
4584 君帆,202512,-19.8,2.33
4585 達明,202512,21,0.93
4587 寶元數控,202512,-1.22,-19.07
4588 玖鼎電力,202512,-8.06,6.27
4589 碩陽電機,202512,-20.69,3.51
4590 富田-創,202512,-22.99,3.21
4609 唐鋒,202512,29.85,-1.31
4702 中美實,202512,-65.88,3.68
4706 大恭,202512,12.25,2.19
4707 磐亞,202512,-22.58,1.89
4711 永純,202512,1.74,0.21
4712 福格創新,202512,76.8,-24.16
4714 永捷,202512,62.6,-0.87
4716 大立,202512,-7.68,-0.56
4720 德淵,202512,-4.28,1.19
4721 美琪瑪,202512,0.72,5.21
4722 國精化,202512,-10.11,2.17
4724 宣捷幹細胞,202512,-6.25,-5.08
4726 永昕,202512,46.7,-3.24
4728 雙美,202512,6.07,10.31
4729 熒茂,202512,4.23,0.42
4730 通用,202512,-14.96,0.69
4732 彥臣,202512,-3.77,-11.96
4735 豪展,202512,18.96,2.84
4736 泰博,202512,-11.88,3.83
4737 華廣,202512,-14.98,-5.07
4738 大同精化,202512,6.69,3.97
4739 康普,202512,113.02,2.16
4741 泓瀚,202512,-12.72,1.12
4743 合一,202512,37.56,-0.31
4744 皇將,202512,9.3,6.6
4745 合富-KY,202512,-44.17,-4.24
4746 台耀,202512,-3.5,1.46
4747 強生,202512,1.83,-0.17
4749 新應材,202512,18.48,2.89
4754 國碳科,202512,-11.79,1.4
4755 三福化,202512,-28.8,2.43
4760 勤凱,202512,35.43,7.62
4763 材料*-KY,202512,-38.89,6.02
4764 雙鍵,202512,3.47,2.34
4765 磐采,202512,-18.35,-3.65
4766 南寶,202512,-3.13,4.19
4767 誠泰科技,202512,-23.42,2.16
4768 晶呈科技,202512,147.32,1.23
4770 上品,202512,-35.02,1.79
4771 望隼,202512,24.84,5.4
4772 台特化,202512,240.59,6.61
4773 高福,202512,-5.18,2.44
4804 大略-KY,202512,5.73,-65.82
4806 桂田文創,202512,-14.94,-1.48
4807 日成-KY,202512,-7.5,1.15
4903 聯光通,202512,40.86,1.88
4904 遠傳,202512,12.06,4.07
4905 台聯電,202512,19.79,1.12
4906 正文,202512,-41.11,0.81
4907 富宇,202512,-98.95,-0.85
4908 前鼎,202512,-33.27,2.72
4909 新復興,202512,-90.35,0.78
4911 德英,202512,-3.69,2.99
4912 聯德控股-KY,202512,23.78,0.67
4915 致伸,202512,13.05,2.23
4916 事欣科,202512,34.06,2.4
4919 新唐,202512,-3.16,-5.15
4923 力士,202512,23.26,-4.13
4924 欣厚-KY,202512,-33.04,1.02
4925 智微,202512,14.99,-3.26
4927 泰鼎-KY,202512,-13.27,-15.02
4930 燦星網,202512,-28.19,0.13
4931 新盛力,202512,92.46,8.71
4933 友輝,202512,-18.45,4.44
4934 太極,202512,2.68,-6.69
4935 茂林-KY,202512,-36.94,0.5
4938 和碩,202512,-2.29,2.69
4939 亞電,202512,-5.78,0.74
4942 嘉彰,202512,17.69,2.07
4943 康控-KY,202512,24.36,-23.14
4946 辣椒,202512,331.78,5.46
4949 有成精密,202512,3.38,1.77
4950 金耘國際,202512,-1.4,1.22
4951 精拓科,202512,4,8.04
4952 凌通,202512,-2.6,0.11
4953 緯軟,202512,19.97,4.54
4956 光鋐,202512,-2.45,1.43
4958 臻鼎-KY,202512,1.31,2.84
4960 誠美材,202512,3.49,-3.52
4961 天鈺,202512,-22.59,1.16
4966 譜瑞-KY,202512,-5.64,2.51
4967 十銓,202512,94.36,18.34
4968 立積,202512,6.03,4.43
4971 IET-KY,202512,41.44,3.15
4972 湯石照明,202512,-22.68,-1.04
4973 廣穎,202512,-3.77,7.05
4974 亞泰,202512,-38.01,2.21
4976 佳凌,202512,-6.97,-2.98
4977 眾達-KY,202512,-36.03,1.93
4979 華星光,202512,10.14,6.22
4980 佐臻,202512,96.77,4.23
4987 科誠,202512,2.22,5.22
4989 榮科,202512,38.78,-1.3
4991 環宇-KY,202512,44.55,2.18
4994 傳奇,202512,-17.29,1.61
4995 晶達,202512,5.17,5.66
4999 鑫禾,202512,1.55,-0.75
5007 三星,202512,-1.73,4.12
5009 榮剛,202512,-7.94,2.95
5011 久陽,202512,-5.98,-6.58
5013 強新,202512,-8.24,1.99
5014 建錩,202512,-13.21,-4.84
5015 華祺,202512,-27.57,2.06
5016 松和,202512,-4.55,1.76
5201 凱衛,202512,23.85,0.29
5202 力新,202512,-30.2,-0.31
5203 訊連,202512,25.08,1.81
5205 中茂,202512,-29.3,-7.23
5206 坤悅,202512,-48.42,-1.14
5209 新鼎,202512,18.92,10.09
5210 寶碩,202512,8.41,5.68
5211 蒙恬,202512,61.68,-0.81
5212 凌網,202512,12.59,10.96
5213 亞昕,202512,-1,6.71
5215 科嘉-KY,202512,-7.89,1.25
5216 優燈,202512,32.99,11.21
5220 萬達光電,202512,-17.01,-1.43
5222 全訊,202512,-20.25,2.3
5223 安力-KY,202512,1.19,-1.84
5225 東科-KY,202512,-21.01,1.4
5227 立凱-KY,202512,-63.46,-30.52
5228 鈺鎧,202512,47.82,5.41
5230 雷笛克光學,202512,-11.3,-0.33
5234 達興材料,202512,11.15,6.11
5236 凌陽創新,202512,-6.64,4.88
5240 建騰,202512,32.43,11.88
5243 乙盛-KY,202512,-20.89,2.17
5244 弘凱,202512,0.06,-0.53
5245 智晶,202512,-21.62,-11.18
5246 勵威,202512,-9.05,-11.1
5248 景傳,202512,-15.87,-2.45
5251 天鉞電,202512,-35.22,1.37
5254 欣訊科技,202512,11.46,6.62
5258 虹堡,202512,8.61,6.61
5262 立達,202512,-1.31,5.17
5263 智崴,202512,-16.92,0.21
5267 龍翩,202512,-4.08,4.48
5269 祥碩,202512,85.31,4.36
5271 紘通,202512,22.7,10.22
5272 笙科,202512,-4.57,-3.06
5274 信驊,202512,16.13,17.19
5276 達輝-KY,202512,-12.68,2.12
5278 尚凡*,202512,8.99,2.46
5283 禾聯碩,202512,0.56,2.58
5284 jpp-KY,202512,61.7,4.23
5285 界霖,202512,2.56,1.86
5287 數字,202512,-0.41,9.94
5288 豐祥-KY,202512,-3.62,4.08
5289 宜鼎,202512,115.74,10.14
5291 邑昇,202512,11.6,0.22
5292 華懋,202512,4.63,6.94
5295 懷藝,202512,0.84,0.17
5297 廣化,202512,5.13,5.51
5299 杰力,202512,-25.14,2.01
5301 寶得利,202512,6.41,-10.07
5302 太欣,202512,113.84,1.02
5306 桂盟,202512,-8.21,2.03
5309 系統電,202512,14.22,0.69
5310 天剛,202512,-79.12,-4.83
5312 寶島科,202512,14.97,1.76
5314 世紀*,202512,317.59,43.02
5315 光聯,202512,8.08,2.31
5321 美而快,202512,-19.54,-1.38
5324 士開,202512,-58.73,4.17
5328 華容,202512,-6.9,1.72
5340 建榮,202512,13.1,3.56
5344 立衛,202512,11.8,0
5345 馥鴻,202512,417.15,-0.28
5346 力晶,202512,4.31,11.86
5347 世界,202512,9.01,2.15
5348 正能量智能,202512,-6.08,-2.66
5351 鈺創,202512,134.7,1.33
5353 台林,202512,11.29,2.01
5355 佳總,202512,16.34,-6.55
5356 協益,202512,-20.69,0.68
5364 力麗店,202512,-49.98,0.07
5371 中光電,202512,14.26,0.78
5381 合正,202512,-4.92,1.04
5386 青雲,202512,74.56,24.25
5387 茂德,202512,17.96,-7.8
5388 中磊,202512,16.82,1.66
5392 能率,202512,-7.58,-0.02
5398 慕康生醫,202512,-15.83,0.54
5403 中菲,202512,0.94,7.65
5410 國眾,202512,-25.91,3.37
5425 台半,202512,3.46,3.59
5426 振發,202512,-11.69,0.81
5432 新門,202512,46.45,6.48
5434 崇越,202512,8.75,6.22
5438 東友,202512,-28.72,-0.47
5439 高技,202512,131.98,10.45
5443 均豪,202512,-17.26,1.56
5450 南良,202512,-10.28,1.23
5452 佶優,202512,-18.46,0.16
5455 昇益,202512,-99.8,-0.34
5457 宣德,202512,-3.05,3.88
5460 同協,202512,-19.05,0.2
5464 霖宏,202512,18.15,3.03
5465 富驊,202512,-16.57,-0.6
5468 凱鈺,202512,90.55,-4.35
5469 瀚宇博,202512,51.1,1.94
5471 松翰,202512,-3.97,1.04
5474 聰泰,202512,6.87,2.71
5475 德宏,202512,70.01,1.39
5478 智冠,202512,10.79,3.37
5481 新華,202512,-1.61,-0.04
5483 中美晶,202512,-2.42,2.77
5484 慧友,202512,75.75,1.13
5487 通泰,202512,-19.74,0.18
5488 松普,202512,-1.29,0.54
5489 彩富,202512,-2.64,2.83
5490 同亨,202512,9.29,3.07
5493 三聯,202512,16.37,2.66
5498 凱崴,202512,39.78,1.63
5508 永信建,202512,-22.4,3.16
5511 德昌,202512,31.74,6.85
5512 力麒,202512,2.58,0.76
5514 三豐,202512,-99.79,-0.66
5515 建國,202512,-6.4,6.28
5516 雙喜,202512,10.68,-2.06
5519 隆大,202512,-61.92,2.34
5520 力泰,202512,-1.24,3.79
5521 工信,202512,2.85,1.28
5522 遠雄,202512,349.53,9.26
5523 豐謙,202512,-72.98,-0.07
5525 順天,202512,8.95,9.39
5529 鉅陞,202512,4727.82,20.76
5530 龍巖,202512,-30.73,1.17
5531 鄉林,202512,-93.69,-1.98
5533 皇鼎,202512,-60.18,0.4
5534 長虹,202512,-23.31,5.29
5536 聖暉*,202512,15.58,6.75
5538 東明-KY,202512,-3.84,2.13
5541 廣朋實業,202512,40.68,-7.99
5543 桓鼎-KY,202512,-4.4,-0.89
5546 永固-KY,202512,-51.17,-5
5547 久舜,202512,20.85,4.48
5548 安倉,202512,18.67,4.46
5601 台聯櫃,202512,1.96,0.46
5603 陸海,202512,-13.58,1.37
5604 中連,202512,1.8,1.11
5607 遠雄港,202512,25.05,2.2
5608 四維航,202512,-7.67,-0.28
5609 中菲行,202512,-9.44,4.35
5701 劍湖山,202512,21.59,3.15
5703 亞都,202512,9.1,6.11
5704 老爺知,202512,123.39,2.01
5706 鳳凰,202512,-12.78,3.23
5828 富邦保,202512,10.04,6.84
5831 D新光人壽,202512,0.83,2.72
5833 元大證金,202512,-14.67,0.6
5834 兆豐保險,202512,5.74,1.04
5835 國泰世華,202512,12.56,2.77
5836 台北富邦銀,202512,13.84,2.13
5838 華銀,202512,5.23,2.24
5839 中華開發資本,202512,17.66,1.33
5840 國票,202512,63.35,1.42
5841 中信銀,202512,17.76,3.5
5842 兆豐票券,202512,29.16,1.37
5843 兆豐銀行,202512,6.69,1.48
5844 一銀,202512,13.8,1.69
5846 國壽,202512,16.06,2.96
5847 玉山銀,202512,32.18,2.64
5848 台新銀,202512,18.79,2.81
5849 永豐銀行,202512,15.76,1.71
5852 元大銀,202512,6.25,1.47
5854 合庫,202512,17.02,1.6
5859 遠壽,202512,-3.84,-1.2
5863 瑞興銀,202512,-17.15,0.87
5864 致和證,202512,779.09,8.03
5865 富邦人壽,202512,-4.6,2.33
5868 臺灣金控,202512,79.28,1.45
5871 中租-KY,202512,-4.61,2.65
5876 上海商銀,202512,5.09,0.95
5878 台名,202512,3.25,3.56
5880 合庫金,202512,28.06,1.86
5901 中友,202512,3.82,1.64
5902 德記,202512,-0.63,3.38
5903 全家,202512,8.12,4.72
5904 寶雅,202512,9.61,12.52
5905 南仁湖,202512,38.94,-6.37
5906 台南-KY,202512,1.99,0.73
5907 大洋-KY,202512,-15.59,-7.66
6005 群益證,202512,30.99,3.76
6008 凱基證,202512,20.32,5.04
6015 宏遠證,202512,131.72,3.62
6016 康和證,202512,50.73,5.49
6020 大展證,202512,354.02,0.33
6021 美好證,202512,118.69,4.33
6023 元大期,202512,11,3.38
6024 群益期,202512,-5.7,3.61
6026 福邦證,202512,114.21,6.92
6027 德信,202512,303.61,10.12
6028 公勝保經,202512,-3.96,7.04
6035 悠遊卡,202512,5.06,13.13
6101 寬魚國際,202512,-48.6,1.39
6103 合邦,202512,57.01,3.37
6104 創惟,202512,4.68,3.94
6108 競國,202512,-3.03,0.14
6109 亞元,202512,37.87,0.48
6111 光聚晶電,202512,98.01,-13.06
6112 邁達特,202512,14.11,2.76
6113 亞矽,202512,4.55,-1.23
6114 久威,202512,-12.02,1.81
6115 鎰勝,202512,1.67,2.96
6116 彩晶,202512,-3.2,-2.48
6117 迎廣,202512,13.89,6.74
6118 建達,202512,12.08,1.81
6120 達運,202512,-12.23,-0.09
6121 新普,202512,10.89,4.63
6122 擎邦,202512,11.42,5.45
6123 上奇,202512,-13.57,3.12
6124 業強,202512,-25.61,-0.76
6125 廣運,202512,50,-1.77
6126 信音,202512,13.3,0.33
6127 九豪,202512,-1.61,-4.05
6128 上福,202512,-6.63,-0.29
6129 普誠,202512,16.19,-1.25
6130 上亞科技,202512,-11.94,-5.32
6133 金橋,202512,34.9,2.83
6134 萬旭,202512,31.94,-0.35
6136 富爾特,202512,37.93,-0.61
6138 茂達,202512,27.69,7.29
6139 亞翔,202512,141.27,17.21
6140 訊達,202512,-25.61,-8.2
6141 柏承,202512,-3.29,-43.02
6142 友勁,202512,1.58,-1
6143 振曜,202512,13.51,6.56
6144 得利影,202512,5.93,-1.01
6146 耕興,202512,1.04,5.09
6147 頎邦,202512,0.81,1.79
6148 驊宏資,202512,43.75,5.07
6150 撼訊,202512,25.63,3.36
6151 晉倫,202512,4.76,0.57
6152 百一,202512,3.55,-3.31
6153 嘉聯益,202512,-26.75,-10.08
6154 順發,202512,7.59,2.06
6155 鈞寶,202512,7.86,1.81
6156 松上,202512,-13.95,1.6
6158 禾昌,202512,-5.92,-2.56
6160 欣技,202512,-26.45,-6.53
6161 捷波,202512,31.23,3.32
6163 華電網,202512,13.42,4.7
6164 華興,202512,-17.76,0.42
6165 浪凡,202512,13.99,4.88
6166 凌華,202512,1.5,3.25
6167 久正,202512,-4.22,-0.36
6168 宏齊,202512,4.64,-0.1
6169 昱泉,202512,-62.81,-4.38
6170 統振,202512,-0.67,5.24
6171 大城地產,202512,-98.66,-0.04
6173 信昌電,202512,4.24,2.39
6174 安碁,202512,19.9,2.04
6175 立敦,202512,-0.15,2.94
6176 瑞儀,202512,-20.86,2.63
6177 達麗,202512,-1.03,18.5
6179 亞通,202512,-36.68,-1.58
6180 橘子,202512,-11.99,-7.01
6182 合晶,202512,16.42,0.72
6183 關貿,202512,3.34,4.82
6184 大豐電,202512,0.44,0.4
6185 幃翔,202512,13.29,0.52
6186 新潤,202512,-92.97,0.97
6187 萬潤,202512,-44.43,4.59
6188 廣明,202512,10.85,1.7
6189 豐藝,202512,-12.77,4.3
6190 萬泰科,202512,0.39,2.56
6191 精成科,202512,87.16,3.07
6192 巨路,202512,-8.83,3.12
6194 育富,202512,-20.95,0.87
6195 詩肯,202512,-5.51,0.3
6196 帆宣,202512,-2.69,4.79
6197 佳必琪,202512,11.62,6.79
6198 瑞築,202512,8.2,-0.4
6199 天品,202512,383.84,-0.67
6201 亞弘電,202512,-21.76,2.09
6202 盛群,202512,-1.39,0.94
6203 海韻電,202512,20.99,6.09
6204 艾華,202512,-10.36,1.34
6205 詮欣,202512,-11.15,1.53
6206 飛捷,202512,-15.92,4.3
6207 雷科,202512,-43.17,0.77
6208 日揚,202512,0.32,2.4
6209 今國光,202512,80.46,2.49
6210 慶生,202512,53.93,-2.93
6212 理銘,202512,-78.56,1.93
6213 聯茂,202512,16.34,2.09
6214 精誠,202512,6.76,3.91
6215 和椿,202512,25.59,4.31
6216 居易,202512,-18.41,1.08
6217 中探針,202512,15.85,-1.59
6218 豪勉,202512,-11.42,-3.52
6219 富旺,202512,-6.65,11.51
6220 岳豐,202512,-7.33,1.7
6221 晉泰,202512,-31.96,2.74
6222 立軒,202512,-60.32,-0.75
6223 旺矽,202512,27.74,7.42
6224 聚鼎,202512,-10.5,-1.95
6225 天瀚,202512,54.22,4.12
6226 光鼎,202512,-22.41,-1.06
6227 茂綸,202512,20.72,7.63
6228 全譜,202512,94.59,2.35
6229 研通,202512,11.58,0.42
6230 尼得科超眾,202512,13.75,-1.74
6231 系微,202512,5.65,8.48
6233 旺玖,202512,-10.72,-0.46
6234 高僑,202512,-6.38,1.54
6235 華孚,202512,42.73,2.29
6236 中湛,202512,-27.95,0.75
6237 驊訊,202512,9.53,-0.37
6239 力成,202512,25.21,3.33
6240 松崗,202512,-0.49,1.62
6241 鑫永洋,202512,-14.74,3.01
6242 立康,202512,4.69,3.24
6243 迅杰,202512,-32.65,-1.19
6244 茂迪,202512,-2.68,-1.16
6245 立端,202512,-4.4,3.63
6246 臺龍,202512,-4.13,11.38
6248 沛波,202512,-17.34,2.07
6257 矽格,202512,7.12,4.89
6259 百徽,202512,11.29,1.79
6261 久元,202512,27.79,2.82
6263 普萊德,202512,0.32,8.98
6264 富裔,202512,217.94,2.45
6265 方土昶,202512,184.07,7.92
6266 泰詠,202512,2.28,3.36
6269 台郡,202512,-1.55,-2.51
6270 倍微,202512,-1.03,0.56
6271 同欣電,202512,-5.55,1.77
6272 驊陞,202512,6.29,2.27
6274 台燿,202512,44.6,6.21
6275 元山,202512,14.85,3.82
6276 安鈦克,202512,-1.68,2.45
6277 宏正,202512,2.51,1.97
6278 台表科,202512,2.02,3.29
6279 胡連,202512,8.29,6.11
6281 全國電,202512,-2.94,2.26
6282 康舒,202512,12.91,2.13
6283 淳安,202512,-19.91,0.27
6284 佳邦,202512,-3.78,2.44
6285 啟碁,202512,-3.34,2.95
6288 聯嘉,202512,,3.24
6290 良維,202512,19.96,5.5
6291 沛亨,202512,31.41,8.56
6292 迅德,202512,5.07,5.16
6294 智基,202512,-14.66,0.38
6403 群登,202512,9.72,-3.77
6405 悅城,202512,-99.46,-0.57
6407 相互,202512,24.04,7.12
6409 旭隼,202512,-7.37,5.9
6411 晶焱,202512,-12.21,1.13
6412 群電,202512,-20.54,3.2
6414 樺漢,202512,-0.3,3.24
6415 矽力*-KY,202512,5.55,2.24
6416 瑞祺電通,202512,0.23,2.69
6417 韋僑,202512,6.17,3.95
6418 詠昇,202512,6.06,0.05
6419 京晨科,202512,-29.36,16.57
6423 億而得,202512,-2.67,-0.38
6425 易發,202512,4.56,3.88
6426 統新,202512,44.03,1.28
6428 淘米,202512,6.31,6.02
6431 光麗-KY,202512,-8.31,-10.24
6432 今展科,202512,8.77,1.41
6434 達輝光電,202512,-5.31,-3.81
6435 大中,202512,26.78,6.33
6438 迅得,202512,25.77,1.59
6441 廣錠,202512,-71.67,-7.3
6442 光聖,202512,19.94,13.37
6443 元晶,202512,-50.36,-46.79
6446 藥華藥,202512,59.44,4.78
6449 鈺邦,202512,22.71,4.67
6451 訊芯-KY,202512,22.15,1.6
6456 GIS-KY,202512,-18.96,-0.47
6461 益得,202512,-56.74,-11.81
6462 神盾,202512,0.51,-4.69
6464 台數科,202512,0.84,0.41
6465 威潤,202512,277.57,16.7
6467 泰合,202512,,-32.78
6469 大樹,202512,7.47,3.64
6470 宇智,202512,-33.67,5.22
6472 保瑞,202512,-5.15,2.58
6473 美賣*,202512,-42.03,-55.9
6474 華豫寧,202512,-7.28,2.07
6475 智賦科,202512,45.67,0.09
6477 安集,202512,16.24,-0.38
6479 瑞寶基因,202512,-15.29,-13.26
6482 弘煜科,202512,-34.99,4.94
6483 原創生醫,202512,,-29.28
6485 點序,202512,22.56,2.53
6486 互動,202512,35.57,7.64
6488 環球晶,202512,-11.27,2.41
6491 晶碩,202512,7.56,3.76
6492 生華科,202512,-4,-10.12
6493 雷虎生,202512,3.43,-5.8
6494 九齊,202512,10.78,2.77
6496 科懋,202512,15.99,-4.76
6498 久禾光,202512,12.17,5.91
6499 益安,202512,48.51,-11.08
6504 南六,202512,-9.67,2.3
6505 台塑化,202512,-3.36,1.52
6506 雙邦,202512,-7.45,2.37
6508 惠光,202512,-16.3,0
6509 聚和,202512,-2.47,1.98
6510 精測,202512,-7.24,3.28
6512 啟發電,202512,-36.69,-3.15
6515 穎崴,202512,45.13,7.83
6516 勤崴國際,202512,35.56,3.52
6517 保勝光學,202512,11.01,4.58
6518 康科特,202512,12.93,5.4
6523 達爾膚,202512,-19.76,6.23
6525 捷敏-KY,202512,8.56,4.27
6526 達發,202512,-5.82,2.5
6527 明達醫,202512,19.35,3.73
6530 創威,202512,10.35,3.9
6531 愛普*,202512,52.45,6.27
6532 瑞耘,202512,-14.67,16.2
6533 晶心科,202512,-0.09,-0.58
6534 正瀚-創,202512,19.24,1.65
6535 順藥,202512,-34.11,-3.65
6536 碩豐,202512,-19.17,0.17
6538 倉和,202512,-23.13,-0.62
6539 麗彤,202512,25.11,3.96
6541 泰福-KY,202512,6268.43,-7.19
6542 隆中,202512,36.95,2.45
6543 普惠醫工,202512,10.95,3.34
6545 擎力,202512,-4.66,-16.14
6546 正基,202512,-2.42,3.44
6547 高端疫苗,202512,14.14,-3.9
6548 長科*,202512,10.54,4.32
6549 景凱,202512,,-15.17
6550 北極星藥業-KY,202512,-83.4,-35.46
6552 易華電,202512,-25.98,-44.75
6555 榮炭,202512,432.81,-4.08
6556 勝品,202512,0.02,3.43
6558 興能高,202512,-14.72,-3.88
6559 研晶,202512,8.69,5.5
6560 欣普羅,202512,103.65,3.44
6561 是方,202512,-10.62,8.43
6562 聯亞藥,202512,-20.63,-29.56
6563 映智,202512,-6.73,-7.48
6564 安特羅,202512,30.44,-38.42
6565 物聯,202512,19.56,15.27
6568 宏觀,202512,9.22,3.26
6569 醫揚,202512,-17.47,3.01
6570 維田,202512,18.86,2.53
6572 博錸,202512,-27.39,-5.91
6573 虹揚-KY,202512,-18.08,-4.24
6574 霈方,202512,8.26,7.24
6576 逸達,202512,-62.85,-14.69
6577 勁豐,202512,-0.89,8.61
6578 達邦蛋白,202512,-0.95,-4.4
6579 研揚,202512,30.59,2.64
6580 台睿,202512,156.01,-28.95
6581 鋼聯,202512,-18.71,4.35
6582 申豐,202512,-72.69,-0.38
6583 友松,202512,-16.85,7.75
6584 南俊國際,202512,34.03,5.93
6585 鼎基,202512,-9.35,3.46
6586 醣基,202512,-71.22,-6.75
6588 東典光電,202512,9.34,1.35
6589 台康生技,202512,23.41,-2.05
6590 普鴻,202512,2.14,4.41
6591 動力-KY,202512,38.72,1.42
6592 和潤企業,202512,-8.73,2.37
6593 台灣銘板,202512,-33.25,-1.61
6595 光禹國際,202512,-32.95,-4.63
6596 寬宏藝術,202512,5.93,3.28
6597 立誠,202512,-7.88,3.24
6598 ABC-KY,202512,37.08,-9.66
6599 普達系統,202512,-7.12,5.78
6603 富強鑫,202512,19.32,2.18
6604 儒億,202512,3.86,8.76
6605 帝寶,202512,-5.02,4.28
6606 建德工業,202512,20.87,2.24
6609 瀧澤科,202512,-34.83,-2.59
6610 安成生技,202512,,-60.17
6612 奈米醫材,202512,17,0.11
6613 朋億*,202512,-11.3,4.35
6614 資拓宏宇,202512,-24.88,6.49
6615 慧智,202512,-7.52,-0.64
6616 特昇-KY,202512,-8.38,-2.95
6617 共信-KY,202512,-11.4,-2.03
6618 永虹先進,202512,178.14,-7.59
6620 漢達,202512,59.45,3.41
6621 華宇藥,202512,-5.04,-6.96
6622 百聿數碼,202512,35.08,-11.39
6624 萬年清,202512,-25.47,1.77
6625 必應,202512,52.98,8.39
6629 泰金-KY,202512,71.02,5
6634 欣耀,202512,,-5.22
6637 醫影,202512,18.78,3.39
6638 沅聖,202512,-24.03,-6.37
6639 源大環能,202512,-19.65,-10.14
6640 均華,202512,-20.59,4.36
6641 基士德-KY,202512,6.87,0.8
6642 富致,202512,-3.53,2.88
6643 M31,202512,66.14,5.37
6645 金萬林-創,202512,11.02,-5.35
6648 斯其大,202512,11.26,-7.57
6649 台生材,202512,58.92,0.55
6650 帝圖,202512,-21.45,6.37
6651 全宇昕,202512,-11.51,5.5
6652 雅祥生醫,202512,,-5.15
6654 天正國際,202512,20.82,1.18
6655 科定,202512,11.1,4.48
6657 華安,202512,8.44,-6.86
6658 聯策,202512,-0.26,2.38
6659 天明,202512,12.02,3.37
6661 威健生技,202512,11.62,-0.18
6662 樂斯科,202512,-17.26,3.78
6664 群翊,202512,12.07,6.4
6665 康聯生醫,202512,-11.14,1.31
6666 羅麗芬-KY,202512,8.66,-0.65
6667 信紘科,202512,61.14,7.13
6668 中揚光,202512,46.87,-3.98
6669 緯穎,202512,152.95,11.85
6670 復盛應用,202512,0.12,6.93
6671 三能-KY,202512,-7.36,2.59
6672 騰輝電子-KY,202512,7.6,2.87
6673 和詮,202512,48.91,-13.5
6674 鋐寶科技,202512,-52.81,-1.12
6676 祥翊,202512,-20.15,-18.09
6677 瑩碩生技,202512,-8.32,-1.23
6679 鈺太,202512,-7.56,3.07
6680 鑫創電子,202512,-1.3,3.29
6682 華旭先進,202512,689.66,2.69
6683 雍智科技,202512,13.32,5.51
6684 安格,202512,-14.42,-4.65
6689 伊雲谷,202512,-13.23,2.7
6690 安碁資訊,202512,14.6,3.06
6691 洋基工程,202512,33.13,13.84
6692 進能服,202512,-80.87,-1.13
6693 廣閎科,202512,32.41,4.5
6695 芯鼎,202512,-8.83,0.18
6696 仁新,202512,,-9.8
6697 東捷資訊,202512,8.45,2.21
6698 旭暉應材,202512,26.61,0.34
6703 軒郁,202512,10.46,10.86
6704 國璽幹細胞,202512,2.33,-7.56
6705 振躍精密,202512,-7.83,10.59
6706 惠特,202512,-67.78,-0.48
6707 富基電通,202512,25.61,13.71
6708 天擎,202512,24.66,1.55
6709 昱厚生技,202512,,-20.73
6712 長聖,202512,3.33,8.2
6715 嘉基,202512,-18.51,1.72
6716 應廣,202512,-11.2,4.07
6717 智慧光,202512,-35.09,3.25
6719 力智,202512,27.17,1.76
6720 久昌,202512,-26.41,2.91
6721 信實,202512,9.48,2.57
6722 輝創,202512,-7.88,3.23
6723 傑智環境,202512,17.31,9.54
6725 矽科宏晟,202512,22.34,8.44
6727 亞泰金屬,202512,41.33,5.26
6728 上洋,202512,32.78,2.93
6729 機光科技,202512,-12.64,3.55
6730 常廣,202512,16.29,2.37
6732 昇佳電子,202512,-7.72,2.18
6733 博晟生醫,202512,19.59,-3.1
6734 安盛生,202512,19.04,-599.48
6735 美達科技,202512,74.54,4.25
6737 秀育,202512,-44.85,2.27
6738 鼎恒,202512,-0.63,-20.76
6739 竹陞科技,202512,101.87,14.66
6741 91APP*-KY,202512,14.38,5.4
6742 澤米,202512,-38.26,-0.12
6743 安普新,202512,-5.35,1.8
6744 豐技生技,202512,-3.07,2.38
6748 亞果生醫,202512,7.56,-4.57
6750 泰創工程,202512,-4.27,13.14
6751 智聯服務,202512,-38.12,0.17
6752 叡揚,202512,15.38,6.51
6753 龍德造船,202512,-0.52,5.69
6754 匯僑設計,202512,-32.1,3.27
6755 連鋐科技,202512,-3.07,-3.89
6756 威鋒電子,202512,11.32,0.78
6757 台灣虎航,202512,13.87,7.04
6758 冠亞,202512,6.93,2.27
6761 穩得,202512,-16.89,3.62
6762 達亞,202512,-9.63,-0.03
6763 綠界科技*,202512,9.48,2.05
6767 台微醫,202512,-31.84,-3.38
6768 志強-KY,202512,-4.9,1.98
6770 力積電,202512,12.25,-0.8
6771 平和環保-創,202512,-16.37,1.68
6772 錫安,202512,,-6.14
6775 穎台科技,202512,-29.3,-52.53
6776 展碁國際,202512,8.93,2.9
6780 學習王,202512,-4.01,6.55
6781 AES-KY,202512,39.83,5.06
6782 視陽,202512,16.87,5.94
6784 天凱科技,202512,25.31,7.35
6785 昱展新藥,202512,,-1.05
6786 芯測,202512,268.66,-8.57
6787 晶瑞光,202512,70.25,-20.86
6788 華景電,202512,19.98,7.58
6789 采鈺,202512,-14.87,2.11
6790 永豐實,202512,-7.08,3.79
6791 虎門科技,202512,18.56,3.13
6792 詠業,202512,0.44,1.05
6793 天力離岸,202512,-93.1,-16.61
6794 向榮生技,202512,-41.33,-3.74
6796 晉弘,202512,2.41,4.68
6797 圓點奈米,202512,-16.85,-12.69
6798 展逸,202512,26.44,16
6799 來頡,202512,7.11,3.72
6803 崑鼎,202512,6.18,4.45
6804 明係,202512,-19.78,-4.18
6805 富世達,202512,43.55,11.23
6806 森崴能源,202512,-51.87,-218.54
6807 峰源-KY,202512,-26.02,1.96
6808 三鼎生技,202512,-53.21,2.76
6810 新穎生醫,202512,-85.06,-15.26
6811 宏碁資訊,202512,18.86,5.62
6812 梭特,202512,-22.85,-4.19
6813 富動科,202512,-50.61,-160.08
6814 路迦生醫,202512,-0.9,-16.48
6815 晶鑽生醫,202512,-51.67,-13.75
6816 捷智商訊,202512,29.6,7.94
6817 溫士頓,202512,-6.64,12.63
6818 連騰,202512,-5.67,8.72
6819 眾智,202512,-0.56,-0.16
6820 連訊,202512,-12.25,-0.82
6821 聯寶,202512,-23.47,0.84
6823 濾能,202512,42.61,-22.66
6825 和暢科技,202512,-1.09,11.42
6826 和淞,202512,1.01,21.77
6827 巨生醫,202512,,-26.38
6829 千附精密,202512,14.15,4.08
6830 汎銓,202512,17.5,-0.12
6831 邁科,202512,78.64,5.02
6832 金鼎科,202512,14.61,8.85
6833 太康精密,202512,-9.07,-27.38
6834 天二科技,202512,-0.17,1.6
6835 圓裕,202512,-16.67,0.15
6837 富利康科技,202512,123.5,-5.15
6838 台新藥,202512,-45.28,-3.23
6839 開陽能源,202512,-23.31,-10.31
6840 東研信超,202512,17.62,1.19
6841 長佳智能,202512,34.33,0.53
6842 瑞宇,202512,22.68,18.68
6843 進典,202512,24.67,2.54
6844 諾貝兒,202512,1.01,1.07
6846 綠茵,202512,8.99,5.36
6847 普瑞博,202512,-45.41,-16.13
6848 拉法醫,202512,18.96,4.68
6849 奇鼎科技,202512,-4.07,0.53
6850 光鼎生技,202512,3.01,-1.07
6854 錼創科技-KY創,202512,-31.69,6.22
6855 數泓科,202512,-10,8.04
6856 鑫傳,202512,2.03,4.36
6857 宏碁智醫,202512,19.83,-8.45
6858 愛比科技,202512,-6.6,-4.62
6859 伯特光,202512,-5.86,2.11
6861 睿生光電,202512,21.14,3.84
6862 三集瑞-KY,202512,-9.83,3.92
6863 永道-KY,202512,-23.56,0.06
6864 元樟生技,202512,55.81,-13.49
6865 偉康科技,202512,-38.41,0.53
6867 坦德科技,202512,11.31,0.26
6868 采威國際,202512,-52.39,-10.59
6869 雲豹能源,202512,70.62,-12.57
6870 騰雲,202512,19.98,5.77
6872 浩宇生醫,202512,-79.42,-7.48
6873 泓德能源,202512,-18.2,2.43
6874 倍力,202512,17.19,3.76
6875 國邑*,202512,-59.34,-6.9
6876 朗齊生醫*,202512,,-21.11
6877 鏵友益,202512,-15.74,1.81
6878 歐付寶,202512,-7.33,-7.7
6879 大江基因,202512,-27.93,4.18
6881 潤德,202512,8.85,11.19
6882 甲尚,202512,-13.77,-0.75
6883 微電能源,202512,-194.23,-23.52
6884 海柏特,202512,18.75,3.7
6885 全福生技,202512,868.16,-9.48
6886 遠東生技,202512,-2.34,5.91
6887 寶綠特-KY,202512,-27.78,5.34
6890 來億-KY,202512,-2.62,4.16
6891 樂迦再生,202512,439.14,-4.93
6892 台寶生醫,202512,,-23.24
6894 衛司特,202512,19.23,4.22
6895 宏碩系統,202512,80.17,3.25
6898 程曦資訊,202512,11.57,17.11
6899 創為精密,202512,34.27,2.13
6901 鑽石投資,202512,-100,-0.16
6902 GOGOLOOK,202512,21.47,6.83
6903 巨漢,202512,189.94,10.9
6904 伯鑫,202512,-11.77,3.26
6906 現觀科,202512,-18.51,6.07
6907 雅特力-KY,202512,7.35,3.56
6908 宏碁遊戲-創,202512,27.87,-0.4
6909 創控,202512,14.37,5.96
6910 德鴻,202512,25.59,2.59
6911 群運,202512,2.33,1.87
6912 益鈞環科*,202512,-84.72,-25.7
6913 鴻呈,202512,4.04,2.74
6914 阜爾運通,202512,14.41,4.05
6915 美強光,202512,-31.46,-1.46
6916 華凌,202512,4.08,-3.01
6917 竟天,202512,4151.16,-1.72
6918 愛派司,202512,5.07,3.1
6919 康霈*,202512,32.54,0.85
6920 恆勁科技,202512,22.62,-10.74
6921 嘉雨思-創,202512,-14.61,1.75
6922 宸曜,202512,-13.01,2.97
6923 中台,202512,-6.4,3.41
6924 榮惠-KY創,202512,-9.22,9.29
6925 意藍,202512,27.07,4.93
6926 聖安生醫,202512,,-6.98
6927 聯合聚晶,202512,-25.3,-4.11
6928 攸泰科技,202512,-29.38,-2.63
6929 佑全,202512,0.36,-2.63
6931 青松健康,202512,15.74,3.65
6932 水星生醫*,202512,-100,-12.25
6933 AMAX-KY,202512,5.68,2.57
6934 心誠鎂,202512,-21.59,2.51
6935 王子製藥,202512,73.65,9.95
6936 永鴻生技,202512,14.49,3.4
6937 天虹,202512,-29.16,2.09
6938 藍新資訊,202512,-15.04,16.71
6939 啟弘生技,202512,19.33,-2.93
6940 格斯科技*,202512,74.67,-20.09
6944 兆聯實業,202512,73.59,9.99
6945 圓祥生技,202512,,-7.21
6946 三地能源,202512,4.04,-3.73
6947 台鎔科技,202512,103.29,2.22
6949 沛爾生醫-創,202512,30.85,-11.42
6951 青新-創,202512,26,4.6
6952 大武山,202512,10.26,2.5
6953 家碩,202512,30.91,4.67
6955 邦睿生技-創,202512,30.48,4.76
6957 裕慶-KY,202512,0.64,10.44
6958 日盛台駿,202512,-10.22,-2.76
6959 兆捷科技,202512,40.42,-3.15
6960 南山產物,202512,18.62,5.02
6961 旅天下,202512,-19.96,0.56
6962 奕力-KY,202512,-11.46,0.66
6963 品元,202512,-12.67,-9.86
6965 中傑-KY,202512,-26.75,0.77
6967 汎瑋材料,202512,27.57,3.5
6968 萬達寵物,202512,11.94,3.11
6969 成信實業*-創,202512,58.14,1.74
6971 惠民實業,202512,0.26,3.55
6972 博瑞達應材,202512,-9.16,-4.98
6973 永立榮,202512,67.57,-4.37
6976 育世博-KY,202512,-100,-7.63
6977 聯純,202512,141.79,18.68
6979 勝釩,202512,7.83,11.41
6980 鐳洋科技,202512,70.57,9.75
6982 大井泵浦,202512,4.67,-2.57
6983 華洋精機,202512,-26.43,0.48
6984 ACpay,202512,-37.13,-69.4
6986 和迅,202512,2.9,5.12
6987 寶晶能源*,202512,39.93,2.03
6988 威力暘-創,202512,-8.25,-5.95
6990 華鉬,202512,25.78,4.2
6994 富威電力,202512,456.18,13.62
6995 野獸國,202512,-2.83,9.73
6996 力領科技,202512,9.25,6.97
6997 博弘,202512,22.56,7.06
6999 瀚醫生技,202512,4.09,4.98
7402 邑錡,202512,-7.49,0.29
7419 達勝,202512,-21.38,-5.76
7427 華上生醫,202512,-49.74,-9.88
7443 凡事康,202512,-4.32,4.97
7455 樺緯物聯,202512,21.89,9.89
7507 環拓科技,202512,35.31,-6.89
7516 清淨海,202512,-3.56,3.29
7530 鋒魁科技,202512,-26.86,-12.61
7547 碩網,202512,-5.41,1.85
7551 知識科技,202512,32.96,-5.91
7556 意德士,202512,18.59,3.32
7558 群利,202512,31.2,16.33
7561 光晟生技,202512,-6.32,2.92
7562 博來科技,202512,16.32,10.15
7566 亞果遊艇,202512,-30.51,-1.56
7570 紫金堂,202512,-41.93,-3.9
7575 安美得,202512,-1.22,7.58
7578 利百景,202512,11.27,0.69
7583 國際海洋,202512,49.23,9.32
7584 樂意,202512,-22.2,-4.23
7590 怡和國際,202512,324.66,1.92
7595 世基生醫,202512,73.84,-10.76
7607 通用幹細胞*,202512,47.83,-34.42
7610 聯友金屬-創,202512,208.4,10.93
7631 聚賢研發-創,202512,104.16,8.46
7642 昶瑞機電,202512,-42.97,1.65
7660 元勛,202512,12.48,0.35
7669 碩正科技,202512,95.21,11.72
7689 大鵬科CLMX,202512,5.34,22.51
7702 前端風電,202512,-19.6,-1.68
7703 銳澤,202512,24.33,3.16
7704 明遠精密,202512,-9.1,2.01
7705 三商餐飲,202512,8.28,2.47
7706 宏碁創達,202512,14.05,5.26
7707 益芯科,202512,,9.59
7708 全家餐飲,202512,18.22,3.54
7709 榮田,202512,-14.95,3.64
7710 東擎科技,202512,38.7,14.1
7711 永擎,202512,83.36,7.4
7712 博盛半導體,202512,-5.56,3.21
7713 威力德生醫,202512,19.07,4.8
7714 創泓科技,202512,23.19,7.78
7715 裕山,202512,-49.42,2.13
7716 昱臺國際,202512,-11.12,1.46
7717 萊德光電-KY,202512,9.76,4.6
7718 友鋮,202512,9.26,4.16
7719 碳基,202512,19.48,-25.25
7721 微程式,202512,-13.97,0.63
7722 LINEPAY,202512,23.34,0.89
7723 築間,202512,-16.9,-19.71
7724 諾亞克,202512,14.86,2.46
7725 列特博,202512,32.28,-3.84
7726 暄達,202512,11.31,-6.14
7728 光焱科技,202512,37.5,5.73
7729 仲恩生醫,202512,,-21.21
7730 暉盛-創,202512,-4.72,3.6
7731 火星生技*,202512,-19.07,27.99
7732 金興精密,202512,-12.82,1.53
7734 印能科技,202512,-7.67,3.03
7736 虎山,202512,-0.79,3.45
7737 凱鈿,202512,-24.98,-41.37
7738 東聯互動,202512,23.76,4.79
7740 熙特爾-創,202512,1461.52,9.7
7742 天弘化,202512,138.14,6.6
7743 金利食安,202512,-20.38,0
7744 崴寶,202512,28.89,5.37
7745 紅陽,202512,-13.52,5.53
7747 昕奇雲端,202512,1.67,2.9
7748 鑫囍創業,202512,-12.43,7.64
7749 意騰-KY,202512,46.2,3.39
7750 新代,202512,38.28,7.74
7751 竑騰,202512,86.43,6.91
7752 世紀樺欣,202512,247.73,0.58
7753 星亞,202512,-8.1,4.6
7754 安基生技,202512,-97.49,-47.87
7756 多那之國際,202512,8.54,0.76
7757 金色三麥,202512,5.46,5.47
7758 睿騰能源,202512,-34.46,-3.56
7759 視航生醫,202512,,-15.18
7760 享溫馨,202512,-4.41,0.2
7761 三大未來,202512,63.03,-0.9
7762 吉晟生,202512,84.28,1.61
7763 崇舜,202512,-21.93,5.86
7764 聖州,202512,2,1.4
7765 中華資安,202512,-12.03,5.96
7767 仁大資訊,202512,-6.72,4.79
7768 頌勝科技,202512,1.75,2.81
7769 鴻勁,202512,87,9.66
7770 君曜,202512,0.55,7.92
7771 綠基,202512,11.82,5.53
7772 耀穎,202512,19.04,3.34
7773 富禾生醫,202512,99.26,-3.19
7776 奧孟亞,202512,-40.98,1.07
7777 能率亞洲,202512,-42.93,2
7779 鍇睿國際,202512,6.05,-16.16
7780 大研生醫*,202512,20.63,2.31
7781 昕力資*,202512,-34.72,-51.55
7782 光速火箭,202512,-11.06,3.14
7783 佳運,202512,39.14,5.17
7784 安邦生技*,202512,,-55.91
7785 北祥科服,202512,-31.15,3.43
7786 東方風能,202512,38.34,4.32
7788 松川精密,202512,6.32,2.04
7789 開展,202512,8.38,8.12
7790 思必瑞特,202512,-9.02,0.26
7791 皇家可口,202512,-3.93,0.84
7792 安葆,202512,16.68,4.54
7794 宏碁智新,202512,17.57,3.59
7795 長廣,202512,27.63,5.05
7796 擷發科,202512,-76.03,-39.14
7797 Q Burger,202512,8.29,6.82
7798 將捷,202512,-33.29,6.03
7799 禾榮科,202512,,-0.7
7801 華芸科技,202512,5.27,22.45
7803 雲象科技,202512,6.15,-8.19
7805 威聯通,202512,4.94,6.2
7806 精華生醫,202512,13.44,4.32
7808 訊聯智藥,202512,112.56,-4.29
7810 捷創科技,202512,56.49,7.1
7811 民盛,202512,18.64,4.54
7812 稜研科技*,202512,-30.56,-7.84
7813 宇辰系統,202512,4.47,0.46
7814 海昌生技,202512,-8.96,1.78
7815 新特,202512,13.35,8.72
7816 來穎,202512,58.99,4.71
7818 溢泰實業,202512,-6.33,3.53
7819 精誠金融,202512,-17.07,3.11
7820 立盈,202512,25.82,2
7821 神數,202512,11.92,6.22
7822 倍利科,202512,117.34,23.37
7823 奧義賽博-KY創,202512,30.93,5.23
7824 智寶,202512,101.28,0.45
7825 和亞智慧,202512,5.49,8.45
7826 極風雲創,202512,12.69,1.29
7827 漢康-KY,202512,,-24.1
7828 創新服務,202512,22.55,16.18
7829 思捷優達-KY,202512,,-25.24
7831 捷博,202512,88.8,-9.94
7832 智新生技*,202512,-54.98,-5.19
7833 綠岩能源,202512,-60.16,-5.61
7834 來毅數位,202512,101.92,-63.19
7836 智生活,202512,8.24,6.24
7837 啟新生,202512,25.45,10.44
7839 達人網,202512,5.62,4.4
7840 祥圃,202512,2.8,4.15
7841 經貿聯網,202512,41.86,5.69
7842 天能綠電,202512,114.86,2.34
7843 英柏得,202512,44.1,7.1
7846 德揚,202512,23.68,4.22
7847 豊漁,202512,-0.77,-22.54
7848 騏億鑫,202512,-21.65,17.96
7849 旭誼,202512,-46.72,-1.01
7850 寶泰生醫,202512,14527.94,-3.69
7851 慧康生技*-KY,202512,20.93,-19.72
7853 政美應用,202512,-26.58,-28.14
7854 佐茂,202512,-3.47,4.23
7855 和運租車,202512,1.08,6.33
7856 漢測,202512,51.61,16.95
7857 合水先進,202512,1.83,8.35
7858 芝普,202512,8.09,6.41
7860 得生製藥,202512,-13.46,6.45
7861 貝爾威勒,202512,133.87,38.15
7862 聚泰,202512,7.53,-0.04
7863 中科,202512,3.5,8.22
7865 金聯成,202512,-6.47,-5.34
7866 丹立,202512,154.51,24.98
7867 特力屋,202512,-5.06,1.11
7868 聖育,202512,-8.81,14.99
7869 宏于電機,202512,-8.43,10.91
7870 聯剛科技,202512,-2.89,11.93
7871 安立璽榮-KY,202512,6134.62,-11.37
7872 登豐,202512,7.36,8.83
7875 安圖斯,202512,2.94,6.02
7876 鼎晉生技,202512,,-12.99
7877 海利普,202512,-30.61,3.43
7878 藥祇,202512,,-8.61
7879 益材科技,202512,-9.98,2.4
7880 聖凰,202512,-6.45,6.73
7881 科明,202512,24.86,13.74
7882 倍利創投,202512,750.11,38.89
7883 饗賓,202512,17.01,11.16
7885 宏羚,202512,0.49,5.22
7886 科建,202512,26.75,1.09
7887 宇川精材,202512,116.43,-4.28
7888 麗寶新藥,202512,,-23.36
7889 騰勢,202512,3.55,13.84
7890 明曜科技,202512,68.37,10.54
7891 博研醫藥,202512,,-25.75
7892 元鈦科,202512,162.35,7.12
7893 睿信,202512,-3.01,15.61
7895 元進莊,202512,22.81,10.19
7896 喬越,202512,16.68,10.4
7897 禾迅綠電,202512,-4.55,-10.64
7899 景美,202512,2.49,2.43
7901 大大寬頻,202512,6.73,8.88
7902 宇越生醫*,202512,-92.22,-11.05
7904 任開數位,202512,83.75,-24.29
7907 錸恩帕斯,202512,4.9,16.77
8011 台通,202512,6.88,1.64
8016 矽創,202512,14.96,4.19
8021 尖點,202512,40.77,3.41
8024 佑華,202512,-33.93,-6.03
8027 鈦昇,202512,67.51,2.58
8028 昇陽半導體,202512,16.13,4.57
8029 久尹,202512,-8.55,-1.29
8032 光菱,202512,40.09,1.68
8033 雷虎,202512,5.95,-1.44
8034 榮群,202512,-43.49,2.64
8038 長園科,202512,107.06,0.88
8039 台虹,202512,23.08,1.78
8040 九暘,202512,-9.34,-0.6
8042 金山電,202512,12.89,2.19
8043 蜜望實,202512,43.53,4.73
8044 網家,202512,-0.28,-4.95
8045 達運光電,202512,-43.68,1
8046 南電,202512,41.86,2.66
8047 星雲,202512,-2.08,-4.43
8048 德勝,202512,14.47,4.98
8049 晶采,202512,5.29,2.29
8050 廣積,202512,-26.8,-0.45
8054 安國,202512,41.65,-3.53
8058 耐特,202512,-2.51,4.61
8059 凱碩,202512,1775.84,2.38
8064 東捷,202512,75.95,8.1
8066 來思達,202512,-23.14,-5.83
8067 志旭,202512,-15.01,-8.55
8068 全達,202512,36.89,-1.68
8069 元太,202512,-27.49,1.63
8070 長華*,202512,13.77,-0.51
8071 能率網通,202512,-10.48,-3.27
8072 陞泰,202512,60.95,2.09
8074 鉅橡,202512,5.27,2.76
8076 伍豐,202512,5.31,0.92
8077 洛碁,202512,4.1,14.99
8080 泰霖,202512,-3.98,-0.99
8081 致新,202512,3.42,4.53
8083 瑞穎,202512,17.86,8.23
8084 巨虹,202512,-33.03,-8.17
8085 福華,202512,19.07,-6.45
8086 宏捷科,202512,64.9,3.22
8087 麗升能源,202512,-75.66,-0.81
8088 品安,202512,94.15,8.14
8089 康全電訊,202512,-83.66,-7.15
8091 翔名,202512,14.5,2.79
8092 建暐,202512,4.67,2.3
8093 保銳,202512,11.34,-7.51
8096 擎亞,202512,14.67,1.76
8097 常珵,202512,-20.7,-1.44
8098 慶康科技,202512,-7.54,9.47
8099 大世科,202512,36,6.13
8101 華冠,202512,21.1,-9.88
8102 傑霖科技,202512,-38.55,3.75
8103 瀚荃,202512,7.56,3.22
8104 錸寶,202512,-2.75,-2.2
8105 凌巨,202512,-11.5,1.52
8107 大億金茂,202512,-14.21,-0.26
8109 博大,202512,35.37,4.77
8110 華東,202512,-0.89,5.14
8111 立碁,202512,-0.53,2.71
8112 至上,202512,38.82,9.55
8114 振樺電,202512,-40.74,3.44
8115 帝聞,202512,-1.3,0.55
8119 公信,202512,-18.78,-7.58
8121 越峰,202512,18.91,0.38
8131 福懋科,202512,37.09,3.48
8147 正淩,202512,28.36,1.13
8150 南茂,202512,20.77,2.11
8155 博智,202512,41.63,6.42
8162 微矽電子-創,202512,-2.48,0.18
8163 達方,202512,2.39,-0.32
8171 天宇,202512,2.27,-6.3
8176 智捷,202512,-61.1,0.81
8182 加高,202512,1.88,1.18
8183 精星,202512,-14.41,4.89
8201 無敵,202512,32.05,-0.36
8210 勤誠,202512,74.39,10.67
8213 志超,202512,11.17,0.81
8215 明基材,202512,-12.02,-4.11
8218 輝城,202512,-12.11,-1.73
8222 寶一,202512,16.87,2.96
8227 巨有科技,202512,107.08,2.32
8234 新漢,202512,-17.02,0.15
8240 華宏,202512,-15.46,1.44
8249 菱光,202512,-19.72,0.34
8255 朋程,202512,-4.27,1.18
8261 富鼎,202512,-6.02,3.43
8271 宇瞻,202512,48.79,8.61
8272 全景軟體,202512,3.65,6.88
8277 商丞,202512,-57,-1.75
8279 生展,202512,1.05,1.61
8284 三竹,202512,6.25,6.49
8287 英格爾,202512,-8.36,-0.56
8289 泰藝,202512,16.18,1.23
8291 尚茂,202512,15.95,-9.33
8298 威睿,202512,75.26,38.05
8299 群聯,202512,81.34,8.4
8307 大台中,202512,-2.96,-4.79
8329 台視,202512,-9.43,11.29
8341 日友,202512,4.6,2.42
8342 益張,202512,-13,6.23
8345 超秦,202512,6.51,6.26
8349 恒耀,202512,-11.42,1.35
8354 冠好,202512,3.98,2.17
8358 金居,202512,26.81,5.15
8359 錢櫃,202512,-10.72,5.9
8367 建新國際,202512,12.91,3.29
8374 羅昇,202512,3.39,-3.84
8383 千附,202512,5.73,4.53
8390 金益鼎,202512,0.15,3.88
8401 白紗科,202512,-4.51,5.49
8403 盛弘,202512,1.29,1.45
8404 百和興業-KY,202512,3.98,1.45
8409 商之器,202512,-53.53,8.65
8410 森田,202512,-14.52,3.45
8411 福貞-KY,202512,-3.02,0.76
8415 大國鋼,202512,4.2,2.46
8416 實威,202512,2.28,9.06
8421 旭源,202512,1.18,0.22
8422 可寧衛*,202512,-23.31,3.1
8423 保綠-KY,202512,7.43,1.68
8424 惠普,202512,2.33,5.27
8426 紅木-KY,202512,-19.06,7.06
8429 金麗-KY,202512,-0.53,0.13
8431 匯鑽科,202512,-17.6,-8.68
8432 東生華,202512,22.82,2.31
8433 弘帆,202512,8.26,5.83
8435 鉅邁,202512,-10.26,4.81
8436 大江,202512,-4.13,4.19
8437 大地-KY,202512,-37.26,-0.93
8438 昶昕,202512,20.49,3.32
8440 綠電,202512,-26.31,1.85
8442 威宏-KY,202512,8.97,1.39
8443 阿瘦,202512,-8.04,-3.13
8444 綠河-KY,202512,-40.29,-113.61
8446 華研,202512,-8.8,4.11
8450 霹靂,202512,-1.18,-25.09
8454 富邦媒,202512,-5.38,9.95
8455 大拓-KY,202512,-4.29,-0.35
8458 影一,202512,-34.57,0.21
8462 柏文,202512,20.5,9.79
8463 潤泰材,202512,-0.83,2.2
8464 億豐,202512,-3.48,7.12
8466 美吉吉-KY,202512,-35.48,-2.07
8467 波力-KY,202512,-34.86,1.02
8472 夠麻吉,202512,44.24,1.08
8473 山林水,202512,29.5,1.77
8476 台境*,202512,32.51,0.55
8477 創業家,202512,-57.44,-5.36
8478 東哥遊艇,202512,124.84,2.78
8481 政伸,202512,-5.67,3.26
8482 商億-KY,202512,-14.14,1.92
8487 愛爾達-創,202512,-27.51,4.1
8488 吉源-KY,202512,-5.36,-0.95
8489 三貝德,202512,32.26,-1.41
8499 鼎炫-KY,202512,104.29,2.29
8905 裕國,202512,-3.87,0.71
8906 花王,202512,-16.84,-2
8908 欣雄,202512,-7.63,4.29
8916 光隆,202512,38.16,0.26
8917 欣泰,202512,0.14,3.18
8921 沈氏,202512,-0.78,-0.53
8923 時報,202512,-11.9,2.42
8924 大田,202512,41.82,3.4
8926 台汽電,202512,-23.87,2.74
8927 北基,202512,49.75,0.21
8928 鉅明,202512,-0.68,6.15
8929 富堡,202512,-2.43,0.15
8930 青鋼,202512,-15.29,4.11
8931 大汽電,202512,-13,0.19
8932 智通*,202512,24.9,6.99
8933 愛地雅,202512,-62.07,-5.41
8935 邦泰,202512,-20.33,-2.75
8936 國統,202512,26.44,3.57
8937 合騏*,202512,-44.94,3.05
8938 明安,202512,7.48,5.23
8940 新天地,202512,3.97,5.17
8941 關中,202512,-6.53,2.34
8942 森鉅,202512,-70.12,-0.94
8945 大新店,202512,-2.16,2.95
8977 南國,202512,-2.56,5
8996 高力,202512,130.25,7.95
8999 台灣積層,202512,-1.47,3.73
9103 美德醫療-DR,202512,45.75,-4.83
910322 康師傅-DR,202512,6.89,16.29
9105 泰金寶-DR,202512,-9.23,1.93
910861 神州-DR,202512,42.64,1.68
9110 越南控-DR,202512,-2.83,13.42
911608 明輝-DR,202512,-17.43,1.5
911622 泰聚亨-DR,202512,53.73,0.07
911868 同方友友-DR,202512,6.64,0.56
912000 晨訊科-DR,202512,-20.63,-1.51
9136 巨騰-DR,202512,0.23,-10.07
9802 鈺齊-KY,202512,4.26,2.66
9902 台火,202512,250.98,-4.88
9904 寶成,202512,-8.23,2.2
9905 大華,202512,2.22,1.19
9906 欣巴巴,202512,-38.9,15.04
9907 統一實,202512,-15.15,1.64
9908 大台北,202512,-2.68,0.59
9910 豐泰,202512,-5.37,5.6
9911 櫻花,202512,5.42,5.52
9912 偉聯,202512,17.82,-0.25
9914 美利達,202512,-14.46,-1.45
9917 中保科,202512,2.72,5.82
9918 欣天然,202512,-3.79,1.64
9919 康那香,202512,-10.34,-8.41
9921 巨大,202512,-9.55,-0.43
9924 福興,202512,-11.67,2.12
9925 新保,202512,7.18,0.97
9926 新海,202512,5.44,1.66
9927 泰銘,202512,3.91,4.07
9928 中視,202512,17.13,-0.64
9929 秋雨,202512,8.59,1.63
9930 中聯資源,202512,-0.71,4.24
9931 欣高,202512,20.36,2.24
9933 中鼎,202512,-23.21,8.84
9934 成霖,202512,-0.88,-1.14
9935 慶豐富,202512,-11.69,4.35
9937 全國,202512,-6.81,3.32
9938 百和,202512,-2.47,1.63
9939 宏全,202512,-8.62,2.37
9940 信義,202512,93.77,1.23
9941 裕融,202512,-2.67,2.79
9942 茂順,202512,1.37,4.25
9943 好樂迪,202512,-7.7,5.23
9944 新麗,202512,10.9,0.01
9945 潤泰新,202512,60.89,3.8
9946 三發地產,202512,146.19,9.3
9949 琉園,202512,-12.42,-1.63
9950 萬國通,202512,-7.65,1.92
9951 皇田,202512,7.53,3.31
9955 佳龍,202512,52.88,7.99
9957 燁聯,202512,-17.91,-21.4
9958 世紀鋼,202512,3.91,3.73
9960 邁達康,202512,-2.47,3.68
9962 有益,202512,-23.82,0.67
M1100 水泥工業類指數,202512,-14.89,0.19
M1200 食品工業類指數,202512,-0.91,2.35
M1300 塑膠工業類指數,202512,-14.69,-0.22
M1400 紡織纖維類指數,202512,-6.72,1.45
M1500 電機機械類指數,202512,6.91,-0.4
M1600 電器電纜類指數,202512,-7.61,0.82
M1700 化學生技醫療類指數,202512,-0.1,1.68
M1721 化學工業指數,202512,-6.93,1.69
M1722 生技醫療指數,202512,10.86,1.66
M1800 玻璃陶瓷類指數,202512,-8.02,0.7
M1900 造紙工業類指數,202512,-6.46,1.36
M2000 鋼鐵工業類指數,202512,-10.83,1.01
M2100 橡膠類指數,202512,-9.79,2.66
M2200 汽車工業類指數,202512,-2.56,1.11
M2300 電子類指數,202512,23.89,5.39
M2324 半導體業指數,202512,17.12,7.7
M2325 電腦及週邊設備業指數,202512,39.64,4.66
M2326 光電業指數,202512,-1.48,1.1
M2327 通信網路業指數,202512,12.73,3.39
M2328 零組件指數,202512,15.32,3.45
M2329 電子通路業指數,202512,17.99,3.89
M2330 資訊服務業指數,202512,10.33,3.88
M2331 其他電子業指數,202512,22.21,3.03
M2500 建材營造類指數,202512,15.03,3.45
M2600 航運業類指數,202512,-12.36,2.38
M2700 觀光餐旅類指數,202512,4.36,2.57
M2800 金融保險類指數,202512,18.73,2.09
M2870 保險,202512,9.51,4.93
M2871 壽險,202512,18.87,0.6
M28HO 金融控股,202512,23.66,2.32
M2900 貿易百貨類指數,202512,-0.69,2.71
M3000 證券,202512,45.35,4.47
M3500 綠能環保,202512,-3.04,-3.21
M3600 數位雲端,202512,-5.63,6.86
M3700 運動休閒,202512,-5.13,2.69
M3800 居家生活,202512,-7.43,4.14
M9700 油電燃氣業指數,202512,-3.68,1.49
M9900 其他類指數,202512,-2.8,2.69
O1721 OTC 化學工業,202512,24.04,1.7
O1722 OTC 生技醫療,202512,-1.49,3.54
O2324 OTC 半導體業,202512,17.21,3.6
O2325 OTC 電腦及週邊設備業,202512,11.13,3.03
O2326 OTC 光電業,202512,-0.56,1.21
O2327 OTC 通信網路業,202512,9.13,2.86
O2328 OTC 電子零組件,202512,9.2,2.9
O2329 OTC 電子通路業,202512,16.51,1.51
O2330 OTC 資訊服務業,202512,2.35,4.5
O2331 OTC 其他電子業,202512,21.73,4.96
OTC12 OTC 食品工業,202512,-0.78,3.92
OTC13 OTC 塑膠工業,202512,-3.25,2.86
OTC14 OTC 紡織纖維,202512,5.47,2.63
OTC15 OTC 電機機械,202512,0.26,1.35
OTC16 OTC 電器電纜,202512,-5.5,1.03
OTC17 OTC 化學生技,202512,0.96,3.3
OTC20 OTC 鋼鐵工業,202512,-11.63,1.31
OTC23 OTC 電子類,202512,12.72,3.22
OTC25 OTC 建材營造,202512,-29.62,2.97
OTC26 OTC 航運業,202512,-1.1,2.61
OTC27 OTC 觀光餐旅,202512,6.89,0.26
OTC28 OTC 金融業,202512,95.46,4.56
OTC30 OTC 證券類,202512,95.46,4.56
OTC32 OTC 文化創意業,202512,11.01,3.49
OTC33 OTC 農業科技,202512,-4.13,0.03
OTC35 OTC 綠能環保,202512,-10.14,2.04
OTC36 OTC 數位雲端,202512,3.67,1.73
OTC37 OTC 運動休閒,202512,2.99,3.05
OTC38 OTC 居家生活,202512,7.83,5.58
OTC55 OTC 非電子,202512,-1.41,2.69
OTC86 OTC 不含金融電子,202512,-2.43,2.62
OTC88 OTC 非金融,202512,6.74,3.02
OTC89 OTC 其它,202512,-5.63,1.07
OTC97 OTC 油電燃氣業,202512,12.29,1.67
OTC99 OTC 指數,202512,7.04,3.05
T2810 銀行上市櫃及金控旗下,202512,13.65,2.11
T2870 產險上市櫃及金控旗下,202512,9.69,5.11
T2871 壽險上市櫃及金控旗下,202512,16.7,2.76
T3000 證券上市櫃及金控旗下,202512,33.76,4.36
Y5555 不含電子,202512,-3.83,1.66
Y8886 未含金電,202512,-5.25,1.56
Y8888 不含金融,202512,16.5,3.94
Y9999 加權指數,202512,16.54,3.79
000930 華南永昌證券,202603,106.73,6.99
000960 富邦證券,202603,75.54,6.09
000980 元大證券,202603,76.97,4.82
0009A0 永豐金證券,202603,67.34,5.69
1101 台泥,202603,-5.12,0.4
1102 亞泥,202603,-15.68,0.89
1103 嘉泥,202603,-8.52,0.27
1104 環泥,202603,-8.79,1.14
1108 幸福,202603,-19.13,1.23
1109 信大,202603,-13.39,-0.15
1110 東泥,202603,-21.32,0.26
1201 味全,202603,-3.95,1.32
1203 味王,202603,-14.22,2.41
1210 大成,202603,5.64,2.77
1213 大飲,202603,16.54,-3.29
1215 卜蜂,202603,7.16,3.12
1216 統一,202603,3.4,4.5
1217 愛之味,202603,-1.55,-0.76
1218 泰山,202603,6.21,1.24
1219 福壽,202603,0.03,-0.08
1220 台榮,202603,-8.9,-0.98
1225 福懋油,202603,2.22,2.82
1227 佳格,202603,12.94,2.51
1229 聯華,202603,4,1.33
1231 聯華食,202603,7.12,4
1232 大統益,202603,9.21,6.17
1233 天仁,202603,3.7,2.21
1234 黑松,202603,4.42,0.62
1235 興泰,202603,107.49,-4.06
1236 宏亞,202603,5.72,0.8
1240 茂生農經,202603,0.92,2.4
1256 鮮活果汁-KY,202603,55.29,2.85
1259 安心,202603,3.58,0.07
1264 德麥,202603,5.73,5.4
1268 漢來美食,202603,14.57,10.21
1294 漢田生技,202603,30.56,5.01
1295 生合,202603,-8.21,1.03
1301 台塑,202603,-11.05,0.87
1303 南亞,202603,4.64,3.8
1304 台聚,202603,-11.53,-2.76
1305 華夏,202603,8.6,-1.65
1307 三芳,202603,0.74,3.89
1308 亞聚,202603,-15.15,-1.13
1309 台達化,202603,-21.26,-3.69
1310 台苯,202603,-4.75,-6.61
1312 國喬,202603,31.91,-4.14
1313 聯成,202603,-0.83,0.35
1314 中石化,202603,-37.21,-0.34
1315 達新,202603,-25.98,0.14
1316 上曜,202603,149.23,0.3
1319 東陽,202603,-22.77,3.22
1321 大洋,202603,-11.12,0.61
1323 永裕,202603,0.93,1.26
1324 地球,202603,-8.1,-0.5
1325 恆大,202603,-30.4,-0.29
1326 台化,202603,3.6,1.65
1336 台翰,202603,-10.27,0.4
1337 再生-KY,202603,-16.54,-3.14
1338 廣華-KY,202603,-10.99,-1.37
1339 昭輝,202603,-20.24,5.41
1340 勝悅-KY,202603,-81.27,-1.74
1341 富林-KY,202603,-1.32,6.92
1342 八貫,202603,17.77,7.23
1402 遠東新,202603,-3.79,1.74
1409 新纖,202603,-3.63,1.68
1410 南染,202603,-1.43,0.04
1413 宏洲,202603,-27.01,-1.51
1414 東和,202603,-14.89,0.38
1416 廣豐,202603,29.32,0.8
1417 嘉裕,202603,33.83,-1.81
1418 東華,202603,-77.18,-3.38
1419 新紡,202603,36.6,14.78
1423 利華,202603,10.02,0.42
1432 大魯閣,202603,-42.14,-3.46
1434 福懋,202603,-9.22,0.77
1435 中福,202603,0,-1.12
1436 華友聯,202603,-76.66,-0.95
1437 勤益控,202603,-9.05,1.67
1438 三地開發,202603,156529.46,2.26
1439 雋揚,202603,-44.34,1.68
1440 南紡,202603,-19.55,-0.26
1441 大東,202603,-26.53,-10.07
1442 名軒,202603,-78.05,1.07
1443 立益物流,202603,-11.7,3.95
1444 力麗,202603,9.81,0.58
1445 大宇,202603,-14.65,0.19
1446 宏和,202603,-38.52,2.44
1447 力鵬,202603,16.35,1.09
1449 佳和,202603,22.26,-0.95
1451 年興,202603,13.12,1.26
1452 宏益,202603,-6.21,-0.43
1453 大將,202603,1.34,-0.36
1454 台富,202603,-27.29,-1.77
1455 集盛,202603,-31.94,-0.46
1456 怡華,202603,33.64,-2.12
1457 宜進,202603,-24.41,0.36
1459 聯發,202603,-18.22,0.27
1460 宏遠,202603,-21.85,0.23
1463 強盛新,202603,-90.16,-0.09
1464 得力,202603,-13.76,2.07
1465 偉全,202603,17.44,1.79
1466 聚隆,202603,-19.54,1.29
1467 南緯,202603,-4.88,0.93
1468 昶和,202603,-48.22,1.81
1470 大統新創,202603,-10.58,2.67
1471 首利,202603,-53.28,-0.25
1472 三洋實業,202603,0.36,3.94
1473 台南,202603,-21.51,2.59
1474 弘裕,202603,-7.05,0.46
1475 業旺,202603,-10.99,3.77
1476 儒鴻,202603,2.63,6.42
1477 聚陽,202603,-10.35,7.91
1503 士電,202603,12.28,3.99
1504 東元,202603,4.54,1.31
1506 正道,202603,15.31,0.18
1512 瑞利,202603,11.41,1.28
1513 中興電,202603,0.67,4.49
1514 亞力,202603,25.25,3.08
1515 力山,202603,3.53,0.29
1516 川飛,202603,19.93,-1.02
1517 利奇,202603,-20.58,-1.05
1519 華城,202603,7.58,10.54
1521 大億,202603,13,1.8
1522 堤維西,202603,35.87,-0.23
1524 耿鼎,202603,-25.28,2.95
1525 江申,202603,1.74,-1.18
1526 日馳,202603,-19.25,-1.96
1527 鑽全,202603,-22.88,0.92
1528 恩德,202603,26.51,-1.33
1529 樂事綠能,202603,-6.77,1.5
1530 亞崴,202603,-19.47,0.43
1531 高林股,202603,-15.35,0.15
1532 勤美,202603,8.13,-0.12
1533 車王電,202603,62.84,4.77
1535 中宇,202603,-10.79,2.44
1536 和大,202603,-3.3,-1.9
1537 廣隆,202603,-2.06,3.84
1538 正峰,202603,-66.14,-26.91
1539 巨庭,202603,-32.18,0.33
1540 喬福,202603,-33.58,1.81
1541 錩泰,202603,-29.36,1.77
1558 伸興,202603,-5.78,1.78
1560 中砂,202603,29.44,5.18
1563 巧新,202603,-2.41,1.54
1565 精華,202603,-19.03,1.09
1568 倉佑,202603,-12,2.6
1569 濱川,202603,-1.46,-3.1
1570 力肯,202603,-1.34,1.18
1580 新麥,202603,0.5,4.36
1582 信錦,202603,-5.7,0.71
1583 程泰,202603,7.95,0.39
1584 精剛,202603,-24.11,0.41
1586 和勤,202603,1.05,0.9
1587 吉茂,202603,34.95,0.2
1590 亞德客-KY,202603,23.68,5.16
1591 駿吉-KY,202603,877.69,-0.66
1593 祺驊,202603,10.18,2.18
1595 川寶,202603,-20.26,-1.49
1597 直得,202603,31.99,1.58
1598 岱宇,202603,-12.12,0.77
1599 宏佳騰,202603,26.6,0.62
1603 華電,202603,-8.51,0.6
1604 聲寶,202603,-3.58,2.13
1605 華新,202603,-8.41,2
1608 華榮,202603,22.24,1.88
1609 大亞,202603,16.77,3.02
1611 中電,202603,-10.9,1.04
1612 宏泰,202603,7.28,3.14
1614 三洋電,202603,-9.28,2.16
1615 大山,202603,-13,3.98
1616 億泰,202603,8.6,2.38
1617 榮星,202603,18.4,0.55
1618 合機,202603,7.21,4.64
1623 大東電,202603,12.42,8.07
1626 艾美特-KY,202603,-8.62,-6.08
1702 南僑,202603,-0.74,0.59
1707 葡萄王,202603,1.14,2.4
1708 東鹼,202603,2.31,3.75
1709 和益,202603,-7.54,2.91
1710 東聯,202603,-12.84,-1.71
1711 永光,202603,5.38,0.59
1712 興農,202603,-2.11,3.46
1713 國化,202603,3.28,5.24
1714 和桐,202603,33.43,2.29
1717 長興,202603,1.81,1.48
1718 中纖,202603,1.73,2.21
1720 生達,202603,0.72,3.25
1721 三晃,202603,-22.12,-4.05
1722 台肥,202603,12.56,0.34
1723 中碳,202603,-24.31,2.25
1725 元禎,202603,3.14,0.62
1726 永記,202603,4.2,3.08
1727 中華化,202603,14.94,1.71
1730 花仙子,202603,-2.28,4.58
1731 美吾華,202603,7.11,2.63
1732 毛寶,202603,6.95,3.02
1733 五鼎,202603,-6.99,4.41
1734 杏輝,202603,2.61,1.81
1735 日勝化,202603,-4.24,1.25
1736 喬山,202603,11.15,0.17
1737 臺鹽,202603,-3.62,1.38
1742 台蠟,202603,-56.82,-0.97
1752 南光,202603,-8.6,1.32
1760 寶齡富錦,202603,7.84,2.73
1762 中化生,202603,87.21,2.89
1773 勝一,202603,10.57,5.18
1776 展宇,202603,-6.93,2.48
1777 生泰,202603,-12.72,2.82
1780 立弘,202603,14.57,3.07
1781 合世,202603,-20.57,-2.81
1783 和康生,202603,7.72,3.34
1784 訊聯,202603,8.22,-0.05
1785 光洋科,202603,76.61,9.87
1786 科妍,202603,0.48,1.14
1788 杏昌,202603,9.01,3.36
1789 神隆,202603,-3.88,0.16
1795 美時,202603,82.77,2.37
1796 金穎生技,202603,-7.95,-0.84
1799 易威,202603,56.19,3.06
1802 台玻,202603,6.13,1.14
1805 寶徠,202603,16.94,1.12
1806 冠軍,202603,-22.63,-0.75
1808 潤隆,202603,17344.89,7.1
1809 中釉,202603,2.89,-0.01
1810 和成,202603,-8.14,14.54
1813 寶利徠,202603,-11.85,0.32
1815 富喬,202603,36.08,3.55
1817 凱撒衛,202603,-0.86,3.77
1903 士紙,202603,-2.23,-0.35
1904 正隆,202603,1.34,2.06
1905 華紙,202603,-9.02,-0.95
1906 寶隆,202603,1.85,-0.14
1907 永豐餘,202603,-0.58,0.27
1909 榮成,202603,5.25,-0.14
2002 中鋼,202603,-4.82,-0.56
2006 東和鋼鐵,202603,-6.19,3.64
2007 燁興,202603,-34.42,-5.87
2008 高興昌,202603,-23.57,0.64
2009 第一銅,202603,29.58,0.85
2010 春源,202603,15.01,2.9
2012 春雨,202603,-13.56,-0.61
2013 中鋼構,202603,-10.59,2.31
2014 中鴻,202603,-21.63,-1.22
2015 豐興,202603,-14.11,2.4
2017 官田鋼,202603,-8.35,-1.26
2020 美亞,202603,-6.52,2.49
2022 聚亨,202603,56.66,-0.32
2023 燁輝,202603,-12.03,-2.57
2024 志聯,202603,-8,1.39
2025 千興,202603,96.54,5.24
2027 大成鋼,202603,19.51,3.86
2028 威致,202603,6.87,1.02
2029 盛餘,202603,-18.07,1.39
2030 彰源,202603,-1.38,3.4
2031 新光鋼,202603,-8.96,0.67
2032 新鋼,202603,2.03,3.65
2033 佳大,202603,-2.45,0.7
2034 允強,202603,-22,0.02
2035 唐榮,202603,-2.13,4.89
2038 海光,202603,-23.11,0.67
2049 上銀,202603,9.26,1.46
2059 川湖,202603,37.82,11.71
2061 風青,202603,6.91,2.77
2062 橋椿,202603,6.95,0
2063 世鎧,202603,-14.46,1.71
2064 晉椿,202603,16.03,-0.02
2065 世豐,202603,-4.7,3.3
2066 世德,202603,4.05,4.01
2067 嘉鋼,202603,-3.52,-12.85
2069 運錩,202603,-13.85,2.49
2070 精湛,202603,8.24,1
2072 世紀風電,202603,41.41,4.2
2073 雄順,202603,-22.5,-1.89
2101 南港,202603,162.18,10.29
2102 泰豐,202603,-45.79,0.06
2103 台橡,202603,-0.44,2.3
2104 國際中橡,202603,-16.08,-3.93
2105 正新,202603,1.14,2.15
2106 建大,202603,-1.24,0.57
2107 厚生,202603,-16.58,0.52
2108 南帝,202603,14.29,1.7
2109 華豐,202603,-10.84,2.81
2114 鑫永銓,202603,9.43,3.42
2115 六暉-KY,202603,-1.15,0.84
2201 裕隆,202603,-3.48,1.11
2204 中華,202603,18.44,1.5
2206 三陽工業,202603,-0.92,2.57
2207 和泰車,202603,-1.68,4.38
2208 台船,202603,21.02,1.19
2211 長榮鋼,202603,-14.19,1.68
2221 大甲,202603,14.77,2.63
2227 裕日車,202603,-30.6,-1.46
2228 劍麟,202603,-4.3,1.35
2230 泰茂,202603,62.44,-7.13
2231 為升,202603,-13.78,0.38
2233 宇隆,202603,-7.46,2.69
2235 謚源,202603,-1.38,0.79
2236 百達-KY,202603,18.72,0.37
2237 華德動能,202603,190.96,10.54
2239 英利-KY,202603,-10.38,-1.45
2241 艾姆勒,202603,23.87,-0.7
2243 宏旭-KY,202603,179.4,5.43
2247 汎德永業,202603,-31.91,1.5
2248 華勝-KY,202603,30.3,5.16
2249 湧盛,202603,-20.57,7.27
2250 IKKA-KY,202603,-7.61,1.09
2254 巨鎧精密-創,202603,-83.36,-6.24
2258 鴻華先進-創,202603,-53.29,-6.95
2301 光寶科,202603,19.2,4.24
2302 麗正,202603,11.81,2.31
2303 聯電,202603,5.49,4.1
2305 全友,202603,49.16,2.04
2308 台達電,202603,34,6.98
2312 金寶,202603,-15.03,1.94
2313 華通,202603,16.85,3.18
2314 台揚,202603,54.49,-107.17
2316 楠梓電,202603,17.38,4.86
2317 鴻海,202603,28.9,2.88
2321 東訊,202603,-1.49,0.46
2323 中環,202603,15.95,-2.31
2324 仁寶,202603,1.11,1.63
2327 國巨*,202603,22.7,4.69
2328 廣宇,202603,-25.59,-0.62
2329 華泰,202603,19.2,2.08
2330 台積電,202603,35.13,10.06
2331 精英,202603,40.75,0.58
2332 友訊,202603,3.13,-0.18
2337 旺宏,202603,70.58,3.69
2338 光罩,202603,-5.48,3.01
2340 台亞,202603,-1.3,-3.44
2342 茂矽,202603,-11.73,-0.72
2344 華邦電,202603,91.34,8.54
2345 智邦,202603,64.02,13.55
2347 聯強,202603,38.25,3.75
2348 海悅,202603,-23.85,0.15
2349 錸德,202603,-4.31,-0.2
2351 順德,202603,11.04,3.13
2352 佳世達,202603,3.61,0.62
2353 宏碁,202603,18.07,1.37
2354 鴻準,202603,-15.75,0.61
2355 敬鵬,202603,5.61,1.41
2356 英業達,202603,27.56,3.24
2357 華碩,202603,41.08,3.63
2359 所羅門,202603,-26.8,2.29
2360 致茂,202603,72.75,12.93
2362 藍天,202603,19.24,0.8
2363 矽統,202603,123.56,0.45
2364 倫飛,202603,-10.6,5.64
2365 昆盈,202603,3.14,0.98
2367 燿華,202603,-10.13,-2.23
2368 金像電,202603,60.1,10.19
2369 菱生,202603,39.63,0.68
2371 大同,202603,8.94,-0.14
2373 震旦行,202603,-4.58,1.92
2374 佳能,202603,77.96,2.72
2375 凱美,202603,11.28,0.86
2376 技嘉,202603,59.79,8.8
2377 微星,202603,5.07,6.24
2379 瑞昱,202603,4,8.89
2380 虹光,202603,12.23,4.35
2382 廣達,202603,66.62,8.97
2383 台光電,202603,52.52,10.86
2385 群光,202603,-1.76,3.28
2387 精元,202603,-6.51,1.11
2388 威盛,202603,4.32,0.02
2390 云辰,202603,-22.36,4.38
2392 正崴,202603,-5.14,6.81
2393 億光,202603,0.27,2
2395 研華,202603,17.49,6.33
2397 友通,202603,18.54,2.14
2399 映泰,202603,-12.8,11.28
2401 凌陽,202603,12.78,0.88
2402 毅嘉,202603,15.22,0.28
2404 漢唐,202603,76.15,18.43
2405 輔信,202603,-2.78,0.01
2406 國碩,202603,168.28,3.43
2408 南亞科,202603,582.91,14.33
2409 友達,202603,-4.26,-0.64
2412 中華電,202603,7.49,2.61
2413 環科,202603,1.88,3.18
2414 精技,202603,29.16,4.65
2415 錩新,202603,14.51,1.35
2417 圓剛,202603,16.73,1.74
2419 仲琦,202603,9.46,0.68
2420 新巨,202603,0.78,3.91
2421 建準,202603,20.6,6.42
2423 固緯,202603,27.51,6.52
2424 隴華,202603,-43.1,-12.34
2425 承啟,202603,-0.94,0.16
2426 鼎元,202603,-9.86,0.44
2427 三商電,202603,70.53,1.66
2428 興勤,202603,8.32,2.46
2429 銘旺科,202603,-7.63,-5.02
2430 燦坤,202603,-1.07,0.2
2431 聯昌,202603,-46.02,-2.09
2432 倚天酷碁-創,202603,25.81,1.42
2433 互盛電,202603,0.63,1.93
2434 統懋,202603,5.98,-1.01
2436 偉詮電,202603,31.74,3.23
2438 翔耀,202603,80.46,-5.05
2439 美律,202603,23.85,2.05
2440 太空梭,202603,11.84,1.12
2441 超豐,202603,21.2,3.23
2442 新美齊,202603,605.52,7.17
2444 兆勁,202603,-30.73,-6.73
2449 京元電子,202603,39.32,4.36
2450 神腦,202603,15.06,1.03
2451 創見,202603,356.89,33.01
2453 凌群,202603,7.47,4.16
2454 聯發科,202603,-2.71,6.04
2455 全新,202603,20.87,5.6
2457 飛宏,202603,-7.21,-1.61
2458 義隆,202603,3.39,6.67
2459 敦吉,202603,6.37,2.47
2460 建通,202603,62.27,1.22
2461 光群雷,202603,2.06,1.06
2462 良得電,202603,-0.34,0.04
2464 盟立,202603,7.87,0.98
2465 麗臺,202603,91.29,9.41
2466 冠西電,202603,-22.07,0.26
2467 志聖,202603,72.75,6.19
2468 華經,202603,-19.51,1.66
2471 資通,202603,14.13,2.42
2472 立隆電,202603,9.25,2.81
2474 可成,202603,-13.25,1.06
2476 鉅祥,202603,31.66,2.82
2477 美隆電,202603,-3.27,0.41
2478 大毅,202603,9.61,2.24
2480 敦陽科,202603,17.07,8.59
2481 強茂,202603,11.38,1.93
2482 連宇,202603,2.43,-1.67
2483 百容,202603,14.15,0.64
2484 希華,202603,-6.66,1.32
2485 兆赫,202603,149.61,2.5
2486 一詮,202603,19.91,1.12
2488 漢平,202603,3.72,2.58
2489 瑞軒,202603,9.33,0.72
2491 吉祥全,202603,-18.74,8.43
2492 華新科,202603,9.13,1.55
2493 揚博,202603,1.24,5.19
2495 普安,202603,35.07,1.95
2496 卓越,202603,5.99,3.54
2497 怡利電,202603,5.1,3.68
2498 宏達電,202603,-7.86,-0.9
2501 國建,202603,116.44,4.84
2504 國產,202603,-6.01,2.96
2505 國揚,202603,-37.98,0.58
2506 太設,202603,-3.97,0.55
2509 全坤建,202603,-7.2,-2.49
2511 太子,202603,26.77,0.36
2514 龍邦,202603,15.33,1.37
2515 中工,202603,35.63,1.12
2516 新建,202603,-26.8,2.71
2520 冠德,202603,2.87,1.51
2524 京城,202603,-65.32,0.62
2527 宏璟,202603,2497.31,4.56
2528 皇普,202603,-99.62,-0.61
2530 華建,202603,15.56,-0.32
2534 宏盛,202603,-88.6,-0.08
2535 達欣工,202603,55.58,7.15
2536 宏普,202603,2.54,0.38
2537 聯上發,202603,298.1,2.66
2538 基泰,202603,-2.69,0.15
2539 櫻花建,202603,-55,4.45
2540 愛山林,202603,-18.86,-0.07
2542 興富發,202603,1361.07,4.98
2543 皇昌,202603,21.27,1.89
2545 皇翔,202603,35.49,-0.03
2546 根基,202603,8.58,3.05
2547 日勝生,202603,19.03,0.54
2548 華固,202603,36624.45,3.38
2596 綠意,202603,-63.07,0.78
2597 潤弘,202603,18.86,7.32
2601 益航,202603,-51,0.15
2603 長榮,202603,-21.33,1.46
2605 新興,202603,44.44,2.21
2606 裕民,202603,11.75,2.49
2607 榮運,202603,-13.7,1.79
2608 嘉里大榮,202603,1.71,2.06
2609 陽明,202603,-15.05,0.46
2610 華航,202603,8.01,5.55
2611 志信,202603,110.37,2.03
2612 中航,202603,0.92,1.8
2613 中櫃,202603,7.39,0.77
2614 東森,202603,-3.81,1.32
2615 萬海,202603,-9.3,2.73
2616 山隆,202603,-1.16,-6.97
2617 台航,202603,5.74,1.65
2618 長榮航,202603,10.14,6.09
2630 亞航,202603,-12.92,0.52
2633 台灣高鐵,202603,3.87,2.84
2634 漢翔,202603,0.64,1.45
2636 台驊控股,202603,-13.01,1.51
2637 慧洋-KY,202603,23.61,2.42
2640 大車隊,202603,5.46,6.65
2641 正德,202603,19.97,2.69
2642 宅配通,202603,-16.28,-3.69
2643 捷迅,202603,-24.75,1.19
2645 長榮航太,202603,13.12,7.37
2646 星宇航空,202603,22.91,2.88
2701 萬企,202603,5.07,0.6
2702 華園,202603,2.09,0.92
2704 國賓,202603,0.79,0.23
2705 六福,202603,-1.33,-0.8
2706 第一店,202603,1.16,0.68
2707 晶華,202603,4.92,18.11
2712 遠雄來,202603,9.18,-1.43
2718 全心投控,202603,467.96,3.59
2719 燦星旅,202603,-14.3,7.11
2722 夏都,202603,-1.52,-1.31
2723 美食-KY,202603,-16.67,2.35
2724 藝舍-KY,202603,-20.36,-5.92
2726 雅茗-KY,202603,-7.49,-3.5
2727 王品,202603,9.48,9.17
2729 瓦城,202603,3.53,2.76
2731 雄獅,202603,13.76,7.26
2732 六角,202603,43.75,2.77
2734 易飛網,202603,38.07,1.5
2736 富野,202603,7.99,-0.65
2739 寒舍,202603,1.7,7.65
2740 華軒,202603,-61.18,-17.62
2743 山富,202603,4.36,6.59
2745 五福,202603,13.46,11.15
2748 雲品,202603,4.98,3.32
2751 王座,202603,38.77,4.91
2752 豆府,202603,9.45,8.63
2753 八方雲集,202603,3.93,5.54
2754 亞洲藏壽司,202603,11.09,3.74
2755 揚秦,202603,20.77,5.57
2756 聯發國際,202603,50.59,2.23
2762 世界健身-KY,202603,9.38,7.88
2801 彰銀,202603,15.5,2.34
2809 京城銀,202603,8.67,2.26
2812 台中銀,202603,9.62,2.62
2816 旺旺保,202603,,4.69
2820 華票,202603,86.32,2.3
2823 凱基人壽,202603,,1.94
2832 台產,202603,,3.41
2833 台壽,202603,,3.8
2834 臺企銀,202603,2.87,2.32
2836 高雄銀,202603,7.1,1.38
2837 凱基銀行,202603,9.77,2.65
2838 聯邦銀,202603,13.72,1.74
2845 遠東銀,202603,10.61,1.73
2848 華南保,202603,,5.19
2849 安泰銀,202603,16.61,1.41
2850 新產,202603,,5.77
2851 中再保,202603,,7.82
2852 第一保,202603,,3.21
2855 統一證,202603,217.42,5.65
2867 三商壽,202603,,-0.21
2884 玉山金,202603,17.4,3.61
2893 新光銀行,202603,14.73,2.71
2897 王道銀行,202603,34.85,1.89
2901 欣欣,202603,9.81,0.86
2903 遠百,202603,-0.32,1.68
2904 匯僑,202603,-17.17,-0.56
2905 三商,202603,-33.78,0
2906 高林,202603,-0.83,1.12
2908 特力,202603,9.88,2.02
2910 統領,202603,6.04,1.9
2911 麗嬰房,202603,-32.34,5.58
2912 統一超,202603,4.59,6.48
2913 農林,202603,-7.34,-0.27
2915 潤泰全,202603,-35.5,2.44
2916 滿心,202603,0.61,5.21
2923 鼎固-KY,202603,153.7,0.06
2924 宏太-KY,202603,69.06,-2.5
2926 誠品生活,202603,4.52,1.31
2929 淘帝-KY,202603,-9.48,-0.88
2937 集雅社,202603,4.76,2.45
2938 床的世界,202603,1.02,1.63
2939 永邑-KY,202603,-17.19,-2.46
2941 米斯特,202603,6.45,3.9
2945 三商家購,202603,10.47,1.7
2947 振宇五金,202603,6.11,2.73
2948 寶陞,202603,1.46,1.18
2949 欣新網,202603,17.98,1.99
3002 歐格,202603,29.92,-0.49
3003 健和興,202603,25.52,1.23
3004 豐達科,202603,28.66,3.4
3005 神基,202603,-2.55,4.2
3006 晶豪科,202603,150.33,17.89
3008 大立光,202603,6.62,3.27
3010 華立,202603,17.44,2.86
3011 今皓,202603,-36.42,-6.76
3013 晟銘電,202603,21.92,5.26
3014 聯陽,202603,0.68,6.92
3015 全漢,202603,0.44,0.63
3016 嘉晶,202603,18.06,2.05
3017 奇鋐,202603,110.17,17.03
3018 隆銘綠能,202603,-58.66,-9.45
3019 亞光,202603,14.79,2.08
3021 鴻名,202603,-0.49,0.96
3022 威強電,202603,-10.38,1.45
3023 信邦,202603,1.64,5.03
3024 憶聲,202603,-58.96,0.2
3025 星通,202603,40.44,3.76
3026 禾伸堂,202603,6.36,4.48
3027 盛達,202603,-45.57,0.07
3028 增你強,202603,95.82,11.4
3029 零壹,202603,1.69,5.18
3030 德律,202603,25.81,8.24
3031 佰鴻,202603,14.54,0.74
3032 偉訓,202603,16.19,2.99
3033 威健,202603,19.56,6.81
3034 聯詠,202603,-14.66,5.39
3035 智原,202603,-65.2,0.97
3036 文曄,202603,99.77,6.06
3037 欣興,202603,24.45,4.81
3038 全台,202603,-6.8,2.08
3040 遠見,202603,9.23,0.18
3041 揚智,202603,9.73,-9.41
3042 晶技,202603,5.46,2.88
3043 科風,202603,-26.7,0.09
3044 健鼎,202603,22.4,5.24
3045 台灣大,202603,3.34,4.66
3046 建碁,202603,1.13,5.88
3047 訊舟,202603,-40.09,-2.01
3048 益登,202603,17.21,5.78
3049 精金,202603,-70.4,2.75
3050 鈺德,202603,-7.05,-0.34
3051 力特,202603,-17.71,2.95
3052 夆典,202603,13.4,1.08
3054 立萬利,202603,643.66,9.49
3055 蔚華科,202603,26.42,-0.99
3056 富華新,202603,-91.46,0.04
3057 喬鼎,202603,24.06,0.17
3058 立德,202603,-3.46,-2.38
3059 華晶科,202603,9.02,1.18
3060 銘異,202603,7.43,1.83
3062 建漢,202603,28.22,-4.23
3064 泰偉,202603,-11.23,-5.6
3066 李洲,202603,20.51,4.31
3067 全域,202603,81.6,0.94
3071 協禧,202603,30.74,1.3
3073 天方能源,202603,436.01,-0.03
3078 僑威,202603,-40.23,2.32
3081 聯亞,202603,98.98,7.53
3083 網龍,202603,26.5,1.99
3085 新零售,202603,-6.44,-4.16
3086 華義*,202603,-25.49,-1.5
3088 艾訊,202603,29.62,4.85
3090 日電貿,202603,18.36,3.12
3092 鴻碩,202603,-9.36,-7.24
3093 港建*,202603,-53.27,1.11
3094 聯傑,202603,-8.5,0.57
3095 及成,202603,9.52,4.31
3105 穩懋,202603,28.36,1.08
3114 好德,202603,15.19,2.95
3115 富榮綱,202603,53.3,-1.36
3118 進階,202603,-10.19,2.94
3122 笙泉,202603,-5.38,-3.3
3128 昇銳,202603,-9.2,1.94
3130 一零四,202603,4.37,6.71
3131 弘塑,202603,28.65,10.54
3135 凌航,202603,177.96,31.81
3138 耀登,202603,22.23,-0.07
3141 晶宏,202603,8.64,2.15
3147 大綜,202603,-5.14,9.61
3149 正達,202603,25.37,-3.36
3150 鈺寶-創,202603,-5.63,-0.12
3152 璟德,202603,-8.75,2.35
3158 嘉實,202603,12.9,4.32
3162 精確,202603,6.38,0.19
3163 波若威,202603,25.23,7.78
3164 景岳,202603,-10.34,0.13
3167 大量,202603,130.66,8.06
3168 眾福科,202603,6.53,2.36
3169 亞信,202603,-5.26,3.3
3171 炎洲流通,202603,77.62,6.55
3176 基亞,202603,-47.64,-1.57
3178 公準,202603,-8.5,0.02
3188 鑫龍騰,202603,888.43,13.11
3189 景碩,202603,28.83,1.89
3191 雲嘉南,202603,1.86,-5.67
3205 佰研,202603,45.75,0.31
3206 志豐,202603,-11.96,1.09
3207 耀勝,202603,10.07,0.24
3209 全科,202603,18.81,6.43
3211 順達,202603,41.54,3.35
3213 茂訊,202603,-4.51,4.24
3217 優群,202603,2.64,5.15
3218 大學光,202603,-2.97,7.25
3219 倚強科,202603,53.3,1.64
3221 台嘉碩,202603,-0.55,1.59
3224 三顧,202603,5.92,-0.92
3226 龍鋒,202603,-35.45,0.07
3227 原相,202603,-5.93,3.24
3228 金麗科,202603,0.86,-6.01
3229 晟鈦,202603,45.79,5.72
3230 錦明,202603,-14.93,-4.04
3231 緯創,202603,144.25,6.82
3232 昱捷,202603,-3.75,1.25
3234 光環,202603,-11.37,-4.88
3236 千如,202603,19.46,0.65
3252 海灣,202603,6.94,0.75
3257 虹冠電,202603,-33.39,0.91
3259 鑫創,202603,-11.98,-10.82
3260 威剛,202603,163.43,35.47
3264 欣銓,202603,23.99,4.68
3265 台星科,202603,20.66,3.87
3266 昇陽,202603,102.7,0.7
3268 海德威,202603,12.9,-0.67
3272 東碩,202603,-15.07,-18.16
3276 宇環,202603,1.13,-0.78
3284 太普高,202603,-4.04,3.12
3285 微端,202603,60.02,1.96
3287 廣寰科,202603,11.44,7.91
3288 點晶,202603,4.03,-1.19
3289 宜特,202603,-4.24,3.59
3290 東浦,202603,83.69,10.49
3293 鈊象,202603,16.89,20.27
3294 英濟,202603,0.24,-2.79
3296 勝德,202603,-12.11,-2.85
3297 杭特,202603,10.92,-0.29
3303 岱稜,202603,3.91,3.79
3305 昇貿,202603,62.51,4.11
3306 鼎天,202603,11.72,0.16
3308 聯德,202603,-4.16,0.08
3310 佳穎,202603,-70.62,1.23
3311 閎暉,202603,-13.19,1.36
3312 弘憶股,202603,-0.81,4.52
3313 斐成,202603,823.09,0.71
3317 尼克森,202603,12.48,2.35
3321 同泰,202603,-3.52,-8.6
3322 建舜電,202603,4.56,-4.86
3323 加百裕,202603,-7.7,-2.18
3324 雙鴻,202603,93.69,9.95
3325 旭品,202603,-23.09,-7.26
3332 幸康,202603,19.62,3.53
3338 泰碩,202603,-8.33,1.16
3339 泰谷,202603,52.21,-7.13
3346 麗清,202603,-17.32,-2.26
3349 寶德,202603,-37.09,-6.56
3354 律勝,202603,9.21,-1.52
3356 奇偶,202603,8.07,6.85
3357 臺慶科,202603,11.29,2.88
3360 尚立,202603,71.98,-0.67
3362 先進光,202603,9.67,-1.95
3363 上詮,202603,-7.15,-2.58
3372 典範,202603,35.89,-0.36
3373 熱映,202603,2.05,-1.55
3374 精材,202603,23.83,3.86
3376 新日興,202603,-16.14,0.17
3379 彬台,202603,-32.6,-2.29
3380 明泰,202603,17.47,0.21
3388 崇越電,202603,12.94,1.95
3390 旭軟,202603,8.29,-1.05
3402 漢科,202603,10.62,5.41
3406 玉晶光,202603,15.4,3.39
3413 京鼎,202603,14.22,2.94
3416 融程電,202603,18.21,4.3
3419 譁裕,202603,5.43,-4.08
3426 台興,202603,-27.49,1.04
3430 奇鈦科,202603,31.45,4.28
3432 台端,202603,371.38,-3.16
3434 哲固,202603,-49.06,0.55
3437 榮創,202603,-22.97,-3.32
3438 類比科,202603,-23.13,0.49
3441 聯一光,202603,24.51,2.28
3443 創意,202603,62.99,11.97
3444 利機,202603,4.91,1.77
3447 展達,202603,8.87,1.06
3450 聯鈞,202603,-24.33,2.3
3455 由田,202603,-59.46,-2
3465 進泰電子,202603,-23.84,-5.04
3466 德晉,202603,391.35,-1.7
3467 台灣精材,202603,9.93,1.57
3479 安勤,202603,11,4.46
3481 群創,202603,19.15,0.79
3483 力致,202603,13.06,0.34
3484 崧騰,202603,-3.97,1.49
3485 敘豐,202603,-6.85,4.28
3489 森寶,202603,122.49,-0.19
3490 單井,202603,1.94,8.71
3491 昇達科,202603,64.51,7.13
3492 長盛,202603,-10.87,1.65
3494 誠研,202603,17.73,-4.47
3498 陽程,202603,75.11,-0.53
3499 環天科,202603,-28.6,-6.19
3501 維熹,202603,-13.84,0.25
3504 揚明光,202603,5.37,0.21
3508 位速,202603,0.25,-3.65
3511 矽瑪,202603,1.12,-0.67
3512 皇龍,202603,-69.92,2
3515 華擎,202603,27.76,5.8
3516 亞帝歐,202603,31.82,0.45
3518 柏騰,202603,-16.16,18.52
3520 華盈,202603,26.75,-0.59
3521 台鋼建設,202603,-41.5,19.16
3522 御嵿,202603,16.59,6.14
3523 迎輝,202603,-55.51,-7.01
3526 凡甲,202603,19.13,7.91
3527 聚積,202603,-10.96,0.02
3528 安馳,202603,102.86,9.38
3529 力旺,202603,19.99,14.73
3530 晶相光,202603,56.4,1.39
3531 先益,202603,-25.23,1.01
3532 台勝科,202603,10.87,-0.28
3533 嘉澤,202603,20.12,5.76
3535 晶彩科,202603,538.98,7.26
3537 堡達,202603,6.62,5.46
3540 曜越,202603,-3.81,0.6
3541 西柏,202603,-4.27,0.25
3543 州巧,202603,-6.03,-0.73
3545 敦泰,202603,-17.33,0.06
3546 宇峻,202603,50.13,8.7
3548 兆利,202603,-35.55,-1.47
3550 聯穎,202603,21.61,1.32
3551 世禾,202603,19.11,3.03
3552 同致,202603,-15.19,0.02
3555 博士旺,202603,4201.68,32.91
3556 禾瑞亞,202603,23.07,6.25
3557 嘉威,202603,-28.46,1.62
3558 神準,202603,-23.43,0.31
3563 牧德,202603,9.02,5.32
3564 其陽,202603,11.76,-1.36
3567 逸昌,202603,-6.92,0.79
3570 大塚,202603,-8.21,6.75
3576 聯合再生,202603,-46.87,14.84
3577 泓格,202603,22.7,6.56
3580 友威科,202603,-29.61,-0.7
3581 博磊,202603,13.65,2.49
3583 辛耘,202603,10.95,4.76
3587 閎康,202603,15.03,3
3588 通嘉,202603,15.16,1.28
3591 艾笛森,202603,1.55,0.64
3592 瑞鼎,202603,-6.68,2.6
3593 力銘,202603,-44.64,-15.57
3594 磐儀,202603,33.94,-0.92
3596 智易,202603,0.64,4.19
3597 映興,202603,-1.77,0.55
3605 宏致,202603,9.48,1.35
3607 谷崧,202603,-0.29,0.2
3609 三一東林,202603,-39.76,-8.03
3611 鼎翰,202603,-3.17,3.96
3615 安可,202603,-18.31,0.72
3617 碩天,202603,2.2,4.26
3622 洋華,202603,-2.82,2.23
3623 富晶通,202603,12.21,2.13
3624 光頡,202603,17.61,2.51
3625 西勝,202603,15.04,0.28
3628 盈正,202603,15.19,1
3629 地心引力,202603,44072.22,-10.15
3630 新鉅科,202603,27.28,-1.83
3631 晟楠,202603,-14.87,-1.11
3632 研勤,202603,13.39,2.28
3645 達邁,202603,1.64,2.6
3646 艾恩特,202603,0.59,-2.78
3652 精聯,202603,10.12,1.58
3653 健策,202603,11.63,6.32
3661 世芯-KY,202603,-60.07,3.4
3663 鑫科,202603,113.14,1.08
3664 安瑞-KY,202603,-56.21,-155.95
3665 貿聯-KY,202603,29.42,4.87
3666 光耀,202603,-36.61,-3.11
3669 圓展,202603,23.5,1.99
3672 康聯訊,202603,-37.13,-4.97
3673 TPK-KY,202603,30.53,1.22
3675 德微,202603,9.49,3.19
3679 新至陞,202603,-15.33,3.47
3680 家登,202603,9.14,2.29
3684 榮昌,202603,12.17,2.84
3685 元創精密,202603,48.14,2.54
3686 達能,202603,25.7,-0.16
3687 歐買尬,202603,13.39,1.7
3689 湧德,202603,29.32,3.79
3691 碩禾,202603,181.19,4.21
3693 營邦,202603,-36.61,1.05
3694 海華,202603,26.56,4.11
3701 大眾控,202603,-29.03,-2.3
3702 大聯大,202603,27.19,6.47
3703 欣陸,202603,-14.07,1.02
3704 合勤控,202603,-10.3,0.98
3705 永信,202603,-15.54,2.91
3706 神達,202603,34.64,2.24
3707 漢磊,202603,20.15,-1.03
3708 上緯投控,202603,-90.37,-0.04
3709 鑫聯大投控,202603,33.92,11.91
3710 連展投控,202603,4.15,-12.41
3711 日月光投控,202603,17.22,3.86
3712 永崴投控,202603,-19.24,33.76
3713 新晶投控,202603,1.38,-2.72
3714 富采,202603,-6.86,-0.32
3715 定穎投控,202603,23.6,-2
3716 中化控股,202603,-1.19,2.5
3717 聯嘉投控,202603,26.54,2.99
4102 永日,202603,-4.48,0.69
4104 佳醫,202603,9.01,1.99
4105 東洋,202603,4.23,6
4106 雃博,202603,4.84,1.85
4107 邦特,202603,5.38,4.15
4108 懷特,202603,13.04,-1.19
4109 加捷生醫,202603,1.7,1.08
4111 濟生,202603,11.62,3.83
4113 聯上,202603,-95.37,-1.18
4114 健喬,202603,12.45,1.34
4116 明基醫,202603,7.87,2.18
4119 旭富,202603,4.3,0.37
4120 友華,202603,-0.46,-0.05
4121 優盛,202603,1.35,-0.75
4123 晟德,202603,22.99,7.17
4126 太醫,202603,-3.8,3.46
4127 天良,202603,70.04,7
4128 中天,202603,9.9,-2.47
4129 聯合,202603,15.2,2.07
4130 健亞,202603,-15.93,-0.67
4131 浩泰,202603,-13.09,-0.44
4133 亞諾法,202603,-2.86,1.32
4137 麗豐-KY,202603,15.07,2.14
4138 曜亞,202603,-2.41,1.91
4139 馬光-KY,202603,-3.62,-6.49
4142 國光生,202603,14.16,-4.05
4147 中裕,202603,-5.76,0.43
4148 全宇生技-KY,202603,-3.7,0.43
4153 鈺緯,202603,7.62,2.52
4154 樂威科-KY,202603,-17.41,-3.77
4155 訊映,202603,-6.93,2.46
4157 太景*-KY,202603,-4.96,-1.35
4160 訊聯基因,202603,4.19,0.04
4161 聿新科,202603,14.6,1.78
4162 智擎,202603,27.97,2.75
4163 鐿鈦,202603,1.75,2.29
4164 承業醫,202603,15.18,0.46
4166 友霖,202603,4.52,1.5
4167 松瑞藥,202603,-11.48,2.44
4168 醣聯,202603,-11.17,-8.03
4169 泰宗,202603,11.33,-2.43
4171 瑞基,202603,-0.36,-1.05
4173 久裕,202603,4.46,0.97
4174 浩鼎,202603,-61.52,-20.28
4175 杏一,202603,-0.67,1.16
4178 永笙-KY,202603,-11.29,-2.13
4183 福永生技,202603,-47.02,-4.47
4188 安克,202603,-5.8,-2.76
4190 佐登-KY,202603,-8.94,-0.96
4192 杏國,202603,13.67,-5.43
4195 基米-創,202603,24.66,-8.56
4198 欣大健康,202603,-39.46,-3.5
4205 中華食,202603,1.84,3.66
4207 環泰,202603,2.86,3.36
4303 信立,202603,1.52,-1.23
4304 勝昱,202603,-0.24,-2.6
4305 世坤,202603,-5.69,4.85
4306 炎洲,202603,9.1,1.36
4401 東隆興,202603,-6.23,0.72
4402 郡都開發,202603,-27.38,-0.62
4406 新昕纖,202603,-37.91,-2.7
4413 飛寶企業,202603,-9.18,1.33
4414 如興,202603,0.38,-7.11
4416 三圓,202603,2749.39,0.96
4417 金洲,202603,-15.93,2.12
4419 皇家美食,202603,3.12,-2.48
4420 光明,202603,-7.56,0.46
4426 利勤,202603,-6.01,-2.64
4430 耀億,202603,4.94,0.78
4432 銘旺實,202603,-6.05,9.95
4433 興采,202603,-17.04,3.52
4438 廣越,202603,0.75,0.53
4439 冠星-KY,202603,2.07,2.87
4440 宜新實業,202603,29.77,2.62
4441 振大環球,202603,25.2,4.85
4442 竣邦-KY,202603,6.49,4.22
4502 健信,202603,25.57,1.1
4503 金雨,202603,35.3,3.83
4506 崇友,202603,14.2,6.2
4510 高鋒,202603,42.78,2.25
4513 福裕,202603,75.07,0.48
4523 永彰,202603,121.17,-0.87
4526 東台,202603,-29.24,-3.44
4527 方方土霖,202603,-5.6,2.75
4528 江興鍛,202603,-5.54,-0.61
4529 淳紳,202603,-6.28,-5.17
4530 宏易,202603,-1.29,-0.45
4532 瑞智,202603,-8.93,2.23
4533 協易機,202603,-17.13,1.21
4534 慶騰,202603,11.21,0.19
4535 至興,202603,-7.5,1.62
4536 拓凱,202603,-3.53,3.75
4538 大詠城,202603,27.97,0.71
4540 全球傳動,202603,67.12,-0.64
4541 晟田,202603,31.37,2.72
4542 科嶠,202603,11.56,1.78
4543 萬在,202603,39.32,2.52
4545 銘鈺,202603,-11.31,0.85
4549 桓達,202603,-9.43,2.18
4550 長佳,202603,13.48,2.44
4551 智伸科,202603,13.08,3.47
4552 力達-KY,202603,-5.61,0.21
4554 橙的,202603,1.14,0.21
4555 氣立,202603,7.15,0.19
4556 旭然,202603,18.45,0.67
4557 永新-KY,202603,-32.72,-0.2
4558 寶緯,202603,-23.26,0.35
4560 強信-KY,202603,3.1,2.53
4561 健椿,202603,7.52,1.08
4562 穎漢,202603,-8.26,1.04
4563 百德,202603,-32,-2.19
4564 元翎,202603,-37.11,-1.68
4566 時碩工業,202603,8.16,0.85
4568 科際精密,202603,-6.73,1.36
4569 六方科-KY,202603,6.56,3.55
4571 鈞興-KY,202603,-8.29,3.82
4572 駐龍,202603,6.36,1.9
4576 大銀微系統,202603,45.47,2.93
4577 達航科技,202603,54.49,-1.08
4580 捷流閥業,202603,6.89,2.94
4581 光隆精密-KY,202603,-1.33,2.37
4582 聚恆,202603,116.02,2.82
4583 台灣精銳,202603,5.72,2.87
4584 君帆,202603,-26.22,2.53
4585 達明,202603,-2.43,0.99
4588 玖鼎電力,202603,42.04,2.86
4590 富田-創,202603,-25.82,1.9
4609 唐鋒,202603,-32.53,-2.62
4702 中美實,202603,5.22,2.45
4706 大恭,202603,8.27,1.46
4707 磐亞,202603,-6.86,1.64
4711 永純,202603,5.67,1.38
4714 永捷,202603,95.97,-0.32
4716 大立,202603,-1.68,1.4
4720 德淵,202603,2.83,1.32
4721 美琪瑪,202603,59.07,9.39
4722 國精化,202603,-2.96,0.7
4726 永昕,202603,61.7,-7.58
4728 雙美,202603,1.92,15.81
4729 熒茂,202603,-9.32,0.39
4735 豪展,202603,8.23,4.54
4736 泰博,202603,10,2.93
4737 華廣,202603,-15.82,-3.99
4739 康普,202603,125,3.21
4741 泓瀚,202603,5.64,1.14
4743 合一,202603,45.21,-1.45
4744 皇將,202603,-14.69,-0.49
4745 合富-KY,202603,-11.6,-0.99
4746 台耀,202603,-6.97,0.17
4747 強生,202603,-0.14,3.81
4749 新應材,202603,29.85,3.72
4754 國碳科,202603,-19.6,5.23
4755 三福化,202603,-1.97,1.61
4760 勤凱,202603,52.12,7.85
4763 材料*-KY,202603,-34.73,5.33
4764 雙鍵,202603,24.66,3.7
4766 南寶,202603,5.08,5.6
4767 誠泰科技,202603,-9.9,1.96
4768 晶呈科技,202603,157.63,-1.85
4770 上品,202603,9.6,2.47
4771 望隼,202603,27.17,5.3
4772 台特化,202603,290.03,6.02
4804 大略-KY,202603,10.28,-45.86
4806 桂田文創,202603,191.31,-0.55
4807 日成-KY,202603,16.97,6.79
4903 聯光通,202603,80.17,3.26
4904 遠傳,202603,6.77,3.89
4905 台聯電,202603,38.45,1.89
4906 正文,202603,-39.62,-1.13
4907 富宇,202603,171.24,12.38
4908 前鼎,202603,25.04,3.37
4909 新復興,202603,-56.45,0.17
4911 德英,202603,-59.8,1.59
4912 聯德控股-KY,202603,13.86,2.23
4915 致伸,202603,7.79,2.84
4916 事欣科,202603,23.44,16.36
4919 新唐,202603,-4.5,0.05
4923 力士,202603,30.45,0.81
4924 欣厚-KY,202603,39.3,3.33
4927 泰鼎-KY,202603,-12.05,-15.25
4930 燦星網,202603,-19.67,-1.12
4931 新盛力,202603,20.54,7.58
4933 友輝,202603,-1.31,4.26
4934 太極,202603,133.19,-5.23
4935 茂林-KY,202603,-24.92,0.64
4938 和碩,202603,-10.4,1.16
4939 亞電,202603,-6.23,1.72
4942 嘉彰,202603,-5.23,0.81
4943 康控-KY,202603,43.1,-15.7
4946 辣椒,202603,-32.6,3.13
4949 有成精密,202603,36.67,4.84
4950 金耘國際,202603,10.3,2.56
4951 精拓科,202603,4.9,6.2
4952 凌通,202603,11.52,2.54
4953 緯軟,202603,28.66,4.02
4956 光鋐,202603,15.27,1.45
4958 臻鼎-KY,202603,1.61,1.19
4960 誠美材,202603,-13.87,-2.13
4961 天鈺,202603,-3.43,1.41
4966 譜瑞-KY,202603,-3.9,2.39
4967 十銓,202603,69.05,38.41
4968 立積,202603,9.51,1.93
4971 IET-KY,202603,22.84,3.83
4972 湯石照明,202603,-3.8,-1.91
4973 廣穎,202603,74.75,20.69
4974 亞泰,202603,-13.66,2.45
4976 佳凌,202603,0.91,-3.08
4977 眾達-KY,202603,-23.7,-2.38
4979 華星光,202603,11.86,5.66
4987 科誠,202603,11.84,3.85
4989 榮科,202603,92.75,1.24
4991 環宇-KY,202603,51.04,5.22
4994 傳奇,202603,3.82,2.72
4995 晶達,202603,10.62,4.61
4999 鑫禾,202603,-5.67,-1.25
5007 三星,202603,-10.8,3.74
5009 榮剛,202603,-5.23,1.62
5011 久陽,202603,-16.88,2.67
5013 強新,202603,-1.37,1.51
5014 建錩,202603,11.78,2.14
5015 華祺,202603,-31.23,1.23
5016 松和,202603,-1.58,1.2
5201 凱衛,202603,-14.46,-3.97
5202 力新,202603,-4.17,-1.44
5203 訊連,202603,2.42,2.25
5205 中茂,202603,86.23,-5.65
5206 坤悅,202603,44.7,10.76
5209 新鼎,202603,-23.17,9.47
5210 寶碩,202603,-2.97,2.46
5211 蒙恬,202603,39.28,-1.71
5212 凌網,202603,5.89,3.18
5213 亞昕,202603,-83.91,-0.57
5215 科嘉-KY,202603,28.29,1.69
5220 萬達光電,202603,27.02,2.41
5222 全訊,202603,-33.3,0.82
5223 安力-KY,202603,-1.02,-0.9
5225 東科-KY,202603,-13.7,3.66
5227 立凱-KY,202603,-74.16,-20.16
5228 鈺鎧,202603,48.16,7.11
5230 雷笛克光學,202603,1.19,-1.19
5234 達興材料,202603,8.61,6.86
5236 凌陽創新,202603,16.17,7.18
5243 乙盛-KY,202603,-7.19,2.93
5244 弘凱,202603,-9.72,-1.83
5245 智晶,202603,-19.53,-5.61
5251 天鉞電,202603,-8.21,0.84
5258 虹堡,202603,1.7,-1.24
5262 立達,202603,28.58,8.83
5263 智崴,202603,27.11,1.26
5269 祥碩,202603,39.41,5.06
5272 笙科,202603,-18.76,-3.68
5274 信驊,202603,52.38,20.9
5276 達輝-KY,202603,4.5,4.28
5278 尚凡*,202603,16.97,2.13
5283 禾聯碩,202603,-3.36,0.28
5284 jpp-KY,202603,44.65,5.69
5285 界霖,202603,1.64,3.44
5287 數字,202603,0.86,7.05
5288 豐祥-KY,202603,8.93,3.99
5289 宜鼎,202603,403.39,46.03
5291 邑昇,202603,25.23,0.68
5292 華懋,202603,-13.43,5.83
5299 杰力,202603,-4.83,2.62
5301 寶得利,202603,10.19,-2.39
5302 太欣,202603,143.45,-0.5
5306 桂盟,202603,5.25,2.49
5309 系統電,202603,-1.15,0.08
5310 天剛,202603,31.91,0.59
5312 寶島科,202603,12.33,2.34
5314 世紀*,202603,184.23,4.05
5315 光聯,202603,-6.68,2.76
5321 美而快,202603,-22.54,-16.51
5324 士開,202603,-25.92,-1.38
5328 華容,202603,12.86,1.03
5340 建榮,202603,22.18,3.92
5344 立衛,202603,26.64,0.39
5345 馥鴻,202603,282.4,-0.84
5347 世界,202603,4.87,2.43
5348 正能量智能,202603,28.58,-1.75
5351 鈺創,202603,336.18,13.5
5353 台林,202603,-4.46,2.7
5355 佳總,202603,1.39,-3.21
5356 協益,202603,-10.36,0.65
5364 力麗店,202603,-15.72,-1.2
5371 中光電,202603,10.48,-0.43
5381 合正,202603,-31.98,2.24
5386 青雲,202603,590.9,92.57
5388 中磊,202603,46.61,1.91
5392 能率,202603,2.85,-0.74
5398 慕康生醫,202603,12.78,-2.11
5403 中菲,202603,-9.2,4.1
5410 國眾,202603,21.08,8.37
5425 台半,202603,-2.61,2.78
5426 振發,202603,6.07,1.73
5432 新門,202603,13.48,1.47
5434 崇越,202603,17.62,6.73
5438 東友,202603,-44.68,-0.61
5439 高技,202603,78.18,7.95
5443 均豪,202603,23.64,0.79
5450 南良,202603,0.19,0.48
5452 佶優,202603,-18.38,-0.04
5455 昇益,202603,-97.43,-0.71
5457 宣德,202603,-4.5,-0.4
5460 同協,202603,20.59,0.71
5464 霖宏,202603,19.62,0.96
5465 富驊,202603,-31.63,2.27
5468 凱鈺,202603,64.68,1.22
5469 瀚宇博,202603,48.49,1.93
5471 松翰,202603,23.92,2.27
5474 聰泰,202603,0.44,1.23
5475 德宏,202603,90.87,3.38
5478 智冠,202603,20.06,4
5481 新華,202603,-9.27,-0.58
5483 中美晶,202603,0.04,2.2
5484 慧友,202603,109.9,4.42
5487 通泰,202603,-15.58,-0.27
5488 松普,202603,23.42,0.8
5489 彩富,202603,12.49,1.23
5490 同亨,202603,4.69,4.72
5493 三聯,202603,17.1,3.96
5498 凱崴,202603,48.69,0.04
5508 永信建,202603,-18.65,3.44
5511 德昌,202603,27.39,3.97
5512 力麒,202603,-1.25,0.8
5514 三豐,202603,46024.5,2.29
5515 建國,202603,38.82,7.2
5516 雙喜,202603,48.18,6.23
5519 隆大,202603,-9.49,2.16
5520 力泰,202603,-5.18,4.78
5521 工信,202603,21.33,1.12
5522 遠雄,202603,798.19,2.81
5523 豐謙,202603,0.35,-0.22
5525 順天,202603,1278.49,5.33
5529 鉅陞,202603,2023.56,4.51
5530 龍巖,202603,-8.19,1.4
5531 鄉林,202603,14.5,0.07
5533 皇鼎,202603,-1.09,0.47
5534 長虹,202603,-22.02,0.26
5536 聖暉*,202603,35.61,9.41
5538 東明-KY,202603,2.81,2.95
5543 桓鼎-KY,202603,11.62,2.07
5546 永固-KY,202603,-62.7,-1.42
5547 久舜,202603,-8.67,2.17
5548 安倉,202603,13.03,2.14
5601 台聯櫃,202603,0.52,0.46
5603 陸海,202603,2.57,0.44
5604 中連,202603,3.82,1.72
5607 遠雄港,202603,35.67,3.23
5608 四維航,202603,-1.9,-0.69
5609 中菲行,202603,-0.89,3.64
5701 劍湖山,202603,-10.56,-4.73
5703 亞都,202603,14.61,3.56
5704 老爺知,202603,34.54,1.9
5706 鳳凰,202603,-0.34,2.79
5828 富邦保,202603,,7.85
5833 元大證金,202603,1.6,0.56
5834 兆豐保險,202603,,2.26
5835 國泰世華,202603,7.89,3.98
5836 台北富邦銀,202603,16.85,3.54
5838 華銀,202603,8.55,2.39
5840 國票,202603,56.41,2.03
5841 中信銀,202603,13.57,3.63
5842 兆豐票券,202603,45.55,1.81
5843 兆豐銀行,202603,1.41,1.87
5844 一銀,202603,9.78,2.43
5846 國壽,202603,,2.77
5847 玉山銀,202603,9.31,2.94
5848 台新銀,202603,20.35,2.91
5849 永豐銀行,202603,15.77,3.62
5852 元大銀,202603,30,2.34
5854 合庫,202603,5.38,1.67
5864 致和證,202603,499.58,17.27
5865 富邦人壽,202603,,2.37
5871 中租-KY,202603,-2.87,2.95
5876 上海商銀,202603,-0.85,2.35
5878 台名,202603,1.19,2.11
5902 德記,202603,-11.76,3.29
5903 全家,202603,9.78,2.82
5904 寶雅,202603,12.69,13.66
5905 南仁湖,202603,174.68,-0.94
5906 台南-KY,202603,-10.12,0.4
5907 大洋-KY,202603,-8.93,-5.19
6005 群益證,202603,78.79,6.02
6008 凱基證,202603,80.61,8.28
6015 宏遠證,202603,358.15,6.2
6016 康和證,202603,1367.34,9.55
6020 大展證,202603,3297.8,2.52
6021 美好證,202603,509.56,2.64
6023 元大期,202603,34.76,3.53
6024 群益期,202603,-2.99,4.11
6026 福邦證,202603,34.98,0.47
6028 公勝保經,202603,11.65,7.61
6101 寬魚國際,202603,563.95,8.67
6103 合邦,202603,-2.98,-1.72
6104 創惟,202603,-0.06,5.66
6108 競國,202603,5.19,-5.16
6109 亞元,202603,30.14,-2.73
6111 光聚晶電,202603,128.45,-0.07
6112 邁達特,202603,27.37,0.8
6113 亞矽,202603,33.11,1.91
6114 久威,202603,-22.37,2.65
6115 鎰勝,202603,3.37,2.41
6116 彩晶,202603,3.99,-0.54
6117 迎廣,202603,21.16,5.36
6118 建達,202603,13.23,-0.29
6120 達運,202603,-4.81,-1.03
6121 新普,202603,0.5,3.64
6122 擎邦,202603,-8.3,4.38
6123 上奇,202603,-10.7,3.09
6124 業強,202603,24.16,1.03
6125 廣運,202603,30.76,-0.49
6126 信音,202603,47.64,1.57
6127 九豪,202603,-3.32,-4.66
6128 上福,202603,-1.05,1.3
6129 普誠,202603,61.09,-1.72
6130 上亞科技,202603,-0.9,-2.58
6133 金橋,202603,7.6,0.93
6134 萬旭,202603,49.83,1.27
6136 富爾特,202603,28.55,-0.2
6138 茂達,202603,11.44,7.47
6139 亞翔,202603,68.5,10.53
6140 訊達,202603,-26.19,3.91
6141 柏承,202603,2.67,-15.82
6142 友勁,202603,2.86,-2.06
6143 振曜,202603,25.26,4.09
6144 得利影,202603,-13.61,-2.74
6146 耕興,202603,6.33,4.87
6147 頎邦,202603,11.92,0.93
6148 驊宏資,202603,-30,0.59
6150 撼訊,202603,-6.59,4.5
6151 晉倫,202603,0.4,4.07
6152 百一,202603,-12.48,-2.94
6153 嘉聯益,202603,-4.99,-4.03
6154 順發,202603,5.69,2.98
6155 鈞寶,202603,5.16,0.99
6156 松上,202603,0.89,0.48
6158 禾昌,202603,-5.91,-5.38
6160 欣技,202603,-2.64,-3.15
6161 捷波,202603,16.31,3.52
6163 華電網,202603,46.31,0.03
6164 華興,202603,-11.86,0.43
6165 浪凡,202603,6.47,5.59
6166 凌華,202603,28.73,5.95
6167 久正,202603,25.17,-0.5
6168 宏齊,202603,7.8,0.22
6169 昱泉,202603,-98.65,-6.97
6170 統振,202603,0.66,5.31
6171 大城地產,202603,124.67,0.32
6173 信昌電,202603,7.67,2.28
6174 安碁,202603,15.72,2.5
6175 立敦,202603,4.3,2.84
6176 瑞儀,202603,0.15,2.92
6177 達麗,202603,724.55,13.8
6179 亞通,202603,49.9,0.94
6180 橘子,202603,-10.13,2.56
6182 合晶,202603,7.54,0.08
6183 關貿,202603,6.4,5.5
6184 大豐電,202603,2.41,2.37
6185 幃翔,202603,22.92,-0.99
6186 新潤,202603,48.59,7.65
6187 萬潤,202603,13.19,4.41
6188 廣明,202603,-11.06,1
6189 豐藝,202603,-5.91,4.33
6190 萬泰科,202603,10.13,2.21
6191 精成科,202603,80.89,2.95
6192 巨路,202603,-0.62,3.42
6194 育富,202603,-26.04,0.79
6195 詩肯,202603,19.13,5.74
6196 帆宣,202603,7.9,6.55
6197 佳必琪,202603,21.08,8.13
6198 瑞築,202603,78.38,-0.38
6199 天品,202603,1171.92,7.92
6201 亞弘電,202603,-12.82,2.12
6202 盛群,202603,8.5,1.76
6203 海韻電,202603,-20.96,3.56
6204 艾華,202603,-5.23,0.62
6205 詮欣,202603,-20.43,1.21
6206 飛捷,202603,10.96,6.52
6207 雷科,202603,-2.25,0.24
6208 日揚,202603,-10.69,4.94
6209 今國光,202603,47.94,4.37
6210 慶生,202603,51.24,-4.07
6212 理銘,202603,-74.8,1.08
6213 聯茂,202603,20.62,1.48
6214 精誠,202603,21.69,3.97
6215 和椿,202603,58.7,5.84
6216 居易,202603,-32.86,-0.69
6217 中探針,202603,36.5,0.47
6218 豪勉,202603,14.82,2.6
6219 富旺,202603,18839.64,4.51
6220 岳豐,202603,-7.66,-1.47
6221 晉泰,202603,-32.24,1.91
6222 立軒,202603,-17.55,-0.47
6223 旺矽,202603,39.04,8.09
6224 聚鼎,202603,-0.55,2.28
6225 天瀚,202603,-34.82,-3.62
6226 光鼎,202603,-3.63,0.1
6227 茂綸,202603,40.78,7.76
6228 全譜,202603,-24.69,-0.73
6229 研通,202603,44.55,0.8
6230 尼得科超眾,202603,8.08,-1.36
6231 系微,202603,7.82,7.19
6233 旺玖,202603,-7.44,-0.19
6234 高僑,202603,40.2,0.84
6235 華孚,202603,13.06,1.22
6236 中湛,202603,-33.99,0.06
6237 驊訊,202603,29.9,-1.26
6239 力成,202603,37.56,3.29
6240 松崗,202603,28.15,-2.47
6241 鑫永洋,202603,-14.36,6.1
6242 立康,202603,-9.82,1.21
6243 迅杰,202603,-45.59,-0.19
6244 茂迪,202603,-4.02,1.01
6245 立端,202603,-9.56,1.75
6246 臺龍,202603,-23.33,-6.1
6248 沛波,202603,-21.97,1.23
6257 矽格,202603,13,4.54
6259 百徽,202603,51.51,3.02
6261 久元,202603,7.17,1.51
6263 普萊德,202603,-2.12,7.2
6264 富裔,202603,-42.57,-3.58
6265 方土昶,202603,432.53,12.87
6266 泰詠,202603,-4.77,2.41
6269 台郡,202603,5.72,-3.59
6270 倍微,202603,-3.6,0.71
6271 同欣電,202603,-3.07,1.48
6272 驊陞,202603,-24.95,0.52
6274 台燿,202603,57.78,6.87
6275 元山,202603,14.45,2.27
6276 安鈦克,202603,-40.79,-8.99
6277 宏正,202603,7.34,2.74
6278 台表科,202603,1.13,2.78
6279 胡連,202603,-8.77,2.09
6281 全國電,202603,0,4.02
6282 康舒,202603,20.54,1.01
6283 淳安,202603,-8.91,-0.54
6284 佳邦,202603,-10.12,0.94
6285 啟碁,202603,2.78,3.27
6290 良維,202603,11.49,5.69
6291 沛亨,202603,49.48,8.84
6292 迅德,202603,24.14,3.12
6294 智基,202603,-14.31,-0.34
6405 悅城,202603,-61.11,-0.63
6409 旭隼,202603,-15.82,3.94
6411 晶焱,202603,12.83,0.81
6412 群電,202603,-7.8,2.72
6414 樺漢,202603,7.68,2.89
6415 矽力*-KY,202603,18.72,1.93
6416 瑞祺電通,202603,-4.61,2.66
6417 韋僑,202603,15.86,4.03
6418 詠昇,202603,0.85,-1.05
6419 京晨科,202603,56.77,12.27
6423 億而得,202603,-6.93,1.71
6425 易發,202603,39.51,0.66
6426 統新,202603,56.07,3.1
6431 光麗-KY,202603,-21.73,-6.72
6432 今展科,202603,2.27,2.63
6435 大中,202603,3.95,6.94
6438 迅得,202603,12.2,2.52
6441 廣錠,202603,-65.71,-7.44
6442 光聖,202603,28.55,8.73
6443 元晶,202603,-45.24,-2.8
6446 藥華藥,202603,57.23,6.47
6449 鈺邦,202603,24.66,3.41
6451 訊芯-KY,202603,-21.42,-1.85
6456 GIS-KY,202603,5.86,-0.68
6461 益得,202603,130.09,-10.69
6462 神盾,202603,111.76,-2.54
6464 台數科,202603,-6.24,2.1
6465 威潤,202603,82.61,11.88
6467 泰合,202603,-99.7,-10.57
6469 大樹,202603,3.7,3.16
6470 宇智,202603,-51.54,2.74
6472 保瑞,202603,-10.68,0.28
6474 華豫寧,202603,0.32,2.83
6477 安集,202603,54.21,-0.01
6482 弘煜科,202603,-34.78,1.87
6485 點序,202603,-14.85,0
6486 互動,202603,12.23,1.52
6488 環球晶,202603,-10.32,2.03
6491 晶碩,202603,18.33,4.15
6492 生華科,202603,-4,-9.17
6494 九齊,202603,35.84,2.37
6496 科懋,202603,3.88,-7.06
6498 久禾光,202603,34.72,5.49
6499 益安,202603,12.18,-9.17
6504 南六,202603,-4.72,0.21
6505 台塑化,202603,-6.51,5.5
6506 雙邦,202603,9.78,4.11
6508 惠光,202603,6,1.31
6509 聚和,202603,5.34,4.46
6510 精測,202603,17.79,3.65
6512 啟發電,202603,-27.16,-2.05
6515 穎崴,202603,29.74,10.8
6516 勤崴國際,202603,34.75,3.61
6517 保勝光學,202603,-18.91,2.42
6523 達爾膚,202603,-20.37,6.28
6525 捷敏-KY,202603,11.77,4.6
6526 達發,202603,4.46,3.56
6527 明達醫,202603,-16.12,3.35
6530 創威,202603,16.75,4.39
6531 愛普*,202603,115.39,5.42
6532 瑞耘,202603,-19.12,2.54
6533 晶心科,202603,20.31,-3.75
6534 正瀚-創,202603,1.86,15.91
6535 順藥,202603,-49.61,-8.26
6538 倉和,202603,-27.23,1.77
6541 泰福-KY,202603,166.39,-7.03
6542 隆中,202603,21.15,0.09
6546 正基,202603,-16.1,3.04
6547 高端疫苗,202603,-8.23,-0.81
6548 長科*,202603,15.45,4.18
6550 北極星藥業-KY,202603,340.09,-10.97
6552 易華電,202603,-33.87,-3.2
6556 勝品,202603,3.11,3.23
6558 興能高,202603,-15.15,-2.37
6560 欣普羅,202603,76.82,1.86
6561 是方,202603,3.06,8.68
6568 宏觀,202603,28,2.67
6569 醫揚,202603,21.76,2.54
6570 維田,202603,17.56,2.65
6573 虹揚-KY,202603,-23.21,-4.51
6574 霈方,202603,29.53,8.08
6576 逸達,202603,-27.3,35.01
6577 勁豐,202603,0.78,6.49
6578 達邦蛋白,202603,19.67,0.56
6579 研揚,202603,23.07,4.28
6581 鋼聯,202603,-11.71,3.06
6582 申豐,202603,-66.37,-0.43
6584 南俊國際,202603,73.54,7.01
6585 鼎基,202603,-14.87,3.54
6588 東典光電,202603,169.86,-0.31
6589 台康生技,202603,69.54,-1.72
6590 普鴻,202603,0.36,2.83
6591 動力-KY,202603,-25.45,1.38
6592 和潤企業,202603,-4.6,2.15
6593 台灣銘板,202603,-17.79,-2.14
6596 寬宏藝術,202603,30.39,5.87
6597 立誠,202603,-22.97,-1.66
6598 ABC-KY,202603,80.95,3.18
6603 富強鑫,202603,2.83,0.2
6604 儒億,202603,7.37,7.23
6605 帝寶,202603,-4.52,3.53
6606 建德工業,202603,11.09,1.79
6609 瀧澤科,202603,-16.21,-0.49
6612 奈米醫材,202603,0.32,1.2
6613 朋億*,202603,8.95,5.07
6614 資拓宏宇,202603,59.61,0.83
6615 慧智,202603,-3.01,2.28
6616 特昇-KY,202603,-29.24,-4.14
6617 共信-KY,202603,24.09,-1.69
6620 漢達,202603,15.93,1.39
6624 萬年清,202603,-10.52,0.27
6625 必應,202603,59.78,4.56
6629 泰金-KY,202603,73.65,8.19
6637 醫影,202603,51.31,2.39
6640 均華,202603,93,5.16
6641 基士德-KY,202603,-6.13,-0.22
6642 富致,202603,2.73,2.65
6643 M31,202603,-9.15,-2.66
6645 金萬林-創,202603,20.88,-9.73
6649 台生材,202603,-60.97,0.02
6651 全宇昕,202603,2.43,6.84
6654 天正國際,202603,44.09,-0.81
6655 科定,202603,26.28,2.87
6657 華安,202603,14.67,-5.31
6658 聯策,202603,27.32,3.86
6661 威健生技,202603,7.54,-2.15
6662 樂斯科,202603,1.91,1.22
6664 群翊,202603,16.77,5.58
6666 羅麗芬-KY,202603,-8.29,0.6
6667 信紘科,202603,13.91,7.07
6668 中揚光,202603,20.36,-3.08
6669 緯穎,202603,62.03,10.66
6670 復盛應用,202603,-0.13,5.3
6671 三能-KY,202603,-15.87,0.89
6672 騰輝電子-KY,202603,21.86,3.39
6674 鋐寶科技,202603,-33.94,-7.97
6679 鈺太,202603,3.43,3.58
6680 鑫創電子,202603,22.27,0.35
6683 雍智科技,202603,46.32,6.04
6684 安格,202603,-6.79,0.05
6689 伊雲谷,202603,-6.25,1.07
6690 安碁資訊,202603,21.01,2.24
6691 洋基工程,202603,76.8,12.8
6692 進能服,202603,-82.02,-5.13
6693 廣閎科,202603,64.22,4.76
6695 芯鼎,202603,4.45,-4.26
6697 東捷資訊,202603,7.89,3.64
6698 旭暉應材,202603,-9.79,-1.32
6703 軒郁,202603,9.44,4.58
6706 惠特,202603,-61.94,-1.98
6708 天擎,202603,-16.79,-1.51
6712 長聖,202603,7.06,6.06
6715 嘉基,202603,17.38,1.64
6716 應廣,202603,68.33,6.28
6719 力智,202603,0.01,1.56
6720 久昌,202603,-33.61,1.69
6721 信實,202603,6.36,4.92
6722 輝創,202603,-4.61,1.22
6725 矽科宏晟,202603,33.68,3.86
6727 亞泰金屬,202603,166.58,5.46
6728 上洋,202603,8.26,2.92
6730 常廣,202603,-0.99,2.13
6732 昇佳電子,202603,-10.2,2.58
6733 博晟生醫,202603,15.74,-1.9
6735 美達科技,202603,45.66,1.39
6739 竹陞科技,202603,92.26,14.31
6741 91APP*-KY,202603,31.38,4.23
6742 澤米,202603,-42.94,-1.96
6743 安普新,202603,-6.72,-1.03
6751 智聯服務,202603,-7.97,0.82
6752 叡揚,202603,5.9,3.79
6753 龍德造船,202603,7.11,6.53
6754 匯僑設計,202603,-16.51,0.37
6756 威鋒電子,202603,6.36,1.3
6757 台灣虎航,202603,19.64,17.97
6761 穩得,202603,-14.95,3.25
6762 達亞,202603,-17.02,-1.04
6763 綠界科技*,202603,12.74,3.3
6767 台微醫,202603,0.81,0.59
6768 志強-KY,202603,-10.83,1.57
6770 力積電,202603,22.09,15.94
6771 平和環保-創,202603,-19.73,2.37
6776 展碁國際,202603,19.83,3.58
6781 AES-KY,202603,31.74,5.21
6782 視陽,202603,29.72,5.55
6785 昱展新藥,202603,,-1.47
6788 華景電,202603,14.26,6.6
6789 采鈺,202603,7.99,2.55
6790 永豐實,202603,-2.64,3.74
6791 虎門科技,202603,11.29,6.71
6792 詠業,202603,4.51,1.67
6794 向榮生技,202603,-36.24,-2.7
6796 晉弘,202603,10.3,-1.57
6799 來頡,202603,-1.42,3.03
6803 崑鼎,202603,3.56,4.87
6804 明係,202603,23.09,0.63
6805 富世達,202603,85.81,12.55
6806 森崴能源,202603,-26.42,152.74
6807 峰源-KY,202603,-29.93,1.32
6811 宏碁資訊,202603,14.65,8.86
6821 聯寶,202603,-11.63,1.54
6823 濾能,202603,9.83,-14.13
6829 千附精密,202603,41.62,4.86
6830 汎銓,202603,24.54,-1.02
6831 邁科,202603,50.68,1.62
6834 天二科技,202603,19.69,2.74
6835 圓裕,202603,-3.77,0.19
6838 台新藥,202603,7546.8,-1.05
6840 東研信超,202603,8.38,0.34
6841 長佳智能,202603,-3.61,0.98
6843 進典,202603,7.09,1.32
6844 諾貝兒,202603,-2.55,1.87
6846 綠茵,202603,-14.89,3.31
6854 錼創科技-KY創,202603,-54.7,-6.7
6855 數泓科,202603,-21.4,5.41
6856 鑫傳,202603,2.58,1.57
6859 伯特光,202603,-43.55,1.97
6861 睿生光電,202603,47.37,5.86
6862 三集瑞-KY,202603,-22.8,1.64
6863 永道-KY,202603,1.07,0.76
6865 偉康科技,202603,-56.61,-4.75
6869 雲豹能源,202603,67.15,-1.92
6870 騰雲,202603,35.35,1.88
6872 浩宇生醫,202603,1537.34,-5.06
6873 泓德能源,202603,-2.91,0.28
6874 倍力,202603,81.61,8.57
6875 國邑*,202603,,-6.23
6877 鏵友益,202603,-69.65,-3.44
6881 潤德,202603,11.9,8.33
6884 海柏特,202603,6.81,2.37
6885 全福生技,202603,2723,-4.43
6887 寶綠特-KY,202603,-39.73,-1.56
6890 來億-KY,202603,-26.9,0.66
6894 衛司特,202603,60.16,6.43
6895 宏碩系統,202603,-7.56,-0.01
6898 程曦資訊,202603,13.79,6.02
6899 創為精密,202603,-4.96,2.44
6901 鑽石投資,202603,,-3.94
6902 GOGOLOOK,202603,26.58,7.97
6903 巨漢,202603,358.7,12.68
6904 伯鑫,202603,-7.34,3.22
6906 現觀科,202603,0.36,2.63
6907 雅特力-KY,202603,74.7,5.35
6908 宏碁遊戲-創,202603,6.45,-0.82
6909 創控,202603,-22.16,0.46
6910 德鴻,202603,15.54,1.8
6913 鴻呈,202603,23.13,4.28
6914 阜爾運通,202603,9.24,4.34
6916 華凌,202603,-1.94,-3.13
6918 愛派司,202603,11.71,3.96
6919 康霈*,202603,,-1.15
6921 嘉雨思-創,202603,-53.12,-3.02
6922 宸曜,202603,22.38,6.9
6923 中台,202603,4.21,2.88
6924 榮惠-KY創,202603,6.35,8.51
6925 意藍,202603,6.15,1.98
6928 攸泰科技,202603,-10.35,-0.16
6929 佑全,202603,-0.12,-0.93
6931 青松健康,202603,18.05,2.86
6933 AMAX-KY,202603,-6.92,1.99
6934 心誠鎂,202603,-55.48,-11.66
6936 永鴻生技,202603,8.12,3.18
6937 天虹,202603,26.29,1.77
6944 兆聯實業,202603,54.84,9.16
6945 圓祥生技,202603,,-7.27
6947 台鎔科技,202603,134.42,2.5
6949 沛爾生醫-創,202603,-46.68,-3.78
6951 青新-創,202603,21.48,6.27
6952 大武山,202603,37.21,1.1
6953 家碩,202603,7.5,2.41
6955 邦睿生技-創,202603,18.81,3.77
6957 裕慶-KY,202603,28.69,3.03
6958 日盛台駿,202603,-11.28,0.79
6961 旅天下,202603,0.49,5.3
6962 奕力-KY,202603,-14.37,1.38
6965 中傑-KY,202603,-21.66,-0.76
6967 汎瑋材料,202603,28.66,3.26
6968 萬達寵物,202603,17.31,3.59
6969 成信實業*-創,202603,3.85,-0.54
6971 惠民實業,202603,11.37,0.44
6982 大井泵浦,202603,12.49,0.42
6983 華洋精機,202603,-8.7,0.73
6986 和迅,202603,42.91,3.63
6988 威力暘-創,202603,-24.59,-0.36
6994 富威電力,202603,103.26,1.26
6996 力領科技,202603,15.34,5.24
6997 博弘,202603,6.81,-8.52
7402 邑錡,202603,-19.35,-2.2
7547 碩網,202603,46.81,1.42
7556 意德士,202603,10.79,5.06
7583 國際海洋,202603,23.63,-5.09
7584 樂意,202603,-25.46,-4.46
7610 聯友金屬-創,202603,483.78,28.04
7631 聚賢研發-創,202603,99.34,4.19
7642 昶瑞機電,202603,-46.25,1.55
7689 大鵬科CLMX,202603,24.56,10.72
7703 銳澤,202603,7.98,1.76
7704 明遠精密,202603,9.54,2.03
7705 三商餐飲,202603,6.19,1.5
7708 全家餐飲,202603,11.68,4.94
7709 榮田,202603,6.88,0.87
7711 永擎,202603,91.93,11.24
7712 博盛半導體,202603,4.54,2.4
7713 威力德生醫,202603,13.79,4.44
7714 創泓科技,202603,5.77,6.08
7715 裕山,202603,-56.26,2.3
7716 昱臺國際,202603,-14.33,0.79
7717 萊德光電-KY,202603,25.76,3.72
7718 友鋮,202603,5.91,4.32
7721 微程式,202603,20.09,0.9
7722 LINEPAY,202603,15.51,1.24
7723 築間,202603,-18.82,-5.62
7728 光焱科技,202603,18.02,2.9
7730 暉盛-創,202603,10.95,1.4
7732 金興精密,202603,-9.82,2.9
7734 印能科技,202603,81.96,6.23
7736 虎山,202603,-14.69,2.53
7738 東聯互動,202603,18.08,4
7740 熙特爾-創,202603,1151.64,12.79
7743 金利食安,202603,28.74,0.23
7744 崴寶,202603,65.36,7.14
7747 昕奇雲端,202603,1.52,4.07
7749 意騰-KY,202603,71.32,4.31
7750 新代,202603,49.45,9.42
7751 竑騰,202603,73.18,8.12
7753 星亞,202603,-2.87,4.79
7757 金色三麥,202603,4.11,3.59
7760 享溫馨,202603,-1.33,2.14
7763 崇舜,202603,-2.36,3.92
7765 中華資安,202603,15.76,6.47
7767 仁大資訊,202603,-9.86,2.43
7768 頌勝科技,202603,16.63,5.41
7769 鴻勁,202603,81.39,7.66
7770 君曜,202603,-40.53,0.51
7772 耀穎,202603,-19.71,1.21
7777 能率亞洲,202603,32.83,-2.16
7780 大研生醫*,202603,38.55,1.9
7782 光速火箭,202603,-3.46,2.56
7786 東方風能,202603,53.74,2.12
7788 松川精密,202603,14.44,2.97
7791 皇家可口,202603,-8.96,4.09
7792 安葆,202603,24.24,2.75
7794 宏碁智新,202603,46.86,3.77
7795 長廣,202603,-17.44,0.73
7799 禾榮科,202603,1159.83,-0.5
7801 華芸科技,202603,-2.4,8.17
7803 雲象科技,202603,-6.92,-12.1
7805 威聯通,202603,9.39,5.75
7806 精華生醫,202603,-9.03,1.99
7810 捷創科技,202603,40.85,3.85
7811 民盛,202603,-18.25,1.66
7814 海昌生技,202603,61.59,-0.8
7818 溢泰實業,202603,-12.84,1.64
7819 精誠金融,202603,-1.82,1.98
7820 立盈,202603,63.3,3.55
7821 神數,202603,10.24,4.51
7822 倍利科,202603,124.98,5.77
7823 奧義賽博-KY創,202603,26.64,-1.14
7825 和亞智慧,202603,3.03,4.07
7827 漢康-KY,202603,,-45.56
7828 創新服務,202603,51.84,3.32
7839 達人網,202603,2.45,5.47
7840 祥圃,202603,13.28,2.32
7842 天能綠電,202603,86.87,4.63
7848 騏億鑫,202603,30.97,6.54
7855 和運租車,202603,3.07,4.09
7856 漢測,202603,122.58,18.44
7867 特力屋,202603,4,4.54
7883 饗賓,202603,26.06,9.2
8011 台通,202603,-10.36,0.24
8016 矽創,202603,23,4.28
8021 尖點,202603,50.96,3.31
8024 佑華,202603,-20.48,-6.01
8027 鈦昇,202603,21.41,-0.88
8028 昇陽半導體,202603,20.41,5.43
8032 光菱,202603,40.68,2.24
8033 雷虎,202603,11.85,2.43
8034 榮群,202603,29.91,0.06
8038 長園科,202603,332.87,3.15
8039 台虹,202603,8.46,1.62
8040 九暘,202603,20.52,0.5
8042 金山電,202603,32.88,6.94
8043 蜜望實,202603,80.77,3.87
8044 網家,202603,7.14,-0.22
8045 達運光電,202603,42.68,0.54
8046 南電,202603,32.15,2.82
8047 星雲,202603,-19.17,-3.06
8048 德勝,202603,8.13,2.77
8049 晶采,202603,-12.15,2.24
8050 廣積,202603,-20.59,1.47
8054 安國,202603,352.34,-0.17
8059 凱碩,202603,1063.75,0.66
8064 東捷,202603,29.95,1.61
8066 來思達,202603,-21.11,-4.85
8067 志旭,202603,-34.12,-9.39
8068 全達,202603,80.9,-0.95
8069 元太,202603,7.12,4.12
8070 長華*,202603,20.39,2.66
8071 能率網通,202603,7.67,-2.42
8072 陞泰,202603,34.52,1.17
8074 鉅橡,202603,18.9,2.73
8076 伍豐,202603,52.76,1.2
8077 洛碁,202603,3,8.21
8080 泰霖,202603,-55.63,0.21
8081 致新,202603,-2.16,4.44
8083 瑞穎,202603,22.85,7.57
8084 巨虹,202603,-7.77,4.44
8085 福華,202603,11.26,-1.79
8086 宏捷科,202603,58.38,3.61
8087 麗升能源,202603,196.94,4.3
8088 品安,202603,72.78,5.52
8089 康全電訊,202603,-74.99,-5.91
8091 翔名,202603,38.01,3.55
8092 建暐,202603,20.83,-2.94
8093 保銳,202603,25.45,-5.98
8096 擎亞,202603,-29.97,10.22
8097 常珵,202603,-35.15,-3.94
8099 大世科,202603,28.33,4.58
8101 華冠,202603,8.41,-18.05
8102 傑霖科技,202603,-8.23,2.27
8103 瀚荃,202603,23.28,2.36
8104 錸寶,202603,-40.44,-1.59
8105 凌巨,202603,3.9,2.39
8107 大億金茂,202603,-21.24,0.15
8109 博大,202603,20.63,4.82
8110 華東,202603,9.87,1.98
8111 立碁,202603,-1.84,1.42
8112 至上,202603,137.85,10.6
8114 振樺電,202603,-40.21,3.42
8121 越峰,202603,18.57,0.47
8131 福懋科,202603,32.03,3.43
8147 正淩,202603,26.11,2.47
8150 南茂,202603,25.37,2.08
8155 博智,202603,36.18,5.45
8162 微矽電子-創,202603,-4.87,0.56
8163 達方,202603,9.87,0.26
8171 天宇,202603,16.04,-1.44
8176 智捷,202603,-48.39,-1.22
8182 加高,202603,-3.32,0.43
8183 精星,202603,14.34,0.96
8201 無敵,202603,5.55,-1.48
8210 勤誠,202603,71.1,11.42
8213 志超,202603,7.57,0.46
8215 明基材,202603,-0.75,-2.64
8222 寶一,202603,-7.47,2.79
8227 巨有科技,202603,88.4,2.18
8234 新漢,202603,-30.49,-2.08
8240 華宏,202603,-14.47,0.84
8249 菱光,202603,-8.01,0.59
8255 朋程,202603,-3.74,1.37
8261 富鼎,202603,9.17,3.1
8271 宇瞻,202603,243.66,32.33
8272 全景軟體,202603,4.31,1.2
8277 商丞,202603,-51.38,-1.85
8279 生展,202603,-14.25,1.44
8284 三竹,202603,8.94,4.23
8289 泰藝,202603,2.26,1.2
8291 尚茂,202603,188.95,-12.32
8299 群聯,202603,196.03,22.61
8341 日友,202603,13.4,3.97
8342 益張,202603,1.43,4.39
8349 恒耀,202603,1.6,1.52
8354 冠好,202603,6.56,1.13
8358 金居,202603,46.53,6.64
8367 建新國際,202603,-0.21,1.9
8374 羅昇,202603,28.37,2.83
8383 千附,202603,23.63,3.34
8390 金益鼎,202603,49.5,7.37
8401 白紗科,202603,4.98,2.73
8403 盛弘,202603,2.42,0.26
8404 百和興業-KY,202603,-1.89,1.01
8409 商之器,202603,121.82,-0.48
8410 森田,202603,-18.63,1.11
8411 福貞-KY,202603,23.87,0.68
8415 大國鋼,202603,12.55,3.48
8416 實威,202603,4.57,5.51
8421 旭源,202603,2.81,0.67
8422 可寧衛*,202603,-23.79,2.33
8423 保綠-KY,202603,2.66,1.71
8424 惠普,202603,-2.91,4.44
8426 紅木-KY,202603,9.4,-1.67
8429 金麗-KY,202603,-25.91,0.05
8431 匯鑽科,202603,5.46,-5.84
8432 東生華,202603,-0.45,2.43
8433 弘帆,202603,8.29,3.19
8435 鉅邁,202603,5.42,3.28
8436 大江,202603,3.41,2.59
8437 大地-KY,202603,-22.7,-0.79
8438 昶昕,202603,34.72,3.64
8440 綠電,202603,-25.87,1.67
8442 威宏-KY,202603,0.08,0.06
8443 阿瘦,202603,-5.03,-3.77
8444 綠河-KY,202603,-57.38,-226.09
8446 華研,202603,-3.88,4.54
8450 霹靂,202603,126.74,3.86
8454 富邦媒,202603,0.71,6.38
8455 大拓-KY,202603,13.98,0.33
8462 柏文,202603,20.17,7.55
8463 潤泰材,202603,0.47,3.74
8464 億豐,202603,0.45,5.95
8466 美吉吉-KY,202603,-28.69,-2.33
8467 波力-KY,202603,-6.9,1.47
8472 夠麻吉,202603,53.66,-1.74
8473 山林水,202603,10.32,2.93
8476 台境*,202603,38.14,0.07
8477 創業家,202603,-40.89,-0.86
8478 東哥遊艇,202603,51.1,3.84
8481 政伸,202603,-8.38,3.01
8482 商億-KY,202603,5.57,2.07
8487 愛爾達-創,202603,58.42,9.71
8488 吉源-KY,202603,55.58,-0.59
8489 三貝德,202603,56.58,2.72
8499 鼎炫-KY,202603,75.45,1.3
8905 裕國,202603,2.53,0.62
8906 花王,202603,17.99,-2.54
8908 欣雄,202603,-9.48,3.29
8916 光隆,202603,-13.31,0.5
8917 欣泰,202603,-3.09,3.62
8921 沈氏,202603,-1.06,-1.73
8923 時報,202603,-16.1,1.16
8924 大田,202603,15.47,0.11
8926 台汽電,202603,597.88,8.06
8927 北基,202603,29.83,0.93
8928 鉅明,202603,-27.33,3.09
8929 富堡,202603,-3.78,-0.36
8930 青鋼,202603,-0.71,3.54
8931 大汽電,202603,0.23,2.27
8932 智通*,202603,16.76,8.43
8933 愛地雅,202603,-34.57,-5.91
8935 邦泰,202603,3.91,-1.22
8936 國統,202603,26.71,3.01
8937 合騏*,202603,677.96,-1.05
8938 明安,202603,-9.89,2.61
8940 新天地,202603,3.98,10.83
8941 關中,202603,5.69,4.49
8942 森鉅,202603,-56.54,1.7
8996 高力,202603,237.62,13.73
9105 泰金寶-DR,202603,-12.05,2
9110 越南控-DR,202603,-9.14,-0.1
911622 泰聚亨-DR,202603,107.06,-0.14
9802 鈺齊-KY,202603,0.19,1.3
9902 台火,202603,-64.04,1.4
9904 寶成,202603,-5.88,1.34
9905 大華,202603,15.12,1.26
9906 欣巴巴,202603,904.47,10.01
9907 統一實,202603,-8.84,1.07
9908 大台北,202603,-0.76,1.06
9910 豐泰,202603,-7.18,2.37
9911 櫻花,202603,5.46,6.09
9912 偉聯,202603,-2.51,-3.22
9914 美利達,202603,-29.66,1.63
9917 中保科,202603,0.97,4.99
9918 欣天然,202603,-8.73,3.44
9919 康那香,202603,-0.01,-4.89
9921 巨大,202603,-25.68,-0.4
9924 福興,202603,-16.18,1.19
9925 新保,202603,6.92,1.31
9926 新海,202603,-1.03,2.82
9927 泰銘,202603,4.76,2.48
9928 中視,202603,7.79,-1.68
9929 秋雨,202603,-2.29,3
9930 中聯資源,202603,-5.06,3.99
9931 欣高,202603,2.11,2.48
9933 中鼎,202603,-22.76,4.45
9934 成霖,202603,6.29,1.84
9935 慶豐富,202603,1.57,3.42
9937 全國,202603,-6.82,3.43
9938 百和,202603,-4.96,1.76
9939 宏全,202603,-5.77,3.38
9940 信義,202603,30,1.23
9941 裕融,202603,-1.13,2.6
9942 茂順,202603,13.36,4.18
9943 好樂迪,202603,-8.69,4.21
9944 新麗,202603,11.82,2.11
9945 潤泰新,202603,25.47,2.81
9946 三發地產,202603,7470.62,12.01
9949 琉園,202603,-3.71,0.22
9950 萬國通,202603,-1.19,-0.32
9951 皇田,202603,17.17,2.8
9955 佳龍,202603,62.93,0.41
9958 世紀鋼,202603,16.63,4.49
9960 邁達康,202603,2.82,2.7
9962 有益,202603,-45.36,0.47
M1100 水泥工業類指數,202603,-9.12,0.6
M1200 食品工業類指數,202603,3.94,2.98
M1300 塑膠工業類指數,202603,-1.03,1.53
M1400 紡織纖維類指數,202603,-4.51,2.11
M1500 電機機械類指數,202603,10.68,2.46
M1600 電器電纜類指數,202603,-3.29,2.04
M1700 化學生技醫療類指數,202603,8.47,1.88
M1721 化學工業指數,202603,2.83,2.22
M1722 生技醫療指數,202603,17.19,1.58
M1800 玻璃陶瓷類指數,202603,2.47,2.48
M1900 造紙工業類指數,202603,0.17,0.49
M2000 鋼鐵工業類指數,202603,-2.83,0.8
M2100 橡膠類指數,202603,5.1,1.55
M2200 汽車工業類指數,202603,-5.75,1.12
M2300 電子類指數,202603,35.63,6.03
M2324 半導體業指數,202603,28.52,8.68
M2325 電腦及週邊設備業指數,202603,49.97,4.88
M2326 光電業指數,202603,6.34,1.23
M2327 通信網路業指數,202603,15.7,3.35
M2328 零組件指數,202603,19.87,3.96
M2329 電子通路業指數,202603,56.55,5.47
M2330 資訊服務業指數,202603,16.61,3.77
M2331 其他電子業指數,202603,27.26,3.06
M2500 建材營造類指數,202603,55.71,2.46
M2600 航運業類指數,202603,-4.75,2.34
M2700 觀光餐旅類指數,202603,3.52,2.74
M2800 金融保險類指數,202603,19.53,2.74
M2870 保險,202603,,5.74
M2871 壽險,202603,,-0.27
M28HO 金融控股,202603,17.4,3.61
M2900 貿易百貨類指數,202603,3.67,2.71
M3000 證券,202603,107.12,5.67
M3500 綠能環保,202603,14.94,4.11
M3600 數位雲端,202603,3.24,3.83
M3700 運動休閒,202603,-8.34,1.56
M3800 居家生活,202603,-3.16,3.63
M9700 油電燃氣業指數,202603,-0.01,5.3
M9900 其他類指數,202603,-2.08,2.4
O1721 OTC 化學工業,202603,36.63,2.3
O1722 OTC 生技醫療,202603,2.13,1.67
O2324 OTC 半導體業,202603,42.22,5.43
O2325 OTC 電腦及週邊設備業,202603,30.72,6.06
O2326 OTC 光電業,202603,8.89,1.91
O2327 OTC 通信網路業,202603,11.99,2.42
O2328 OTC 電子零組件,202603,11.51,2.59
O2329 OTC 電子通路業,202603,-1.78,3.74
O2330 OTC 資訊服務業,202603,4.25,3.73
O2331 OTC 其他電子業,202603,38.43,5.48
OTC12 OTC 食品工業,202603,3.69,3.51
OTC13 OTC 塑膠工業,202603,-1.68,0.15
OTC14 OTC 紡織纖維,202603,-7.99,2.65
OTC15 OTC 電機機械,202603,3.73,1.58
OTC16 OTC 電器電纜,202603,6.91,2.77
OTC17 OTC 化學生技,202603,5.71,1.75
OTC20 OTC 鋼鐵工業,202603,-0.59,2.47
OTC23 OTC 電子類,202603,26.06,4.45
OTC25 OTC 建材營造,202603,-6.05,2.5
OTC26 OTC 航運業,202603,-4.82,2.43
OTC27 OTC 觀光餐旅,202603,10.78,2.99
OTC28 OTC 金融業,202603,751.03,6.19
OTC30 OTC 證券類,202603,751.03,6.19
OTC32 OTC 文化創意業,202603,22.1,7.29
OTC33 OTC 農業科技,202603,3.69,1.24
OTC35 OTC 綠能環保,202603,4.69,3.17
OTC36 OTC 數位雲端,202603,8.58,2.21
OTC37 OTC 運動休閒,202603,-9.29,1.12
OTC38 OTC 居家生活,202603,9.84,5.23
OTC55 OTC 非電子,202603,7.13,2.72
OTC86 OTC 不含金融電子,202603,4.57,2.45
OTC88 OTC 非金融,202603,18.2,3.77
OTC89 OTC 其它,202603,-1.13,1.24
OTC97 OTC 油電燃氣業,202603,7.4,2.09
OTC99 OTC 指數,202603,19.09,3.82
T2810 銀行上市櫃及金控旗下,202603,11.56,2.69
T2870 產險上市櫃及金控旗下,202603,,6.06
T2871 壽險上市櫃及金控旗下,202603,,2.56
T3000 證券上市櫃及金控旗下,202603,103.48,6.11
Y5555 不含電子,202603,1.67,2.17
Y8886 未含金電,202603,1.12,2.08
Y8888 不含金融,202603,26.78,4.54
Y9999 加權指數,202603,26.72,4.45
